{
"type": "FeatureCollection",
"name": "batas_wilayah",
"crs": { "type": "name", "properties": { "name": "urn:ogc:def:crs:OGC:1.3:CRS84" } },
"features": [
{ "type": "Feature", "properties": { "OBJECTID_1": 1.0, "OBJECTID": 14242, "NAMOBJ": "Sidodadi", "FCODE": "BA03070040", "REMARK": null, "METADATA": "TASWIL1000020230928_DATA_BATAS_DESAKELURAHAN", "SRS_ID": "SRGI 2013", "KDBBPS": null, "KDCBPS": null, "KDCPUM": "18.09.10", "KDEBPS": null, "KDEPUM": "18.09.10.2007", "KDPBPS": null, "KDPKAB": "18.09", "KDPPUM": "18", "LUASWH": 623.28635643699999, "TIPADM": 1, "WADMKC": "Teluk Pandan", "WADMKD": "Sidodadi", "WADMKK": "Pesawaran", "WADMPR": "Lampung", "WIADKC": null, "WIADKK": null, "WIADPR": null, "WIADKD": null, "UUPP": "Hasil Delineasi Batas Desa 2019", "Shape_Leng": 0.15140073908900001, "Shape_Le_1": 16755.093024515983, "Shape_Area": 6227986.230936775 }, "geometry": { "type": "Polygon", "coordinates": [ [ [ 105.227125290204441, -5.540661039055539, 0.0 ], [ 105.227440532578555, -5.540881835598436, 0.0 ], [ 105.228039347272286, -5.540913166389682, 0.0 ], [ 105.228732661646475, -5.540818217632447, 0.0 ], [ 105.229299947152654, -5.540817998262048, 0.0 ], [ 105.229615165093463, -5.540975676017338, 0.0 ], [ 105.22986738855279, -5.54122805942864, 0.0 ], [ 105.230214285434258, -5.54179600205443, 0.0 ], [ 105.230435108000634, -5.542332434270937, 0.0 ], [ 105.230813454667484, -5.542742566180314, 0.0 ], [ 105.231128750366281, -5.543089603041047, 0.0 ], [ 105.231538507144776, -5.543215682620228, 0.0 ], [ 105.231948193794139, -5.543152402842273, 0.0 ], [ 105.232389340839006, -5.54296287164566, 0.0 ], [ 105.232861995896556, -5.542741763971018, 0.0 ], [ 105.233240136607591, -5.542615376332627, 0.0 ], [ 105.233712814965628, -5.542457390095712, 0.0 ], [ 105.234153999085578, -5.542362536240349, 0.0 ], [ 105.234500675635871, -5.542362399937764, 0.0 ], [ 105.234752851835978, -5.542488539679927, 0.0 ], [ 105.235036571951909, -5.542677786171504, 0.0 ], [ 105.235288864450609, -5.543087965108134, 0.0 ], [ 105.235509685726882, -5.543624396102868, 0.0 ], [ 105.23579353185751, -5.54412924083853, 0.0 ], [ 105.236045747588662, -5.544350058574875, 0.0 ], [ 105.236360983441841, -5.544539293603836, 0.0 ], [ 105.236707697120266, -5.544633835450993, 0.0 ], [ 105.237054373125474, -5.544633696692564, 0.0 ], [ 105.237306477882413, -5.544570472671107, 0.0 ], [ 105.237653040229759, -5.54428629690431, 0.0 ], [ 105.238031143736009, -5.544065224011275, 0.0 ], [ 105.238440686273933, -5.543654781029447, 0.0 ], [ 105.23910242107921, -5.543402036645787, 0.0 ], [ 105.239732653668284, -5.543180861721578, 0.0 ], [ 105.240268311795887, -5.542896604271863, 0.0 ], [ 105.240752259339445, -5.542682308625665, 0.0 ], [ 105.241309053430385, -5.542589507550191, 0.0 ], [ 105.241937231051992, -5.542660893132861, 0.0 ], [ 105.242651068928723, -5.542839353054091, 0.0 ], [ 105.243228155326292, -5.543099177209522, 0.0 ], [ 105.243886009578461, -5.543374729928765, 0.0 ], [ 105.244824983907108, -5.543490452671755, 0.0 ], [ 105.245869503711603, -5.543490018839894, 0.0 ], [ 105.246428968289393, -5.543543293745535, 0.0 ], [ 105.24644315343501, -5.543563599684266, 0.0 ], [ 105.246449485071025, -5.543574174079426, 0.0 ], [ 105.246460168185138, -5.543597056076359, 0.0 ], [ 105.246467900293084, -5.543621014012118, 0.0 ], [ 105.246470529054818, -5.543633183016857, 0.0 ], [ 105.246472132186355, -5.54364540039447, 0.0 ], [ 105.246472455060939, -5.543657618305136, 0.0 ], [ 105.246471265709189, -5.543669996061832, 0.0 ], [ 105.246468824073261, -5.543682336345142, 0.0 ], [ 105.246461435321194, -5.543706921158644, 0.0 ], [ 105.246452118013835, -5.543731402741639, 0.0 ], [ 105.246426874842967, -5.543792196804527, 0.0 ], [ 105.246418139689112, -5.543816221302325, 0.0 ], [ 105.246412094896471, -5.543839846639141, 0.0 ], [ 105.246410814919514, -5.543851410258955, 0.0 ], [ 105.246411275556568, -5.54386272528325, 0.0 ], [ 105.246413968995853, -5.543874101798053, 0.0 ], [ 105.246418500553503, -5.543885217916395, 0.0 ], [ 105.246431193861909, -5.543906933902401, 0.0 ], [ 105.246446636224007, -5.543928261558276, 0.0 ], [ 105.24650563660559, -5.544002687817619, 0.0 ], [ 105.24652877001499, -5.544036017722812, 0.0 ], [ 105.246547940728846, -5.544071433564251, 0.0 ], [ 105.246575879965278, -5.544132778113462, 0.0 ], [ 105.246694352797377, -5.544405061959742, 0.0 ], [ 105.246719645288977, -5.544467408133291, 0.0 ], [ 105.24672798657366, -5.544492869318848, 0.0 ], [ 105.246734240402944, -5.544518239101388, 0.0 ], [ 105.246750515884173, -5.54460853330825, 0.0 ], [ 105.246755865068579, -5.54463395412728, 0.0 ], [ 105.246762847237406, -5.544658665028952, 0.0 ], [ 105.246767368304759, -5.544670578134476, 0.0 ], [ 105.246777967651141, -5.544691683448793, 0.0 ], [ 105.246808828033352, -5.544742952713636, 0.0 ], [ 105.246820994108973, -5.544766855419761, 0.0 ], [ 105.246832004809846, -5.544791453369657, 0.0 ], [ 105.246867235012857, -5.544879550440869, 0.0 ], [ 105.246940079060849, -5.545071069961306, 0.0 ], [ 105.246950446912692, -5.545095616612139, 0.0 ], [ 105.246961973215718, -5.545118175289057, 0.0 ], [ 105.246968520385678, -5.545128082868647, 0.0 ], [ 105.246975876828955, -5.545136558068076, 0.0 ], [ 105.246984348385993, -5.545143047121066, 0.0 ], [ 105.246993289211247, -5.545146832919002, 0.0 ], [ 105.24700317190117, -5.54514887508578, 0.0 ], [ 105.24701374201031, -5.545149563626659, 0.0 ], [ 105.24702479470902, -5.545149188111323, 0.0 ], [ 105.247047714351794, -5.545145935415431, 0.0 ], [ 105.247070897315453, -5.545139754294735, 0.0 ], [ 105.247082917989644, -5.545135292123308, 0.0 ], [ 105.247106580287834, -5.545124564994025, 0.0 ], [ 105.247129859193493, -5.545112449404239, 0.0 ], [ 105.247164171634253, -5.545092963640926, 0.0 ], [ 105.247186520824968, -5.545079247227656, 0.0 ], [ 105.24720813198357, -5.545064589393491, 0.0 ], [ 105.247238575424916, -5.545040224719052, 0.0 ], [ 105.24727699757112, -5.545005265205006, 0.0 ], [ 105.247304105363, -5.544977609942694, 0.0 ], [ 105.247320490442078, -5.544957891933093, 0.0 ], [ 105.247335224100937, -5.544935807175045, 0.0 ], [ 105.247348446793723, -5.544912581394754, 0.0 ], [ 105.247397249957302, -5.54481670100605, 0.0 ], [ 105.247416656020462, -5.544781835373413, 0.0 ], [ 105.247431335689697, -5.544760206573426, 0.0 ], [ 105.247439649638451, -5.544750297308881, 0.0 ], [ 105.247448716954196, -5.544741299604574, 0.0 ], [ 105.247468759169678, -5.544725077393433, 0.0 ], [ 105.247501393030618, -5.544703126269905, 0.0 ], [ 105.247660319920442, -5.54460678275879, 0.0 ], [ 105.24771586263374, -5.544570953028658, 0.0 ], [ 105.247747041146184, -5.54454703762721, 0.0 ], [ 105.247797331329295, -5.544499020993389, 0.0 ], [ 105.247806226913028, -5.544491759356551, 0.0 ], [ 105.247826913882093, -5.54447800924019, 0.0 ], [ 105.24784897666747, -5.544466075965146, 0.0 ], [ 105.247871810040607, -5.544455214362847, 0.0 ], [ 105.247918714686108, -5.5444358408872, 0.0 ], [ 105.24795489673005, -5.544424629022879, 0.0 ], [ 105.247981260117172, -5.544419840583068, 0.0 ], [ 105.248008060329369, -5.54441683228699, 0.0 ], [ 105.248048595801521, -5.54441386256062, 0.0 ], [ 105.248089076674503, -5.544412032698474, 0.0 ], [ 105.248115704734261, -5.544411893982055, 0.0 ], [ 105.248141605906156, -5.54441371682478, 0.0 ], [ 105.248154077160621, -5.544415920722337, 0.0 ], [ 105.24816606232298, -5.544419442881265, 0.0 ], [ 105.248177463106373, -5.544424582778068, 0.0 ], [ 105.248188375992854, -5.544431042746341, 0.0 ], [ 105.248209247620252, -5.54444655306148, 0.0 ], [ 105.248229394163843, -5.544464017698414, 0.0 ], [ 105.248259028659021, -5.544491735142361, 0.0 ], [ 105.248297968701749, -5.544529636715798, 0.0 ], [ 105.248326283827723, -5.54455881208164, 0.0 ], [ 105.248344053431623, -5.544579130940391, 0.0 ], [ 105.248360853680907, -5.544600211910628, 0.0 ], [ 105.249439579573334, -5.546067179790579, 0.0 ], [ 105.2496166269855, -5.546306029978443, 0.0 ], [ 105.249631762785327, -5.546327916737272, 0.0 ], [ 105.249645212158455, -5.546350099119239, 0.0 ], [ 105.249650805638652, -5.546361388450811, 0.0 ], [ 105.24965320355129, -5.546367601397554, 0.0 ], [ 105.249655239924437, -5.546372878196479, 0.0 ], [ 105.249658084381423, -5.54638464543219, 0.0 ], [ 105.24965898934677, -5.54639608600734, 0.0 ], [ 105.249656900086208, -5.546419641853698, 0.0 ], [ 105.249639989142409, -5.546492018221674, 0.0 ], [ 105.249636466144253, -5.546515606335229, 0.0 ], [ 105.249636238016663, -5.546527054625587, 0.0 ], [ 105.249637562672461, -5.546538157593655, 0.0 ], [ 105.24964103444195, -5.54654949757554, 0.0 ], [ 105.249646244064522, -5.546560449638993, 0.0 ], [ 105.249660103811422, -5.546581594227216, 0.0 ], [ 105.249685355439965, -5.546612343976958, 0.0 ], [ 105.24977593738798, -5.546713624292704, 0.0 ], [ 105.249840503691857, -5.546785816089849, 0.0 ], [ 105.249868392764583, -5.546814788007906, 0.0 ], [ 105.249887795033473, -5.546831199896971, 0.0 ], [ 105.249897952285451, -5.546837663768119, 0.0 ], [ 105.249908562019868, -5.546842329932256, 0.0 ], [ 105.249918691329327, -5.546844611673404, 0.0 ], [ 105.249929097088454, -5.546845158201942, 0.0 ], [ 105.249939575326081, -5.546844151436245, 0.0 ], [ 105.249949921118585, -5.546841655692186, 0.0 ], [ 105.249959925883019, -5.546837621302843, 0.0 ], [ 105.249969875679994, -5.546831697147805, 0.0 ], [ 105.249979360831148, -5.546824412613421, 0.0 ], [ 105.249997441644808, -5.546807306410568, 0.0 ], [ 105.250032792212295, -5.546770276398757, 0.0 ], [ 105.250051627206489, -5.546753861019022, 0.0 ], [ 105.250061789723546, -5.546747096363926, 0.0 ], [ 105.250072553224157, -5.546741704695093, 0.0 ], [ 105.250083875198243, -5.54673750691212, 0.0 ], [ 105.250107664346643, -5.546732126924432, 0.0 ], [ 105.250132890663849, -5.54673057656536, 0.0 ], [ 105.25017234361539, -5.546733740590324, 0.0 ], [ 105.250266825098024, -5.546749215170498, 0.0 ], [ 105.250305090284513, -5.546755481692545, 0.0 ], [ 105.250344594661485, -5.546760692879843, 0.0 ], [ 105.250370522832711, -5.54676206057567, 0.0 ], [ 105.250383250312183, -5.54676154225944, 0.0 ], [ 105.250395737117543, -5.546759810020671, 0.0 ], [ 105.250407316904216, -5.546756793579666, 0.0 ], [ 105.250429855820258, -5.546747698760214, 0.0 ], [ 105.250451842011657, -5.546736059427349, 0.0 ], [ 105.250473420400581, -5.546722975559556, 0.0 ], [ 105.250504856408824, -5.546701645360694, 0.0 ], [ 105.250534076796399, -5.546678207387447, 0.0 ], [ 105.250542899628442, -5.54666971633787, 0.0 ], [ 105.250575352376231, -5.546633686242842, 0.0 ], [ 105.25058374601295, -5.54662654599892, 0.0 ], [ 105.250592848268795, -5.546621237346602, 0.0 ], [ 105.250602471587897, -5.546618329382531, 0.0 ], [ 105.25061283782027, -5.546617217714566, 0.0 ], [ 105.250623757176839, -5.546617458245848, 0.0 ], [ 105.250635075122673, -5.546618707279365, 0.0 ], [ 105.250658425165298, -5.546623307421769, 0.0 ], [ 105.250682090219783, -5.546629837022479, 0.0 ], [ 105.250705356008794, -5.546638033134515, 0.0 ], [ 105.250727357821191, -5.54664844976277, 0.0 ], [ 105.250737507855519, -5.546654913622331, 0.0 ], [ 105.250747242263003, -5.546662784369862, 0.0 ], [ 105.250756289994655, -5.54667161341983, 0.0 ], [ 105.250772998554822, -5.546691167323683, 0.0 ], [ 105.250796202079044, -5.546722952797071, 0.0 ], [ 105.250929272993815, -5.546920168951972, 0.0 ], [ 105.251030541852657, -5.54705641873588, 0.0 ], [ 105.251070723941552, -5.547107751644647, 0.0 ], [ 105.251088080023379, -5.547127645407342, 0.0 ], [ 105.251115775112282, -5.547156753040825, 0.0 ], [ 105.251201316185515, -5.547241926374805, 0.0 ], [ 105.251249957726301, -5.547287964450495, 0.0 ], [ 105.251290905112143, -5.547321356238888, 0.0 ], [ 105.251324411803083, -5.547345797984487, 0.0 ], [ 105.251408074680882, -5.547406827298717, 0.0 ], [ 105.251440378067599, -5.547429626726287, 0.0 ], [ 105.25147325889904, -5.547451499557297, 0.0 ], [ 105.251508096646788, -5.547472189192628, 0.0 ], [ 105.251555406229812, -5.547498403573296, 0.0 ], [ 105.251816822233678, -5.54764097906078, 0.0 ], [ 105.251825963940604, -5.547645659383607, 0.0 ], [ 105.251876785619004, -5.547671675030878, 0.0 ], [ 105.251901401201891, -5.54768188605131, 0.0 ], [ 105.251926630412868, -5.547689209205378, 0.0 ], [ 105.251952423639196, -5.547693751261435, 0.0 ], [ 105.252030326178883, -5.547703355180233, 0.0 ], [ 105.25205487739953, -5.547708693842226, 0.0 ], [ 105.252066434852679, -5.547712599666448, 0.0 ], [ 105.252077277764585, -5.547717752385858, 0.0 ], [ 105.252086560932838, -5.547723871922974, 0.0 ], [ 105.252095274827752, -5.547731017561846, 0.0 ], [ 105.252128510554741, -5.547763591163761, 0.0 ], [ 105.252147598368424, -5.547779181696894, 0.0 ], [ 105.25216960263684, -5.547793100119965, 0.0 ], [ 105.252204730222886, -5.547811604888182, 0.0 ], [ 105.252449235626429, -5.547926152566995, 0.0 ], [ 105.252486160901796, -5.547942685344663, 0.0 ], [ 105.252510331009134, -5.547951996414255, 0.0 ], [ 105.252522080640375, -5.547955572858998, 0.0 ], [ 105.252533448777044, -5.547958009622785, 0.0 ], [ 105.252544257361421, -5.547958853558137, 0.0 ], [ 105.252554266879699, -5.547957507706445, 0.0 ], [ 105.2525625356174, -5.547953916382326, 0.0 ], [ 105.252569915132568, -5.547948441981946, 0.0 ], [ 105.252576383058155, -5.54794156578221, 0.0 ], [ 105.252581838433883, -5.54793366596485, 0.0 ], [ 105.252586089071812, -5.54792503119141, 0.0 ], [ 105.252588849762205, -5.547915887743142, 0.0 ], [ 105.252589720607261, -5.547906405862755, 0.0 ], [ 105.252588385662492, -5.547896724094754, 0.0 ], [ 105.252585252144925, -5.547886898352752, 0.0 ], [ 105.252580812133758, -5.54787696732603, 0.0 ], [ 105.252544965424647, -5.547815002279799, 0.0 ], [ 105.252539275886349, -5.547803041779003, 0.0 ], [ 105.252529388927556, -5.547778362958351, 0.0 ], [ 105.25252081087929, -5.547753101896581, 0.0 ], [ 105.252509431977785, -5.547714723877799, 0.0 ], [ 105.252499624832382, -5.547676024041331, 0.0 ], [ 105.252494395151359, -5.547649894906633, 0.0 ], [ 105.252484981705649, -5.547583701149993, 0.0 ], [ 105.252426807334061, -5.547105887245645, 0.0 ], [ 105.252424513684588, -5.547079527078605, 0.0 ], [ 105.252423779407735, -5.547053455730254, 0.0 ], [ 105.25242611511699, -5.547027952993726, 0.0 ], [ 105.252428997291048, -5.547015739153448, 0.0 ], [ 105.252437495732096, -5.546991817807957, 0.0 ], [ 105.252453949046085, -5.546956623089885, 0.0 ], [ 105.252526950616186, -5.54681942441548, 0.0 ], [ 105.252558899167624, -5.546759380821434, 0.0 ], [ 105.252576834137059, -5.546724341970083, 0.0 ], [ 105.252593522020476, -5.546688769914407, 0.0 ], [ 105.252608260807023, -5.546651525110568, 0.0 ], [ 105.252618442020704, -5.54662299029606, 0.0 ], [ 105.252621742572629, -5.546613738060494, 0.0 ], [ 105.252768978256796, -5.546183097429529, 0.0 ], [ 105.252796723758522, -5.546107830565207, 0.0 ], [ 105.252830378271582, -5.54603414519556, 0.0 ], [ 105.253025112299838, -5.545632856894056, 0.0 ], [ 105.253059761882625, -5.545559563699987, 0.0 ], [ 105.253090303450179, -5.545486322920874, 0.0 ], [ 105.253190743625751, -5.545228372237156, 0.0 ], [ 105.253199149619206, -5.545207979008861, 0.0 ], [ 105.253215810081187, -5.545167562613678, 0.0 ], [ 105.253227127339869, -5.54514395667506, 0.0 ], [ 105.253240189337859, -5.54512130981036, 0.0 ], [ 105.253262806730135, -5.545089002752041, 0.0 ], [ 105.253326697386115, -5.545005385967181, 0.0 ], [ 105.253340646562137, -5.544984083917107, 0.0 ], [ 105.253351595233056, -5.5449620992451, 0.0 ], [ 105.253355198203238, -5.544950680268828, 0.0 ], [ 105.25335713626076, -5.544939182397187, 0.0 ], [ 105.253357871583759, -5.544927400079536, 0.0 ], [ 105.253357132950001, -5.544891191362735, 0.0 ], [ 105.253357854856418, -5.544867001943217, 0.0 ], [ 105.25335960481199, -5.544854785869662, 0.0 ], [ 105.253369942049687, -5.54480694419651, 0.0 ], [ 105.25337131842241, -5.544795203217694, 0.0 ], [ 105.253371273732981, -5.54478356416672, 0.0 ], [ 105.253369495715731, -5.544772319375265, 0.0 ], [ 105.253368994763832, -5.544770522979037, 0.0 ], [ 105.253366378781905, -5.544761141195579, 0.0 ], [ 105.253349970909653, -5.544716318892868, 0.0 ], [ 105.253347102168377, -5.544704917161233, 0.0 ], [ 105.253345525108656, -5.544692777596818, 0.0 ], [ 105.253345308681986, -5.544680683586471, 0.0 ], [ 105.253346273311294, -5.544668852320133, 0.0 ], [ 105.253348349583746, -5.544657536221492, 0.0 ], [ 105.253351580967845, -5.544647042848757, 0.0 ], [ 105.253356122015305, -5.544637752988298, 0.0 ], [ 105.253362256429668, -5.544630146881294, 0.0 ], [ 105.253369985291613, -5.544624641565282, 0.0 ], [ 105.253409855075319, -5.544606267584539, 0.0 ], [ 105.253476140827644, -5.544571030694872, 0.0 ], [ 105.253498634011464, -5.544560868310687, 0.0 ], [ 105.253521372349454, -5.544553945328653, 0.0 ], [ 105.253529503155377, -5.5445530770119, 0.0 ], [ 105.253561065777362, -5.544549706379386, 0.0 ], [ 105.253570776193186, -5.544547903799101, 0.0 ], [ 105.253581803173745, -5.54454443521635, 0.0 ], [ 105.253592613827692, -5.54453969570996, 0.0 ], [ 105.253613791615621, -5.544527599769529, 0.0 ], [ 105.253634608254046, -5.544513379893568, 0.0 ], [ 105.253727401377915, -5.544442832649463, 0.0 ], [ 105.253759226043044, -5.544420952100364, 0.0 ], [ 105.253781438335437, -5.544408464002504, 0.0 ], [ 105.253792164963812, -5.544403595165475, 0.0 ], [ 105.253858729630096, -5.544378869101689, 0.0 ], [ 105.253881045603293, -5.544368155855119, 0.0 ], [ 105.25391426660488, -5.544347496864762, 0.0 ], [ 105.253978666576273, -5.54430253587399, 0.0 ], [ 105.254000399066314, -5.544289174094066, 0.0 ], [ 105.254011475635039, -5.544283449315687, 0.0 ], [ 105.254022772920976, -5.544278705069738, 0.0 ], [ 105.254034372333706, -5.544275296843917, 0.0 ], [ 105.254046586374415, -5.544273484135109, 0.0 ], [ 105.254059114288154, -5.544273028247999, 0.0 ], [ 105.254084796877052, -5.544274638334029, 0.0 ], [ 105.2541373729741, -5.544280393682484, 0.0 ], [ 105.254150618223804, -5.544281022146106, 0.0 ], [ 105.254175704797262, -5.544280224338338, 0.0 ], [ 105.254213128194394, -5.54427549057972, 0.0 ], [ 105.254249695060906, -5.544267204674172, 0.0 ], [ 105.254272962733793, -5.544258824065268, 0.0 ], [ 105.254294540725951, -5.544247338559996, 0.0 ], [ 105.254315204112771, -5.544233730262126, 0.0 ], [ 105.254376007443753, -5.544189713407821, 0.0 ], [ 105.254397032942194, -5.544176264167861, 0.0 ], [ 105.254402215085534, -5.544173497367468, 0.0 ], [ 105.25441982588579, -5.544164090611336, 0.0 ], [ 105.254467198062244, -5.544142861014135, 0.0 ], [ 105.254539674753559, -5.544114266817239, 0.0 ], [ 105.254576287149789, -5.544102704274618, 0.0 ], [ 105.25460102804665, -5.544097991325697, 0.0 ], [ 105.254614056864227, -5.544097116364267, 0.0 ], [ 105.254640397278962, -5.544097902923159, 0.0 ], [ 105.254680280413183, -5.544102433377188, 0.0 ], [ 105.254867293582478, -5.544131628764249, 0.0 ], [ 105.254933524657304, -5.544143953973759, 0.0 ], [ 105.254959195920918, -5.544150743982494, 0.0 ], [ 105.254996610431789, -5.544163211865035, 0.0 ], [ 105.255042458929708, -5.544180717656946, 0.0 ], [ 105.255156861206657, -5.54422440034528, 0.0 ], [ 105.2551939610468, -5.544237845359301, 0.0 ], [ 105.25523146805358, -5.544249129015857, 0.0 ], [ 105.255257310037791, -5.544253985726889, 0.0 ], [ 105.255283934684286, -5.544256463806684, 0.0 ], [ 105.255324294128442, -5.544257928193994, 0.0 ], [ 105.255594855419417, -5.544259712963465, 0.0 ], [ 105.25563511761726, -5.544261788001966, 0.0 ], [ 105.25566160632053, -5.544265167142522, 0.0 ], [ 105.255687331393105, -5.544271085929705, 0.0 ], [ 105.255725393906815, -5.544282920238775, 0.0 ], [ 105.255951895662335, -5.544364595242214, 0.0 ], [ 105.255989906378957, -5.544375629856449, 0.0 ], [ 105.256015535135532, -5.544380109392147, 0.0 ], [ 105.25604109275865, -5.544380844662284, 0.0 ], [ 105.256079852174224, -5.544377734937244, 0.0 ], [ 105.256327001251066, -5.544341502151742, 0.0 ], [ 105.256392134871518, -5.544333781805824, 0.0 ], [ 105.256418244150737, -5.544332447914551, 0.0 ], [ 105.256444734360201, -5.544333027165618, 0.0 ], [ 105.256537450795634, -5.544340863665124, 0.0 ], [ 105.256563606419931, -5.544342314221907, 0.0 ], [ 105.256589188822645, -5.544341895140086, 0.0 ], [ 105.2566015962352, -5.544340472193832, 0.0 ], [ 105.256613607666964, -5.54433782815823, 0.0 ], [ 105.256625068631649, -5.544333738750176, 0.0 ], [ 105.256636121931322, -5.54432855128862, 0.0 ], [ 105.256639379596635, -5.544326786737382, 0.0 ], [ 105.256677847853339, -5.544305963390906, 0.0 ], [ 105.256687856313064, -5.544302337786053, 0.0 ], [ 105.256697706793332, -5.544300851717461, 0.0 ], [ 105.256707101602075, -5.544302088805539, 0.0 ], [ 105.256716613959881, -5.54430582535614, 0.0 ], [ 105.256727287791534, -5.544312562990312, 0.0 ], [ 105.256738841144184, -5.544321699341675, 0.0 ], [ 105.256751796133386, -5.544333839386188, 0.0 ], [ 105.256762711635616, -5.544344067911318, 0.0 ], [ 105.256806557705474, -5.544390956156361, 0.0 ], [ 105.256808950876945, -5.544390227789336, 0.0 ], [ 105.256814669889835, -5.544390892025683, 0.0 ], [ 105.256822924763043, -5.544393001677095, 0.0 ], [ 105.256863840442364, -5.544409233925992, 0.0 ], [ 105.256874786256702, -5.544412298610714, 0.0 ], [ 105.25688535203858, -5.544413442009934, 0.0 ], [ 105.25689608276582, -5.5444118533319, 0.0 ], [ 105.25690554573471, -5.544407851630896, 0.0 ], [ 105.256937287724313, -5.544385072647086, 0.0 ], [ 105.256944776912519, -5.544380783222945, 0.0 ], [ 105.256951993262035, -5.544378178352352, 0.0 ], [ 105.256958854001084, -5.544377932026237, 0.0 ], [ 105.256965782896529, -5.544380794909793, 0.0 ], [ 105.256972467233268, -5.54438601538496, 0.0 ], [ 105.256993580980478, -5.544405559958505, 0.0 ], [ 105.257001861362866, -5.544410284903536, 0.0 ], [ 105.25700884769887, -5.544412354394464, 0.0 ], [ 105.257016266837113, -5.544413102926504, 0.0 ], [ 105.257023903932136, -5.544412612914963, 0.0 ], [ 105.257031552239212, -5.544410908874823, 0.0 ], [ 105.257040751679924, -5.544407157870767, 0.0 ], [ 105.25704942859501, -5.544401854735418, 0.0 ], [ 105.257057321258287, -5.54439523931148, 0.0 ], [ 105.257064114633309, -5.544387455573148, 0.0 ], [ 105.257069924101231, -5.544378075576808, 0.0 ], [ 105.257079345019363, -5.544358270777676, 0.0 ], [ 105.257083640075564, -5.544350255632462, 0.0 ], [ 105.257084227364757, -5.544349160765909, 0.0 ], [ 105.257088792156907, -5.544342725000688, 0.0 ], [ 105.257093721312927, -5.54433746962919, 0.0 ], [ 105.257098759434598, -5.544333652584069, 0.0 ], [ 105.257103651159738, -5.544331615024594, 0.0 ], [ 105.257108133944811, -5.544331794004762, 0.0 ], [ 105.257112668730258, -5.544335301123925, 0.0 ], [ 105.25711649331285, -5.544341701582508, 0.0 ], [ 105.257119993569489, -5.544351815719179, 0.0 ], [ 105.257122870071683, -5.544360127184129, 0.0 ], [ 105.257135517989127, -5.544405400608678, 0.0 ], [ 105.257139761648787, -5.544416316835703, 0.0 ], [ 105.257144946622844, -5.544426376866594, 0.0 ], [ 105.257151432972151, -5.544435162602298, 0.0 ], [ 105.257159670244675, -5.544442495633842, 0.0 ], [ 105.257169160133657, -5.544448544440299, 0.0 ], [ 105.257210711212238, -5.544468422077824, 0.0 ], [ 105.257220011349247, -5.544474119966501, 0.0 ], [ 105.257241720690644, -5.544492958654477, 0.0 ], [ 105.25724838323697, -5.544497889651811, 0.0 ], [ 105.257255345588732, -5.544500862883075, 0.0 ], [ 105.257262609313472, -5.544501328327955, 0.0 ], [ 105.257288331284983, -5.544495862182073, 0.0 ], [ 105.257309952809663, -5.544493293562622, 0.0 ], [ 105.257333667105684, -5.544492666289273, 0.0 ], [ 105.257408462355329, -5.544493529354589, 0.0 ], [ 105.257432735899272, -5.544491687810467, 0.0 ], [ 105.257444409899605, -5.544489598447614, 0.0 ], [ 105.257455623843526, -5.544486355871824, 0.0 ], [ 105.257466085159521, -5.544481857986327, 0.0 ], [ 105.257505466988079, -5.544458714698979, 0.0 ], [ 105.257515424331572, -5.544453813563574, 0.0 ], [ 105.257525718100453, -5.54445020681794, 0.0 ], [ 105.257536411669577, -5.544448296998178, 0.0 ], [ 105.257547482352621, -5.544447819055331, 0.0 ], [ 105.257558821659572, -5.544448434702169, 0.0 ], [ 105.257581968960196, -5.544451982567898, 0.0 ], [ 105.257616775450671, -5.544460932376364, 0.0 ], [ 105.257649819965266, -5.544472908057671, 0.0 ], [ 105.257685748742588, -5.544490248791062, 0.0 ], [ 105.257695273261248, -5.544492860855743, 0.0 ], [ 105.257705088848311, -5.544494190922181, 0.0 ], [ 105.257714995122981, -5.544494364822205, 0.0 ], [ 105.257724791674633, -5.544493439635252, 0.0 ], [ 105.257734269939462, -5.544491409119707, 0.0 ], [ 105.257758837252155, -5.544482027280606, 0.0 ], [ 105.257766735292265, -5.544479498092846, 0.0 ], [ 105.257774705212157, -5.544478245317221, 0.0 ], [ 105.257784082622365, -5.544478909759988, 0.0 ], [ 105.257793750600825, -5.544481301933674, 0.0 ], [ 105.257825050222692, -5.544491968449893, 0.0 ], [ 105.257836785032239, -5.544494775855747, 0.0 ], [ 105.257874467142258, -5.544499563063424, 0.0 ], [ 105.257913961867914, -5.544501507107733, 0.0 ], [ 105.257994211794724, -5.544503500328, 0.0 ], [ 105.258033900697185, -5.544505585403073, 0.0 ], [ 105.258059582012692, -5.544508391246982, 0.0 ], [ 105.258096312206959, -5.544514562950845, 0.0 ], [ 105.258107673420923, -5.544515724073916, 0.0 ], [ 105.258118401196057, -5.544515658784603, 0.0 ], [ 105.258151969400743, -5.544508974251361, 0.0 ], [ 105.258158570590453, -5.544509819921934, 0.0 ], [ 105.258164491299638, -5.544513381611024, 0.0 ], [ 105.258169787246004, -5.544519061328935, 0.0 ], [ 105.258184984554703, -5.544540620352458, 0.0 ], [ 105.258190805284258, -5.544546806438214, 0.0 ], [ 105.258197551561778, -5.544551178321957, 0.0 ], [ 105.258204836666025, -5.544553054075717, 0.0 ], [ 105.258212966122684, -5.544553258595574, 0.0 ], [ 105.25824956407692, -5.544548063577457, 0.0 ], [ 105.258258865187216, -5.544547667810772, 0.0 ], [ 105.258267913185165, -5.544548633633815, 0.0 ], [ 105.258276540291533, -5.544551313023787, 0.0 ], [ 105.25828487994707, -5.544555285266011, 0.0 ], [ 105.258309232636748, -5.544569358033895, 0.0 ], [ 105.258317464692922, -5.544572963944437, 0.0 ], [ 105.258331146076102, -5.544575771395313, 0.0 ], [ 105.258337836213428, -5.544575612877422, 0.0 ], [ 105.258360661663289, -5.54456984308676, 0.0 ], [ 105.258381753193405, -5.544567249329774, 0.0 ], [ 105.258469221047392, -5.54456818362199, 0.0 ], [ 105.258482137014212, -5.544567323098704, 0.0 ], [ 105.258507917401531, -5.544563335956952, 0.0 ], [ 105.258559106736271, -5.544550379089277, 0.0 ], [ 105.258635468866004, -5.544527300988981, 0.0 ], [ 105.258685355381999, -5.544510235816674, 0.0 ], [ 105.258709058274974, -5.544500015717691, 0.0 ], [ 105.2587307990174, -5.544487191119733, 0.0 ], [ 105.258739967076366, -5.544479819744362, 0.0 ], [ 105.258756778351497, -5.544463213202076, 0.0 ], [ 105.258780353393661, -5.544437232562673, 0.0 ], [ 105.258796188291711, -5.544421823281608, 0.0 ], [ 105.258804386215346, -5.54441546823736, 0.0 ], [ 105.258833390249706, -5.544397984290778, 0.0 ], [ 105.258838477394335, -5.544392736978092, 0.0 ], [ 105.258842362673604, -5.544385057620913, 0.0 ], [ 105.258844360409427, -5.544376086362304, 0.0 ], [ 105.258844903298282, -5.544366341370322, 0.0 ], [ 105.258844314768311, -5.544356290201065, 0.0 ], [ 105.258838846643556, -5.544324292852104, 0.0 ], [ 105.258839434198265, -5.544317597373404, 0.0 ], [ 105.258842414967347, -5.544310279362133, 0.0 ], [ 105.258847433618257, -5.544303245420394, 0.0 ], [ 105.258853880654613, -5.54429634654953, 0.0 ], [ 105.258876945799074, -5.54427503767741, 0.0 ], [ 105.258891259855574, -5.544258672857466, 0.0 ], [ 105.258896800405978, -5.544249673814528, 0.0 ], [ 105.258915300926603, -5.544210281425882, 0.0 ], [ 105.258920767215741, -5.54420076405798, 0.0 ], [ 105.258935045279131, -5.544182612593866, 0.0 ], [ 105.258977127549102, -5.544140973622641, 0.0 ], [ 105.259007546294882, -5.544104725059396, 0.0 ], [ 105.259024693922626, -5.544089279917411, 0.0 ], [ 105.259061426571478, -5.544059706622024, 0.0 ], [ 105.259069593776275, -5.544051249210407, 0.0 ], [ 105.259077158201578, -5.544041482147538, 0.0 ], [ 105.259083894355385, -5.544030917556904, 0.0 ], [ 105.259095707420016, -5.544008213223349, 0.0 ], [ 105.259121698396825, -5.5439489019568, 0.0 ], [ 105.259132741714822, -5.543927107120179, 0.0 ], [ 105.25913885439175, -5.543917464627492, 0.0 ], [ 105.259145585197174, -5.5439091335884, 0.0 ], [ 105.259153166380884, -5.543902606023987, 0.0 ], [ 105.259161272286448, -5.543898515322983, 0.0 ], [ 105.259169999326701, -5.543896418170812, 0.0 ], [ 105.259178990846152, -5.543896255922181, 0.0 ], [ 105.259187864875642, -5.543897893048713, 0.0 ], [ 105.259214781088644, -5.543906466271049, 0.0 ], [ 105.259224141740901, -5.543908058856674, 0.0 ], [ 105.259234242890727, -5.543907929592828, 0.0 ], [ 105.25925531199934, -5.54390367580604, 0.0 ], [ 105.259288249606911, -5.543894119262764, 0.0 ], [ 105.259299481978431, -5.543891777663749, 0.0 ], [ 105.259310835856226, -5.543890634655901, 0.0 ], [ 105.259323012059525, -5.543891146774038, 0.0 ], [ 105.259335299957428, -5.543893131592724, 0.0 ], [ 105.259360080173565, -5.543900025832517, 0.0 ], [ 105.259447330193609, -5.54393372333343, 0.0 ], [ 105.259472105640825, -5.543942095748009, 0.0 ], [ 105.259496638039622, -5.543947989561563, 0.0 ], [ 105.259528048754447, -5.543952553255131, 0.0 ], [ 105.259539759324312, -5.543955685402839, 0.0 ], [ 105.259551405350621, -5.543959876004382, 0.0 ], [ 105.259574576429159, -5.543970344258301, 0.0 ], [ 105.259632274872374, -5.543999774850404, 0.0 ], [ 105.259655406645365, -5.544009132223522, 0.0 ], [ 105.259667008895761, -5.544012315075851, 0.0 ], [ 105.259678648405412, -5.544013985357846, 0.0 ], [ 105.259689547710366, -5.544013912728139, 0.0 ], [ 105.259733703847488, -5.54400753194304, 0.0 ], [ 105.259755031786625, -5.544006746404667, 0.0 ], [ 105.259786238416595, -5.54400708189868, 0.0 ], [ 105.259822900434273, -5.544003979183532, 0.0 ], [ 105.259831104260073, -5.54400496706482, 0.0 ], [ 105.259839827395595, -5.54400839633432, 0.0 ], [ 105.259848316662868, -5.544013827668893, 0.0 ], [ 105.259883347414117, -5.544044219865216, 0.0 ], [ 105.259902195215517, -5.544057930415184, 0.0 ], [ 105.259933127812161, -5.544075769850257, 0.0 ], [ 105.259954901859473, -5.544085515896995, 0.0 ], [ 105.259977501775822, -5.544092628180743, 0.0 ], [ 105.259990085073269, -5.544094974710715, 0.0 ], [ 105.260015781551104, -5.54409738332771, 0.0 ], [ 105.260067296347231, -5.544100032089008, 0.0 ], [ 105.260091874864301, -5.544104002597996, 0.0 ], [ 105.260103477343023, -5.544107698370836, 0.0 ], [ 105.260114192923098, -5.54411279581648, 0.0 ], [ 105.260124416968893, -5.544119092122452, 0.0 ], [ 105.260143869274259, -5.544133904246968, 0.0 ], [ 105.260180738557196, -5.544164946955337, 0.0 ], [ 105.260198664685092, -5.54417690923645, 0.0 ], [ 105.260207516209164, -5.544180744626025, 0.0 ], [ 105.260216272899683, -5.544182442399095, 0.0 ], [ 105.260223677921445, -5.544181882791475, 0.0 ], [ 105.260255839683722, -5.544171676101293, 0.0 ], [ 105.26026538841154, -5.544169772164077, 0.0 ], [ 105.260274471808714, -5.544169114116957, 0.0 ], [ 105.260282607927053, -5.544170111972626, 0.0 ], [ 105.26028923542134, -5.544173300618657, 0.0 ], [ 105.260293687065911, -5.544178654114042, 0.0 ], [ 105.26029679063366, -5.544185828332589, 0.0 ], [ 105.260304711878462, -5.544221879170355, 0.0 ], [ 105.260307613809303, -5.544230431240178, 0.0 ], [ 105.260311764817175, -5.544237880912333, 0.0 ], [ 105.260316432136847, -5.544242984632743, 0.0 ], [ 105.260321996610358, -5.544247425763974, 0.0 ], [ 105.260344432765109, -5.54426197331953, 0.0 ], [ 105.260361903209301, -5.544270396854547, 0.0 ], [ 105.260370984332653, -5.54427278833935, 0.0 ], [ 105.260397340906891, -5.54427335661659, 0.0 ], [ 105.260419030331335, -5.54427539155408, 0.0 ], [ 105.260441854112997, -5.544280315403237, 0.0 ], [ 105.260464800976834, -5.544287966678889, 0.0 ], [ 105.260476106071408, -5.544292927257996, 0.0 ], [ 105.260498291732603, -5.54430448870986, 0.0 ], [ 105.260563355862118, -5.544342311904274, 0.0 ], [ 105.260585046181163, -5.544352556418812, 0.0 ], [ 105.260595970688527, -5.544356411696267, 0.0 ], [ 105.260606980421073, -5.54435902034577, 0.0 ], [ 105.260617748441419, -5.544360150924102, 0.0 ], [ 105.260660636118899, -5.544360054238553, 0.0 ], [ 105.260701342814073, -5.544364827268612, 0.0 ], [ 105.260740358028443, -5.54436246616655, 0.0 ], [ 105.260761500684936, -5.544365326361365, 0.0 ], [ 105.260793995872092, -5.54437219090571, 0.0 ], [ 105.260831166236997, -5.544377365334666, 0.0 ], [ 105.260851608100566, -5.544383943894371, 0.0 ], [ 105.26090183532169, -5.544404825209289, 0.0 ], [ 105.260930216799323, -5.54441311636311, 0.0 ], [ 105.260969139756455, -5.544428876076146, 0.0 ], [ 105.260992823272218, -5.544434256366299, 0.0 ], [ 105.26106807988964, -5.544441349907371, 0.0 ], [ 105.261091715860744, -5.544445371449271, 0.0 ], [ 105.2611026436999, -5.544448579900005, 0.0 ], [ 105.261134513421879, -5.544462085643438, 0.0 ], [ 105.261143820256137, -5.544464454400568, 0.0 ], [ 105.261172599140465, -5.54446896036475, 0.0 ], [ 105.261181914951479, -5.544471210609824, 0.0 ], [ 105.261211806702093, -5.544483106967468, 0.0 ], [ 105.261263887271923, -5.544495216069656, 0.0 ], [ 105.261302966442543, -5.544510987451351, 0.0 ], [ 105.261311542203899, -5.544513910166557, 0.0 ], [ 105.26133045990521, -5.544518114709366, 0.0 ], [ 105.261334232135155, -5.54452033664209, 0.0 ], [ 105.261336277797696, -5.544523938004379, 0.0 ], [ 105.261338689145177, -5.54453991464295, 0.0 ], [ 105.261340792669699, -5.544545747719795, 0.0 ], [ 105.261344990945773, -5.544551836788606, 0.0 ], [ 105.261364629215933, -5.54457265196144, 0.0 ], [ 105.261411889019897, -5.544629002654694, 0.0 ], [ 105.261429039139685, -5.544646013115184, 0.0 ], [ 105.261438009403776, -5.544652925104458, 0.0 ], [ 105.261447316605029, -5.544658170602903, 0.0 ], [ 105.261456350156621, -5.544661176340249, 0.0 ], [ 105.261465369380701, -5.544662399043775, 0.0 ], [ 105.261473987898242, -5.54466194291745, 0.0 ], [ 105.261481777744038, -5.544659788248378, 0.0 ], [ 105.261488248600884, -5.54465579141592, 0.0 ], [ 105.261493299952505, -5.544649273986567, 0.0 ], [ 105.261496426561152, -5.544641064831322, 0.0 ], [ 105.261497793937977, -5.544631817025195, 0.0 ], [ 105.261497411356174, -5.54462208601135, 0.0 ], [ 105.261495142701065, -5.544612365781861, 0.0 ], [ 105.261491517691439, -5.544604114377901, 0.0 ], [ 105.261476357738033, -5.54457948780356, 0.0 ], [ 105.261455121913741, -5.544541376676092, 0.0 ], [ 105.26144857060919, -5.544532848840904, 0.0 ], [ 105.261440684349793, -5.544525178286818, 0.0 ], [ 105.261431842323461, -5.544518333183999, 0.0 ], [ 105.261366648689361, -5.544475666718039, 0.0 ], [ 105.261329092690346, -5.544459994178045, 0.0 ], [ 105.261319770294961, -5.544455090637101, 0.0 ], [ 105.261282790596141, -5.54443182431433, 0.0 ], [ 105.261273077988889, -5.544426519285914, 0.0 ], [ 105.261250719142183, -5.544417425791007, 0.0 ], [ 105.261239160982527, -5.544413937183668, 0.0 ], [ 105.261215988548869, -5.544408701419839, 0.0 ], [ 105.261195447231543, -5.5444059242027, 0.0 ], [ 105.26116538425876, -5.544405020167124, 0.0 ], [ 105.261159220055518, -5.544404181574492, 0.0 ], [ 105.261150473606733, -5.54440114766189, 0.0 ], [ 105.261141680299446, -5.544396264691218, 0.0 ], [ 105.261123942162854, -5.544382749999423, 0.0 ], [ 105.261069149770705, -5.54433241934581, 0.0 ], [ 105.261053547819415, -5.544320987089097, 0.0 ], [ 105.261049751871354, -5.544318205194447, 0.0 ], [ 105.261039588704861, -5.544312819848005, 0.0 ], [ 105.261028973068107, -5.544309177937017, 0.0 ], [ 105.26101753404086, -5.544307634242834, 0.0 ], [ 105.261005621798006, -5.544307881034305, 0.0 ], [ 105.260999369006214, -5.544308849039689, 0.0 ], [ 105.260980841747653, -5.544311717672713, 0.0 ], [ 105.260929582955555, -5.544322573304723, 0.0 ], [ 105.260916777424001, -5.544324059841344, 0.0 ], [ 105.26090412573069, -5.544324291577946, 0.0 ], [ 105.260892320258932, -5.544323014910883, 0.0 ], [ 105.260880857299711, -5.544320429082432, 0.0 ], [ 105.260869883207931, -5.544316742094662, 0.0 ], [ 105.260859599372921, -5.544312070557091, 0.0 ], [ 105.260850279379085, -5.544306454153181, 0.0 ], [ 105.260842291575116, -5.544299850202706, 0.0 ], [ 105.260836122550273, -5.544292138174506, 0.0 ], [ 105.260832532034414, -5.544284282981841, 0.0 ], [ 105.260830643214334, -5.544275977434488, 0.0 ], [ 105.260830588033386, -5.544275735015997, 0.0 ], [ 105.260830111010037, -5.54426679560035, 0.0 ], [ 105.260831018927433, -5.544257746113254, 0.0 ], [ 105.26083332273781, -5.544248855227156, 0.0 ], [ 105.260837132713618, -5.544240404235644, 0.0 ], [ 105.260843028334691, -5.54423203555159, 0.0 ], [ 105.260850442000461, -5.544224430616956, 0.0 ], [ 105.260859017058934, -5.544217539833853, 0.0 ], [ 105.260878684414592, -5.544205957235702, 0.0 ], [ 105.260889483353481, -5.544201428384601, 0.0 ], [ 105.260914371386619, -5.5441947230977, 0.0 ], [ 105.26094048307742, -5.544190714898741, 0.0 ], [ 105.260967075719165, -5.544188139432076, 0.0 ], [ 105.261007100334439, -5.544185814053428, 0.0 ], [ 105.261033616246323, -5.544185325615869, 0.0 ], [ 105.261059845710875, -5.544186345333837, 0.0 ], [ 105.261072802399653, -5.544187785229237, 0.0 ], [ 105.261098179580074, -5.544192952178777, 0.0 ], [ 105.261148091957011, -5.544208269188202, 0.0 ], [ 105.261284168890271, -5.54425644891482, 0.0 ], [ 105.26133335386028, -5.544274477427149, 0.0 ], [ 105.261369400021877, -5.544289600614816, 0.0 ], [ 105.261381035020875, -5.54429536434849, 0.0 ], [ 105.261402686630277, -5.544307893963341, 0.0 ], [ 105.261433905998743, -5.544328944652766, 0.0 ], [ 105.261473683270111, -5.544359523722513, 0.0 ], [ 105.261492226334553, -5.544376161760316, 0.0 ], [ 105.261500877856164, -5.544385059568455, 0.0 ], [ 105.261509368193089, -5.544394928123435, 0.0 ], [ 105.261525022198569, -5.544415885270226, 0.0 ], [ 105.261553662413874, -5.544460206171825, 0.0 ], [ 105.261587013085844, -5.544517340081033, 0.0 ], [ 105.261604556823116, -5.544552734400526, 0.0 ], [ 105.26162422183323, -5.544601450374287, 0.0 ], [ 105.26168844726817, -5.54477448631923, 0.0 ], [ 105.261700501415675, -5.54481146889139, 0.0 ], [ 105.261706191219801, -5.544835992899825, 0.0 ], [ 105.261707689018323, -5.544848178605574, 0.0 ], [ 105.261707833393913, -5.544860289824928, 0.0 ], [ 105.261706285868513, -5.544872542915873, 0.0 ], [ 105.261703339775735, -5.544884718826482, 0.0 ], [ 105.261699379745394, -5.544896841811861, 0.0 ], [ 105.261689501333251, -5.544920990043063, 0.0 ], [ 105.261666247657928, -5.544969142404626, 0.0 ], [ 105.261635368084967, -5.545028871160958, 0.0 ], [ 105.261615481451017, -5.545063297780736, 0.0 ], [ 105.261600410236454, -5.545084407820505, 0.0 ], [ 105.261591841752107, -5.54509393291504, 0.0 ], [ 105.26158283389374, -5.545102134719418, 0.0 ], [ 105.261562909596279, -5.545116649384187, 0.0 ], [ 105.26154147414735, -5.545129661209127, 0.0 ], [ 105.261475165276181, -5.545166714599508, 0.0 ], [ 105.26145423295425, -5.545180263553648, 0.0 ], [ 105.261435242660454, -5.545195800041778, 0.0 ], [ 105.261418733138115, -5.54521477215029, 0.0 ], [ 105.261404278553428, -5.545235849346123, 0.0 ], [ 105.261384451086698, -5.54526936315374, 0.0 ], [ 105.261333565283635, -5.545360672572073, 0.0 ], [ 105.26131987928575, -5.545382333822274, 0.0 ], [ 105.261304657605749, -5.545402143957889, 0.0 ], [ 105.261296030051227, -5.545410816906277, 0.0 ], [ 105.26128688272135, -5.545418059852587, 0.0 ], [ 105.261215981795175, -5.545461169980531, 0.0 ], [ 105.261207479731993, -5.545467779394761, 0.0 ], [ 105.261201450390331, -5.545473888357617, 0.0 ], [ 105.261198469322295, -5.545478417382916, 0.0 ], [ 105.261197326021573, -5.545481896217789, 0.0 ], [ 105.261197964348412, -5.54548395579502, 0.0 ], [ 105.261116220763768, -5.54553080775405, 0.0 ], [ 105.261090079345593, -5.545547423905752, 0.0 ], [ 105.261069658720956, -5.545562563878291, 0.0 ], [ 105.261060325771808, -5.545570661785392, 0.0 ], [ 105.26104281728658, -5.545588783061292, 0.0 ], [ 105.260994559950788, -5.545647920583632, 0.0 ], [ 105.260977843606895, -5.545666803212937, 0.0 ], [ 105.260959632198805, -5.545683809378866, 0.0 ], [ 105.260937977250009, -5.545698717399759, 0.0 ], [ 105.260902563318169, -5.545717174950923, 0.0 ], [ 105.260877891796184, -5.54572773480386, 0.0 ], [ 105.260852555978772, -5.545736723593743, 0.0 ], [ 105.260815053444816, -5.545746331994279, 0.0 ], [ 105.260714076332775, -5.545766992273393, 0.0 ], [ 105.260690176930808, -5.545773841861082, 0.0 ], [ 105.260668107833723, -5.545783207342409, 0.0 ], [ 105.26065819441591, -5.545789433804736, 0.0 ], [ 105.260649551792241, -5.545796720846618, 0.0 ], [ 105.26064163370458, -5.545805009907329, 0.0 ], [ 105.260605469990892, -5.545851393019722, 0.0 ], [ 105.26059760165225, -5.545859893743097, 0.0 ], [ 105.260589031391603, -5.545867490138251, 0.0 ], [ 105.260578805880385, -5.545874399737913, 0.0 ], [ 105.260567731195891, -5.545880212386338, 0.0 ], [ 105.260543878060304, -5.545889637450362, 0.0 ], [ 105.260492869962306, -5.545904251708203, 0.0 ], [ 105.260283022275573, -5.545956705367857, 0.0 ], [ 105.260256954688757, -5.545962652159727, 0.0 ], [ 105.260231226012934, -5.545967308788613, 0.0 ], [ 105.26020623199004, -5.545969270178815, 0.0 ], [ 105.260194220859233, -5.545968509233036, 0.0 ], [ 105.260182704635852, -5.54596600211941, 0.0 ], [ 105.260172018171843, -5.545961496296888, 0.0 ], [ 105.260161804988726, -5.545955340207633, 0.0 ], [ 105.260142305402098, -5.545939911145574, 0.0 ], [ 105.260105011301917, -5.545905987358601, 0.0 ], [ 105.260086735101837, -5.54589262756692, 0.0 ], [ 105.260077701890708, -5.545888367077231, 0.0 ], [ 105.260068786241817, -5.545886602430059, 0.0 ], [ 105.260060184308529, -5.545887863656693, 0.0 ], [ 105.260051861550238, -5.545891621559496, 0.0 ], [ 105.260043963065684, -5.545897277204801, 0.0 ], [ 105.260036675553948, -5.545904388142922, 0.0 ], [ 105.26003025078046, -5.545912649400493, 0.0 ], [ 105.26002501459385, -5.5459218663373, 0.0 ], [ 105.260021394006671, -5.545931942874156, 0.0 ], [ 105.260019781358366, -5.545941950680814, 0.0 ], [ 105.260020131147883, -5.545963447423582, 0.0 ], [ 105.260025348024001, -5.54601118012804, 0.0 ], [ 105.260026863115257, -5.546038188313765, 0.0 ], [ 105.260027751238241, -5.546120013272724, 0.0 ], [ 105.260027200860492, -5.54617448082224, 0.0 ], [ 105.260025840830025, -5.546215005552702, 0.0 ], [ 105.260023566389052, -5.546241529613433, 0.0 ], [ 105.260018812274382, -5.546267121178211, 0.0 ], [ 105.260014845906525, -5.54627930205336, 0.0 ], [ 105.260009569144458, -5.546290710944098, 0.0 ], [ 105.260003157284331, -5.546301668919594, 0.0 ], [ 105.259988039867395, -5.546322624248886, 0.0 ], [ 105.259971053082907, -5.546342580775009, 0.0 ], [ 105.259952939910448, -5.546361360862463, 0.0 ], [ 105.259933882337094, -5.546378069744872, 0.0 ], [ 105.259923928622428, -5.546385095912663, 0.0 ], [ 105.259913601431975, -5.546390768002328, 0.0 ], [ 105.259904384714474, -5.546394262141971, 0.0 ], [ 105.259894994074969, -5.546396449156976, 0.0 ], [ 105.259885597437901, -5.546397309976187, 0.0 ], [ 105.259876360882927, -5.546396735970153, 0.0 ], [ 105.259867460383134, -5.546394531659921, 0.0 ], [ 105.259858428034434, -5.546390193368048, 0.0 ], [ 105.25984983556495, -5.546384212061483, 0.0 ], [ 105.259841545039521, -5.546377051879755, 0.0 ], [ 105.259808990159996, -5.546343351248389, 0.0 ], [ 105.259791364600744, -5.54632720307015, 0.0 ], [ 105.259769534179512, -5.546312608190547, 0.0 ], [ 105.259745925580006, -5.546301137803399, 0.0 ], [ 105.259733718667363, -5.546296581980955, 0.0 ], [ 105.25972133520807, -5.546292974295671, 0.0 ], [ 105.259708824962033, -5.546290549026756, 0.0 ], [ 105.259696467018628, -5.546289544875955, 0.0 ], [ 105.259684155671081, -5.546289798150331, 0.0 ], [ 105.259672032621523, -5.54629120023122, 0.0 ], [ 105.259660253164114, -5.546293754669023, 0.0 ], [ 105.259649005145562, -5.546297578079545, 0.0 ], [ 105.259638517993736, -5.546302900140017, 0.0 ], [ 105.259629114969158, -5.546309801221348, 0.0 ], [ 105.25961239431517, -5.546327229159615, 0.0 ], [ 105.259597334355121, -5.546347471600144, 0.0 ], [ 105.259547142828964, -5.54642303083802, 0.0 ], [ 105.25953118705128, -5.546442881057395, 0.0 ], [ 105.25952242238904, -5.546451941226451, 0.0 ], [ 105.259503259669046, -5.546467737362704, 0.0 ], [ 105.259451071296283, -5.546502672920153, 0.0 ], [ 105.259431077637814, -5.546517783703483, 0.0 ], [ 105.259412516942476, -5.546535231440754, 0.0 ], [ 105.259360291774442, -5.546591378038507, 0.0 ], [ 105.259341255704157, -5.546607763937862, 0.0 ], [ 105.259319504380116, -5.546621307751654, 0.0 ], [ 105.259284121107555, -5.546637858221309, 0.0 ], [ 105.259234955024567, -5.546657228150623, 0.0 ], [ 105.259073502273708, -5.546717867059539, 0.0 ], [ 105.259037810641928, -5.546733342036212, 0.0 ], [ 105.259015823910133, -5.546745393290736, 0.0 ], [ 105.259005835856073, -5.546752389605785, 0.0 ], [ 105.258996841374099, -5.546760350733763, 0.0 ], [ 105.258989117672201, -5.546769341687252, 0.0 ], [ 105.258956073645464, -5.546820959381334, 0.0 ], [ 105.258948148058536, -5.546830771833434, 0.0 ], [ 105.258930329878197, -5.546849100348288, 0.0 ], [ 105.258900820967099, -5.54687472716548, 0.0 ], [ 105.258807387576482, -5.546948454380206, 0.0 ], [ 105.258776881787725, -5.546973842803441, 0.0 ], [ 105.258748288945739, -5.547000792697255, 0.0 ], [ 105.258704362142524, -5.547047107630905, 0.0 ], [ 105.258686100682297, -5.547063457890842, 0.0 ], [ 105.258676418645777, -5.547070351842828, 0.0 ], [ 105.258666160011501, -5.547075938845794, 0.0 ], [ 105.258654971661855, -5.547079995608658, 0.0 ], [ 105.258643175088281, -5.547082685730148, 0.0 ], [ 105.258618366396277, -5.547085332689711, 0.0 ], [ 105.258592608773554, -5.547085863211574, 0.0 ], [ 105.258500510258685, -5.547084020008485, 0.0 ], [ 105.25846156961093, -5.54708597385194, 0.0 ], [ 105.258437383807617, -5.547090494940469, 0.0 ], [ 105.258387496327586, -5.547105853050406, 0.0 ], [ 105.258357140634075, -5.547113128737572, 0.0 ], [ 105.258342581137029, -5.547115469060513, 0.0 ], [ 105.258316197812377, -5.547118043419542, 0.0 ], [ 105.258289723206275, -5.547118330893926, 0.0 ], [ 105.258298085367883, -5.547252847728451, 0.0 ], [ 105.258300520301262, -5.547306598409961, 0.0 ], [ 105.258299994181144, -5.547346615274782, 0.0 ], [ 105.258297044632116, -5.547371788098167, 0.0 ], [ 105.258288800592098, -5.547407147641089, 0.0 ], [ 105.258276881400178, -5.54744139065677, 0.0 ], [ 105.258265899764453, -5.54746405661818, 0.0 ], [ 105.25823869074982, -5.547509187287194, 0.0 ], [ 105.258226003679496, -5.547532043061686, 0.0 ], [ 105.258220642181072, -5.547543861775833, 0.0 ], [ 105.258212502845623, -5.547568789898327, 0.0 ], [ 105.258206734856429, -5.547594683138351, 0.0 ], [ 105.258202211239194, -5.547621087859872, 0.0 ], [ 105.258185733139072, -5.547741797201015, 0.0 ], [ 105.258179318570015, -5.547781939666457, 0.0 ], [ 105.258173540823961, -5.547808241806488, 0.0 ], [ 105.25816978687476, -5.547821094723712, 0.0 ], [ 105.258160564387552, -5.547844622035011, 0.0 ], [ 105.25814905805386, -5.547867009595187, 0.0 ], [ 105.258142510576334, -5.547877653702338, 0.0 ], [ 105.258127520668069, -5.547897244739031, 0.0 ], [ 105.258118640293034, -5.547906067924343, 0.0 ], [ 105.25810905711424, -5.547914032915314, 0.0 ], [ 105.258088393570077, -5.547927350957351, 0.0 ], [ 105.258077505413567, -5.547932469623392, 0.0 ], [ 105.258066315115897, -5.547936245939199, 0.0 ], [ 105.258057289044686, -5.547938070007693, 0.0 ], [ 105.2580481821402, -5.547938794072265, 0.0 ], [ 105.258039085557854, -5.547938339389653, 0.0 ], [ 105.258028160821112, -5.547936154933111, 0.0 ], [ 105.258006798218659, -5.547928149164681, 0.0 ], [ 105.257976460911436, -5.547913430377196, 0.0 ], [ 105.257958250639163, -5.547906392098676, 0.0 ], [ 105.257950167610829, -5.547905094755229, 0.0 ], [ 105.25794305797406, -5.547906108335738, 0.0 ], [ 105.257937197278778, -5.547909837092998, 0.0 ], [ 105.257932206107142, -5.547915789069736, 0.0 ], [ 105.257927784433434, -5.547923333864582, 0.0 ], [ 105.257910676591692, -5.547960017134126, 0.0 ], [ 105.257905280391327, -5.54796887498262, 0.0 ], [ 105.257898841000809, -5.547976861215475, 0.0 ], [ 105.257890489046915, -5.54798417794585, 0.0 ], [ 105.257880991827008, -5.547990503692855, 0.0 ], [ 105.257849786399618, -5.548007982227275, 0.0 ], [ 105.25783972870083, -5.548014774106253, 0.0 ], [ 105.257830426286404, -5.5480226892155, 0.0 ], [ 105.257813590431823, -5.548041193675308, 0.0 ], [ 105.257812071801823, -5.54804325600591, 0.0 ], [ 105.257798407741447, -5.548061813361008, 0.0 ], [ 105.257784605930013, -5.548083345223653, 0.0 ], [ 105.257772634235039, -5.548104889857957, 0.0 ], [ 105.257763980170978, -5.548125500365042, 0.0 ], [ 105.257761805698053, -5.548135050665147, 0.0 ], [ 105.25776185734199, -5.548143785821442, 0.0 ], [ 105.257764461845355, -5.548151485864619, 0.0 ], [ 105.257773596232852, -5.548168305425476, 0.0 ], [ 105.257779355713424, -5.548178910693485, 0.0 ], [ 105.257783009778578, -5.548189679713812, 0.0 ], [ 105.257784686107968, -5.548201477264189, 0.0 ], [ 105.257784611727573, -5.548213159784028, 0.0 ], [ 105.257781592866337, -5.548232630705977, 0.0 ], [ 105.257778088963121, -5.548241238048736, 0.0 ], [ 105.257790699412539, -5.548339206592098, 0.0 ], [ 105.257796069334788, -5.548369629016416, 0.0 ], [ 105.257802255379531, -5.548393650775314, 0.0 ], [ 105.257810984703141, -5.548415362790831, 0.0 ], [ 105.257816837669196, -5.548425010006501, 0.0 ], [ 105.257823309293954, -5.548433024986545, 0.0 ], [ 105.257844469571552, -5.548455356686672, 0.0 ], [ 105.257850459101448, -5.548463454198571, 0.0 ], [ 105.257855319651327, -5.548472720089487, 0.0 ], [ 105.257858867756724, -5.548482734687708, 0.0 ], [ 105.257861199027261, -5.548493280838581, 0.0 ], [ 105.257862314289156, -5.548504182137489, 0.0 ], [ 105.257862122287861, -5.548515289359056, 0.0 ], [ 105.257860366045861, -5.548527385126673, 0.0 ], [ 105.257857343106295, -5.548539541152616, 0.0 ], [ 105.257843851206815, -5.548576170374946, 0.0 ], [ 105.25779322825079, -5.548686257865277, 0.0 ], [ 105.257763696338401, -5.54874656934275, 0.0 ], [ 105.257750448637083, -5.548769639751571, 0.0 ], [ 105.257736065039879, -5.548790430968965, 0.0 ], [ 105.25772003307236, -5.548809760105716, 0.0 ], [ 105.257702107819568, -5.548827079962806, 0.0 ], [ 105.25769221389767, -5.548834731173966, 0.0 ], [ 105.257671033129498, -5.54884841942498, 0.0 ], [ 105.257580376284196, -5.548896673377434, 0.0 ], [ 105.257547351624126, -5.548916471275986, 0.0 ], [ 105.257536887869463, -5.548923847723073, 0.0 ], [ 105.257516587781865, -5.548940518174811, 0.0 ], [ 105.257468644628602, -5.548984396775853, 0.0 ], [ 105.257449257347801, -5.548999009682563, 0.0 ], [ 105.257439294787019, -5.549004544972713, 0.0 ], [ 105.257429067798839, -5.54900825934273, 0.0 ], [ 105.257419072758964, -5.549009686688259, 0.0 ], [ 105.257409018230888, -5.549009264980652, 0.0 ], [ 105.25739915893341, -5.549007247407513, 0.0 ], [ 105.257389770299511, -5.549003767735307, 0.0 ], [ 105.257381163827944, -5.548998846635127, 0.0 ], [ 105.257373705140438, -5.548992391674883, 0.0 ], [ 105.257369771773853, -5.548987140157324, 0.0 ], [ 105.257367476255695, -5.548984074435543, 0.0 ], [ 105.257348080673268, -5.548944133183633, 0.0 ], [ 105.257342678769405, -5.548935706122958, 0.0 ], [ 105.257336623627381, -5.548928290731109, 0.0 ], [ 105.257330057132421, -5.548922198141605, 0.0 ], [ 105.257323097733533, -5.548917828152612, 0.0 ], [ 105.257315844068401, -5.54891569998308, 0.0 ], [ 105.257307659884873, -5.548916437205023, 0.0 ], [ 105.257299515731802, -5.548919959788041, 0.0 ], [ 105.257291716558257, -5.548925759193223, 0.0 ], [ 105.257284846184788, -5.548933061701614, 0.0 ], [ 105.257272890206977, -5.548951368622664, 0.0 ], [ 105.257263681263339, -5.548972932852439, 0.0 ], [ 105.257257428205548, -5.548998421017953, 0.0 ], [ 105.257252210826081, -5.549038698649964, 0.0 ], [ 105.257247497620767, -5.549106926644751, 0.0 ], [ 105.257246626068451, -5.549133358719813, 0.0 ], [ 105.257245709063298, -5.549161160435667, 0.0 ], [ 105.257247098801756, -5.549201264216799, 0.0 ], [ 105.257254278037848, -5.549264981943431, 0.0 ], [ 105.257254146970567, -5.549277133994745, 0.0 ], [ 105.25725256303825, -5.549288942915882, 0.0 ], [ 105.257249127171576, -5.549300406166554, 0.0 ], [ 105.257244165308464, -5.549311529032741, 0.0 ], [ 105.257238083779853, -5.549322403610677, 0.0 ], [ 105.257215870709899, -5.54935416695092, 0.0 ], [ 105.257088806019581, -5.549509838840384, 0.0 ], [ 105.257048468772012, -5.549562543364293, 0.0 ], [ 105.257034194752791, -5.549584198447165, 0.0 ], [ 105.257027890290402, -5.549595261284634, 0.0 ], [ 105.257022387669451, -5.549606539981852, 0.0 ], [ 105.257006399391358, -5.549647639181164, 0.0 ], [ 105.257001276942717, -5.549656982693538, 0.0 ], [ 105.256994134824581, -5.549666441972622, 0.0 ], [ 105.256976294155734, -5.549683209943799, 0.0 ], [ 105.256944633817, -5.549705438883553, 0.0 ], [ 105.256910577557889, -5.549726271197888, 0.0 ], [ 105.256748170905098, -5.549821731233465, 0.0 ], [ 105.256714241208343, -5.549842966950372, 0.0 ], [ 105.256692623067437, -5.549857992412583, 0.0 ], [ 105.256672719206861, -5.54987448445179, 0.0 ], [ 105.256663826280075, -5.549883629673372, 0.0 ], [ 105.256655904240077, -5.549893472853501, 0.0 ], [ 105.256627854873514, -5.549935464728345, 0.0 ], [ 105.256620301166052, -5.549945221807627, 0.0 ], [ 105.256611904679787, -5.549954051999213, 0.0 ], [ 105.256602508164789, -5.549961607085905, 0.0 ], [ 105.256592204744962, -5.549968183748323, 0.0 ], [ 105.256581232891008, -5.549974043323177, 0.0 ], [ 105.256557993869762, -5.549984381652965, 0.0 ], [ 105.256497428632301, -5.55000782266085, 0.0 ], [ 105.25647386817505, -5.550018134892416, 0.0 ], [ 105.256451747675925, -5.550030261201221, 0.0 ], [ 105.25641616483432, -5.550055754842742, 0.0 ], [ 105.256406930911652, -5.550061404689522, 0.0 ], [ 105.256395606781894, -5.5500669107006, 0.0 ], [ 105.25637143522566, -5.550075476338336, 0.0 ], [ 105.256308328848576, -5.550093705003786, 0.0 ], [ 105.25628466005908, -5.55010406160228, 0.0 ], [ 105.256251780819127, -5.550124252887012, 0.0 ], [ 105.256167426741285, -5.550185392273096, 0.0 ], [ 105.256135017767903, -5.550205304719563, 0.0 ], [ 105.256123838007241, -5.550210614356756, 0.0 ], [ 105.256112354418974, -5.550214851225354, 0.0 ], [ 105.256100545248003, -5.550217815409848, 0.0 ], [ 105.256040013334385, -5.550226515290732, 0.0 ], [ 105.256028448956926, -5.550229748949763, 0.0 ], [ 105.256017967579069, -5.550234044184013, 0.0 ], [ 105.255997905262504, -5.550245371695048, 0.0 ], [ 105.255959007671791, -5.550272315070181, 0.0 ], [ 105.255939028047209, -5.550284879182938, 0.0 ], [ 105.255916819167609, -5.550295195331249, 0.0 ], [ 105.255868475855948, -5.550311944811061, 0.0 ], [ 105.255857048740424, -5.550317338681734, 0.0 ], [ 105.25584662423141, -5.550323707317538, 0.0 ], [ 105.255827124351072, -5.550339118113194, 0.0 ], [ 105.255808720601166, -5.550356731226242, 0.0 ], [ 105.255738034717751, -5.550433966282518, 0.0 ], [ 105.255710712451062, -5.550462169318275, 0.0 ], [ 105.255691372136624, -5.550479132398657, 0.0 ], [ 105.255681943729925, -5.550486058762251, 0.0 ], [ 105.255662383652279, -5.550497984915289, 0.0 ], [ 105.2556424168951, -5.550506916893508, 0.0 ], [ 105.255632453174329, -5.55050985855971, 0.0 ], [ 105.25562259358999, -5.55051141518073, 0.0 ], [ 105.255612911101693, -5.550511185066006, 0.0 ], [ 105.255602517000554, -5.550508509119016, 0.0 ], [ 105.255592360367658, -5.550503766877147, 0.0 ], [ 105.255572526578405, -5.550490208602992, 0.0 ], [ 105.25550434477114, -5.55043009234482, 0.0 ], [ 105.255484069912654, -5.550415436028149, 0.0 ], [ 105.255473511952815, -5.550409637340946, 0.0 ], [ 105.255462530299241, -5.550405361341536, 0.0 ], [ 105.255451864585581, -5.550403031985279, 0.0 ], [ 105.255440832850368, -5.550401966565585, 0.0 ], [ 105.255383167709212, -5.550402711568891, 0.0 ], [ 105.255371560923251, -5.550401827323776, 0.0 ], [ 105.255359022740095, -5.550399694176341, 0.0 ], [ 105.255346574403148, -5.550396536035527, 0.0 ], [ 105.255321862827117, -5.550388141720808, 0.0 ], [ 105.255248416358185, -5.550357282777313, 0.0 ], [ 105.255223975375856, -5.550348259618463, 0.0 ], [ 105.255199476051374, -5.550342135846972, 0.0 ], [ 105.255187183858368, -5.550340950649735, 0.0 ], [ 105.255174749739496, -5.5503414580903, 0.0 ], [ 105.255162282816414, -5.550343365923641, 0.0 ], [ 105.255149791954381, -5.550346294198163, 0.0 ], [ 105.255124762324527, -5.550354127400119, 0.0 ], [ 105.25508715393994, -5.550368362720294, 0.0 ], [ 105.254961375906689, -5.550418820664174, 0.0 ], [ 105.25493597394096, -5.550427947650609, 0.0 ], [ 105.254910327659246, -5.550435817295146, 0.0 ], [ 105.254884275873621, -5.550441318772362, 0.0 ], [ 105.254871194778687, -5.550442722981368, 0.0 ], [ 105.254844800595635, -5.550443533154181, 0.0 ], [ 105.254780977280731, -5.550442912941485, 0.0 ], [ 105.254759241848703, -5.550445679643095, 0.0 ], [ 105.25475027590258, -5.550448868735326, 0.0 ], [ 105.25474321670842, -5.550453901561801, 0.0 ], [ 105.254738407588547, -5.550461317138632, 0.0 ], [ 105.254735496209435, -5.550470617162414, 0.0 ], [ 105.25473387831947, -5.550481263634154, 0.0 ], [ 105.254731445293473, -5.550530141344409, 0.0 ], [ 105.254729921215542, -5.550542690228468, 0.0 ], [ 105.254727206138085, -5.550554977280798, 0.0 ], [ 105.254722991182888, -5.550566778284349, 0.0 ], [ 105.254711148018657, -5.550589448175984, 0.0 ], [ 105.254666482328119, -5.550655266229917, 0.0 ], [ 105.254653341881664, -5.550678280441605, 0.0 ], [ 105.254648222043443, -5.550689606899726, 0.0 ], [ 105.254639615101567, -5.550713060621479, 0.0 ], [ 105.254621564403564, -5.550772943641389, 0.0 ], [ 105.254613416778156, -5.550795830861867, 0.0 ], [ 105.254602985829706, -5.550816706247073, 0.0 ], [ 105.254596311224063, -5.550825880337031, 0.0 ], [ 105.254587892862617, -5.55083433056321, 0.0 ], [ 105.2545783021407, -5.550841771718614, 0.0 ], [ 105.254567851567103, -5.550848472346013, 0.0 ], [ 105.254533464172468, -5.550865961131639, 0.0 ], [ 105.254300334849489, -5.550963518066177, 0.0 ], [ 105.254263929796892, -5.550979543096447, 0.0 ], [ 105.254228427360587, -5.550997083908948, 0.0 ], [ 105.254205759394452, -5.551010754588827, 0.0 ], [ 105.254183958935812, -5.551026179891748, 0.0 ], [ 105.254068380968732, -5.551117977014782, 0.0 ], [ 105.254046860256082, -5.551133082855642, 0.0 ], [ 105.25402450426094, -5.551145788146574, 0.0 ], [ 105.254012802401661, -5.551150629367442, 0.0 ], [ 105.253990520097886, -5.551156205176728, 0.0 ], [ 105.253943837843309, -5.55116217774777, 0.0 ], [ 105.253920475040374, -5.551166204374455, 0.0 ], [ 105.253896398393579, -5.551173108958979, 0.0 ], [ 105.253849198832057, -5.551189732043137, 0.0 ], [ 105.253825795318491, -5.551195683752423, 0.0 ], [ 105.253814127148303, -5.551196970633923, 0.0 ], [ 105.253803297095445, -5.551196735554933, 0.0 ], [ 105.253792564915571, -5.551195237559656, 0.0 ], [ 105.253771738414514, -5.551189026212665, 0.0 ], [ 105.253761857209554, -5.551184402328603, 0.0 ], [ 105.253752516364401, -5.551178700789052, 0.0 ], [ 105.25374275027491, -5.551170907005122, 0.0 ], [ 105.253725068574084, -5.551152247397845, 0.0 ], [ 105.253708834088243, -5.551131264964148, 0.0 ], [ 105.2536933106107, -5.551109215657068, 0.0 ], [ 105.253648611055468, -5.551041235039104, 0.0 ], [ 105.253634658133379, -5.551018141104531, 0.0 ], [ 105.253621983422889, -5.550994447751084, 0.0 ], [ 105.253611556812217, -5.550970632211404, 0.0 ], [ 105.253602371387387, -5.550946199176194, 0.0 ], [ 105.253557291948397, -5.550808952419861, 0.0 ], [ 105.25354357116494, -5.550773391571946, 0.0 ], [ 105.253532375590638, -5.550752334600283, 0.0 ], [ 105.25352562458221, -5.550743323686192, 0.0 ], [ 105.253517724868701, -5.550735834865104, 0.0 ], [ 105.253508758821965, -5.550730361129127, 0.0 ], [ 105.253498709951458, -5.550726343419276, 0.0 ], [ 105.253487858899064, -5.550723427901836, 0.0 ], [ 105.253464572350751, -5.550719935129254, 0.0 ], [ 105.253440113010967, -5.550718646555794, 0.0 ], [ 105.253415229240403, -5.550719282327493, 0.0 ], [ 105.253402791786698, -5.550720463687678, 0.0 ], [ 105.253379626758786, -5.550724568911128, 0.0 ], [ 105.253378123591119, -5.550724834614209, 0.0 ], [ 105.253353968192485, -5.550731241659257, 0.0 ], [ 105.253330656826591, -5.550739408766527, 0.0 ], [ 105.253308801834308, -5.550749790706448, 0.0 ], [ 105.253298725802281, -5.550756171814413, 0.0 ], [ 105.253279936663688, -5.550772204615668, 0.0 ], [ 105.253253306896909, -5.550798606113292, 0.0 ], [ 105.25323430611634, -5.550813777788821, 0.0 ], [ 105.253213868596077, -5.550826200885378, 0.0 ], [ 105.253160156958316, -5.550854185333831, 0.0 ], [ 105.253139760112887, -5.550866722394859, 0.0 ], [ 105.253130305591029, -5.550873896601181, 0.0 ], [ 105.25312085712396, -5.550882566170817, 0.0 ], [ 105.253103719903848, -5.550902063926312, 0.0 ], [ 105.253080398025972, -5.550934301627129, 0.0 ], [ 105.2530584871283, -5.550968173403338, 0.0 ], [ 105.253044736327226, -5.550991321729806, 0.0 ], [ 105.253032406889147, -5.551015041178601, 0.0 ], [ 105.25302718715821, -5.551027212598407, 0.0 ], [ 105.253019748687208, -5.551051191393771, 0.0 ], [ 105.253017357659203, -5.551063375172366, 0.0 ], [ 105.253015988695637, -5.551075590175796, 0.0 ], [ 105.253015857550167, -5.551087759417554, 0.0 ], [ 105.253016997145892, -5.551098749372561, 0.0 ], [ 105.25301921921303, -5.551109569697007, 0.0 ], [ 105.253026439322667, -5.551130373272462, 0.0 ], [ 105.253031369552232, -5.551140127679155, 0.0 ], [ 105.253037246620877, -5.551149239387773, 0.0 ], [ 105.253044463364745, -5.551157911773589, 0.0 ], [ 105.253052569970762, -5.551165716230902, 0.0 ], [ 105.253070632926622, -5.551178640293356, 0.0 ], [ 105.253080308385222, -5.551183530240775, 0.0 ], [ 105.253090291148112, -5.551187071241722, 0.0 ], [ 105.253100534116584, -5.551188913221607, 0.0 ], [ 105.253111170786369, -5.551188753069643, 0.0 ], [ 105.253121960213207, -5.551186878563772, 0.0 ], [ 105.25313282402, -5.55118369501518, 0.0 ], [ 105.253154520634041, -5.551174504556661, 0.0 ], [ 105.253175761042456, -5.551162601284487, 0.0 ], [ 105.253195952210135, -5.551148341879954, 0.0 ], [ 105.253203740258655, -5.55114169579001, 0.0 ], [ 105.253205850405337, -5.551139894657287, 0.0 ], [ 105.253224614183011, -5.551121526094476, 0.0 ], [ 105.253278233927958, -5.551064345404011, 0.0 ], [ 105.253296772079025, -5.551048317233287, 0.0 ], [ 105.253306466194147, -5.551041920005344, 0.0 ], [ 105.253316573621177, -5.551037161803535, 0.0 ], [ 105.253325981375212, -5.551034642879504, 0.0 ], [ 105.253335626324926, -5.55103363097998, 0.0 ], [ 105.253345322410851, -5.551033966968432, 0.0 ], [ 105.253354886322228, -5.551035585789536, 0.0 ], [ 105.253364121243905, -5.551038512857474, 0.0 ], [ 105.253372815049673, -5.551042862247544, 0.0 ], [ 105.253381822276637, -5.551049617839208, 0.0 ], [ 105.253390070847502, -5.551057917067703, 0.0 ], [ 105.253405046135569, -5.55107753857097, 0.0 ], [ 105.253425502280237, -5.55111083403568, 0.0 ], [ 105.253457555739956, -5.551169309638348, 0.0 ], [ 105.253474987308934, -5.551204812808916, 0.0 ], [ 105.253484280847076, -5.55122870573094, 0.0 ], [ 105.253487580582203, -5.551240772181684, 0.0 ], [ 105.253489637137875, -5.551253015569824, 0.0 ], [ 105.253490470288284, -5.551265227820278, 0.0 ], [ 105.253490131431406, -5.551277255122581, 0.0 ], [ 105.253488559096908, -5.551288922003426, 0.0 ], [ 105.253485578040923, -5.551300025899121, 0.0 ], [ 105.253480885694529, -5.551310317259433, 0.0 ], [ 105.253474251732897, -5.551319579974663, 0.0 ], [ 105.253466042807844, -5.551328014717115, 0.0 ], [ 105.25345670503836, -5.551335855596568, 0.0 ], [ 105.253435963265872, -5.551350459008288, 0.0 ], [ 105.253403229655532, -5.551371676842521, 0.0 ], [ 105.253382695768593, -5.551386812994893, 0.0 ], [ 105.253373528845415, -5.551395135067095, 0.0 ], [ 105.253365539603237, -5.551404242764462, 0.0 ], [ 105.253359651288164, -5.551413216579506, 0.0 ], [ 105.253354870174533, -5.551422845782228, 0.0 ], [ 105.253351083336113, -5.55143297301409, 0.0 ], [ 105.253346376707739, -5.551454230396678, 0.0 ], [ 105.253345578726865, -5.551465175949171, 0.0 ], [ 105.253346059917519, -5.551477770107774, 0.0 ], [ 105.253350307940607, -5.551503164178725, 0.0 ], [ 105.2533617003036, -5.551541029235391, 0.0 ], [ 105.253371877998035, -5.551565489892318, 0.0 ], [ 105.253377922337378, -5.551577253922747, 0.0 ], [ 105.253384668880145, -5.551588474869533, 0.0 ], [ 105.253399833690011, -5.551609986983324, 0.0 ], [ 105.253441906909273, -5.551661298082587, 0.0 ], [ 105.253528277263371, -5.551762081093387, 0.0 ], [ 105.253554638447227, -5.551791657767391, 0.0 ], [ 105.253565365215152, -5.55180159513287, 0.0 ], [ 105.253577493958076, -5.551811094052084, 0.0 ], [ 105.253590571148152, -5.551819486192352, 0.0 ], [ 105.253604128822133, -5.551826128557058, 0.0 ], [ 105.253617672875251, -5.551830475861744, 0.0 ], [ 105.253629784795592, -5.551832298937146, 0.0 ], [ 105.253649340756411, -5.551831660917539, 0.0 ], [ 105.253657538783528, -5.551829404851836, 0.0 ], [ 105.253679202255242, -5.551852477382349, 0.0 ], [ 105.253701417658064, -5.55187407873436, 0.0 ], [ 105.253706277687868, -5.551880093392796, 0.0 ], [ 105.253709527337534, -5.551886916583778, 0.0 ], [ 105.253712013556026, -5.55189889744125, 0.0 ], [ 105.25371372725472, -5.551903226301065, 0.0 ], [ 105.253716593772751, -5.551907204571298, 0.0 ], [ 105.253720576824648, -5.551910433322298, 0.0 ], [ 105.253743595421341, -5.551918508186785, 0.0 ], [ 105.253752121403977, -5.551923081087973, 0.0 ], [ 105.253769656273974, -5.551936138335451, 0.0 ], [ 105.253795753644994, -5.551961040848584, 0.0 ], [ 105.25381881387591, -5.551988343763544, 0.0 ], [ 105.253824919428979, -5.551997541305579, 0.0 ], [ 105.25382968599331, -5.552006674288683, 0.0 ], [ 105.253832634115213, -5.552015677784884, 0.0 ], [ 105.253833136267104, -5.552024480597352, 0.0 ], [ 105.253830650745002, -5.55203312999986, 0.0 ], [ 105.253825712920161, -5.552041549772949, 0.0 ], [ 105.253811089741731, -5.552057876618965, 0.0 ], [ 105.253759187700737, -5.552103489924234, 0.0 ], [ 105.253753082704108, -5.552110372314011, 0.0 ], [ 105.253748916924025, -5.552116890206886, 0.0 ], [ 105.253747386432664, -5.552122941984633, 0.0 ], [ 105.253749075444958, -5.552128657664259, 0.0 ], [ 105.25376388284856, -5.552146191324558, 0.0 ], [ 105.253768398601522, -5.552153650836292, 0.0 ], [ 105.253771081057593, -5.552162137898786, 0.0 ], [ 105.253772367264418, -5.552171785306109, 0.0 ], [ 105.253772594770112, -5.55218229709689, 0.0 ], [ 105.253770932381798, -5.55220505577778, 0.0 ], [ 105.253764377617188, -5.552253841172597, 0.0 ], [ 105.253761986598349, -5.552278685355865, 0.0 ], [ 105.25376217411943, -5.552303371025047, 0.0 ], [ 105.253766647029352, -5.552328872646539, 0.0 ], [ 105.253774100197688, -5.552354072648596, 0.0 ], [ 105.253783108040054, -5.552379095578636, 0.0 ], [ 105.253828472063375, -5.552490997854966, 0.0 ], [ 105.253835996006245, -5.552510674108654, 0.0 ], [ 105.25384277876347, -5.552528412042293, 0.0 ], [ 105.253846936593732, -5.552541294104336, 0.0 ], [ 105.253850897335226, -5.552553562906738, 0.0 ], [ 105.253856530443784, -5.552579062219455, 0.0 ], [ 105.253858400946726, -5.552603793301759, 0.0 ], [ 105.25385689927522, -5.552641328263042, 0.0 ], [ 105.253852089402884, -5.552678702715198, 0.0 ], [ 105.253846737657852, -5.552703071426143, 0.0 ], [ 105.253843069839334, -5.552714932799734, 0.0 ], [ 105.25383290011203, -5.552738733658364, 0.0 ], [ 105.253813867781787, -5.552773121677853, 0.0 ], [ 105.253658628036746, -5.55301928864312, 0.0 ], [ 105.253638233070589, -5.553053258395217, 0.0 ], [ 105.253619302092133, -5.553088232570668, 0.0 ], [ 105.253585799702577, -5.553161444790671, 0.0 ], [ 105.253544215778675, -5.5532602662422, 0.0 ], [ 105.253535034932838, -5.553284660114162, 0.0 ], [ 105.253527284880704, -5.553308438218599, 0.0 ], [ 105.253522037049024, -5.553330929759451, 0.0 ], [ 105.25351826713657, -5.553353216218109, 0.0 ], [ 105.253515558029306, -5.55336054223057, 0.0 ], [ 105.253507075898369, -5.553374119051282, 0.0 ], [ 105.25349361506575, -5.553387121753596, 0.0 ], [ 105.25345149157036, -5.553419205605191, 0.0 ], [ 105.253445083724429, -5.553423110055355, 0.0 ], [ 105.253435865952895, -5.553426601386651, 0.0 ], [ 105.253414382571833, -5.553429990326287, 0.0 ], [ 105.253342064306523, -5.553430619301787, 0.0 ], [ 105.253320062204338, -5.553432908421153, 0.0 ], [ 105.253310414267531, -5.553435473586093, 0.0 ], [ 105.253304301086303, -5.553438032712411, 0.0 ], [ 105.253270906643081, -5.553453348971127, 0.0 ], [ 105.253260289098193, -5.5534582186627, 0.0 ], [ 105.253252910972094, -5.553462856283159, 0.0 ], [ 105.253246515649522, -5.553468606186499, 0.0 ], [ 105.25324072275032, -5.553476952141388, 0.0 ], [ 105.253236274879157, -5.553486811883076, 0.0 ], [ 105.25323273937795, -5.553497762226625, 0.0 ], [ 105.253222068600607, -5.553540793171116, 0.0 ], [ 105.25321743309226, -5.553559492206658, 0.0 ], [ 105.253203980165111, -5.553597386001785, 0.0 ], [ 105.253167180964567, -5.55368462782776, 0.0 ], [ 105.253133440250821, -5.553758126896895, 0.0 ], [ 105.253120937396247, -5.553781810236547, 0.0 ], [ 105.253107110257361, -5.55380393092954, 0.0 ], [ 105.253092040113785, -5.553824537791415, 0.0 ], [ 105.253037076696444, -5.55389456670983, 0.0 ], [ 105.253030014811458, -5.553906120146451, 0.0 ], [ 105.253023666996882, -5.553919544972322, 0.0 ], [ 105.253018611792228, -5.55393436238645, 0.0 ], [ 105.253015414591786, -5.553948909422891, 0.0 ], [ 105.253013495014443, -5.553963580752197, 0.0 ], [ 105.253012365360163, -5.553990732123002, 0.0 ], [ 105.25301382362629, -5.554018531010676, 0.0 ], [ 105.253011191416363, -5.554019886380287, 0.0 ], [ 105.25300620758604, -5.554019999784876, 0.0 ], [ 105.252999666670462, -5.554018879930553, 0.0 ], [ 105.252992484096069, -5.554016314740087, 0.0 ], [ 105.252984935934734, -5.554011815590964, 0.0 ], [ 105.252970805057814, -5.554001334178097, 0.0 ], [ 105.252963634929188, -5.553998312139967, 0.0 ], [ 105.252956389434573, -5.553998522404006, 0.0 ], [ 105.252949323034557, -5.554001612052673, 0.0 ], [ 105.252943174928646, -5.554006980090138, 0.0 ], [ 105.252937794955017, -5.554013959862837, 0.0 ], [ 105.252933383431071, -5.554022267228849, 0.0 ], [ 105.252930143614748, -5.554032161732176, 0.0 ], [ 105.252923521617205, -5.554065334912441, 0.0 ], [ 105.252920416819762, -5.554076380056883, 0.0 ], [ 105.252916205643999, -5.55408659431301, 0.0 ], [ 105.252910906235314, -5.554096183930368, 0.0 ], [ 105.252904684652407, -5.554104983289204, 0.0 ], [ 105.252897639213884, -5.554112769806554, 0.0 ], [ 105.252889805915643, -5.554119263933963, 0.0 ], [ 105.252880727947655, -5.554124572614172, 0.0 ], [ 105.252862300190998, -5.55413294478008, 0.0 ], [ 105.252854156396324, -5.554137541110324, 0.0 ], [ 105.252847601319871, -5.554143446675752, 0.0 ], [ 105.252843246360314, -5.554151015832701, 0.0 ], [ 105.252840469370099, -5.554160095059069, 0.0 ], [ 105.252833076669674, -5.55421529377907, 0.0 ], [ 105.252829805769082, -5.554226405937357, 0.0 ], [ 105.252825025901814, -5.554236909920281, 0.0 ], [ 105.25281895655786, -5.554247019128322, 0.0 ], [ 105.252804268711898, -5.554266449791094, 0.0 ], [ 105.252762743012497, -5.554313812669826, 0.0 ], [ 105.252747725801498, -5.554333685839978, 0.0 ], [ 105.252736335671685, -5.554354086671155, 0.0 ], [ 105.252719785396749, -5.554395204100436, 0.0 ], [ 105.252709944201357, -5.554414664350164, 0.0 ], [ 105.252695413280748, -5.554433701425981, 0.0 ], [ 105.252660718890326, -5.554468722119815, 0.0 ], [ 105.252643954832962, -5.554487012014252, 0.0 ], [ 105.252629414262756, -5.554506720333781, 0.0 ], [ 105.252609258819803, -5.554537315653058, 0.0 ], [ 105.2525950819157, -5.55455657511609, 0.0 ], [ 105.252578976193007, -5.554573077163498, 0.0 ], [ 105.252553024985829, -5.554594747995344, 0.0 ], [ 105.252545076671211, -5.554602562033919, 0.0 ], [ 105.252538157845308, -5.554610865945894, 0.0 ], [ 105.252507776642432, -5.554656867992415, 0.0 ], [ 105.25248810626303, -5.55468163994855, 0.0 ], [ 105.252476116993122, -5.554698705632513, 0.0 ], [ 105.252466939166567, -5.554717617384693, 0.0 ], [ 105.252455117026727, -5.554747641930081, 0.0 ], [ 105.252445018989135, -5.554768258412388, 0.0 ], [ 105.252432011936548, -5.554789010928578, 0.0 ], [ 105.252397145568253, -5.55484007542904, 0.0 ], [ 105.252385513892094, -5.554861524832225, 0.0 ], [ 105.252361971897145, -5.554926461633006, 0.0 ], [ 105.252351172693281, -5.554950083619426, 0.0 ], [ 105.252339279975246, -5.554973404828466, 0.0 ], [ 105.252236193862274, -5.555158064576779, 0.0 ], [ 105.25220971292093, -5.555203777269275, 0.0 ], [ 105.252195939883649, -5.555225885254888, 0.0 ], [ 105.252181382608015, -5.555246726177763, 0.0 ], [ 105.252165439281924, -5.555265136026208, 0.0 ], [ 105.25215666929212, -5.55527285180528, 0.0 ], [ 105.252148410396359, -5.55527859706543, 0.0 ], [ 105.252145294443309, -5.555280440237609, 0.0 ], [ 105.252123626293709, -5.555293259154467, 0.0 ], [ 105.252116560811842, -5.555298555204586, 0.0 ], [ 105.252110294025869, -5.555305148164023, 0.0 ], [ 105.252105765591523, -5.555312471328662, 0.0 ], [ 105.252103305864651, -5.555320294779605, 0.0 ], [ 105.252103088005711, -5.555328166124159, 0.0 ], [ 105.252108102375288, -5.555353137409095, 0.0 ], [ 105.252109113711768, -5.555361896583133, 0.0 ], [ 105.252108782590966, -5.555370945814147, 0.0 ], [ 105.252105104895719, -5.555400042337555, 0.0 ], [ 105.252105094235773, -5.555411071683452, 0.0 ], [ 105.252105298213024, -5.555413022899653, 0.0 ], [ 105.252107510256806, -5.555434238420647, 0.0 ], [ 105.252114949596546, -5.555482184655517, 0.0 ], [ 105.252116023182325, -5.555505692109292, 0.0 ], [ 105.252114791055789, -5.555517023220792, 0.0 ], [ 105.252112140965323, -5.555527310081109, 0.0 ], [ 105.252108225766975, -5.555537186775925, 0.0 ], [ 105.252103284705129, -5.555546609780478, 0.0 ], [ 105.25209097944213, -5.555563775102411, 0.0 ], [ 105.252068692848283, -5.55558730609513, 0.0 ], [ 105.252062626392231, -5.55559577428236, 0.0 ], [ 105.252058104337294, -5.555605367179644, 0.0 ], [ 105.252054961369765, -5.555615880409458, 0.0 ], [ 105.252052853395512, -5.555627085245334, 0.0 ], [ 105.252050730018027, -5.555650907068035, 0.0 ], [ 105.252050373305991, -5.555752687088868, 0.0 ], [ 105.252047354858476, -5.555790633399797, 0.0 ], [ 105.252031161648929, -5.555864818781084, 0.0 ], [ 105.252027871784364, -5.555901467052774, 0.0 ], [ 105.252025981993043, -5.555911936325074, 0.0 ], [ 105.252011787271897, -5.555967993725479, 0.0 ], [ 105.251997914552717, -5.55600204567936, 0.0 ], [ 105.251995967867074, -5.556010361938436, 0.0 ], [ 105.251995563072754, -5.556018143803499, 0.0 ], [ 105.25199805594383, -5.556050057448566, 0.0 ], [ 105.251993637964333, -5.556081479205453, 0.0 ], [ 105.25199349805591, -5.556083692913263, 0.0 ], [ 105.251991549243911, -5.556114624207687, 0.0 ], [ 105.251991996142451, -5.556137929289928, 0.0 ], [ 105.251994595087936, -5.556162373297261, 0.0 ], [ 105.251994632252888, -5.556162718852956, 0.0 ], [ 105.251999495388787, -5.556188739582082, 0.0 ], [ 105.252014222704489, -5.556253502633417, 0.0 ], [ 105.252020356718276, -5.556291376285846, 0.0 ], [ 105.252021012872788, -5.55630355785518, 0.0 ], [ 105.252019410254604, -5.556326909043634, 0.0 ], [ 105.252011729562426, -5.556363276941532, 0.0 ], [ 105.252015843273341, -5.556389210240184, 0.0 ], [ 105.252015330318585, -5.55639742728198, 0.0 ], [ 105.252008863900912, -5.556425066718539, 0.0 ], [ 105.252006370162306, -5.556435727126928, 0.0 ], [ 105.25200385143269, -5.556457690087545, 0.0 ], [ 105.252005314562936, -5.556522506743762, 0.0 ], [ 105.252006481388719, -5.556531719074678, 0.0 ], [ 105.25200780312889, -5.556542158932622, 0.0 ], [ 105.252021241935253, -5.556585422916475, 0.0 ], [ 105.252026444250035, -5.556608591177867, 0.0 ], [ 105.252027844355709, -5.556620718151314, 0.0 ], [ 105.252028678851119, -5.556644630984064, 0.0 ], [ 105.252025700935434, -5.556686602913783, 0.0 ], [ 105.252026644190636, -5.556696622276672, 0.0 ], [ 105.252032835291061, -5.55672859133455, 0.0 ], [ 105.252033740291793, -5.556739949577311, 0.0 ], [ 105.252033178895473, -5.556763771637269, 0.0 ], [ 105.252030634251398, -5.556788491039423, 0.0 ], [ 105.252008827743836, -5.556928370878685, 0.0 ], [ 105.252006594918754, -5.556953858184871, 0.0 ], [ 105.252006720609785, -5.556979794089411, 0.0 ], [ 105.252009358306637, -5.55700617762214, 0.0 ], [ 105.252014158955106, -5.557035980666274, 0.0 ], [ 105.252015725979476, -5.557045712088107, 0.0 ], [ 105.252049660406868, -5.557216862262523, 0.0 ], [ 105.252058363690409, -5.557228440621786, 0.0 ], [ 105.252069408174378, -5.557246455382146, 0.0 ], [ 105.252080451718399, -5.557268627856709, 0.0 ], [ 105.252084777836828, -5.557280214416549, 0.0 ], [ 105.252087648408164, -5.557291560964154, 0.0 ], [ 105.252088741177928, -5.557302842232157, 0.0 ], [ 105.252085204372776, -5.557336300856107, 0.0 ], [ 105.252085875913153, -5.557342191568951, 0.0 ], [ 105.252088319126386, -5.557346473984573, 0.0 ], [ 105.252093099094026, -5.557348860186973, 0.0 ], [ 105.252099757271452, -5.557349630809491, 0.0 ], [ 105.252114254262509, -5.557348265854508, 0.0 ], [ 105.252116744310896, -5.557348032299505, 0.0 ], [ 105.252136511222247, -5.557344074212057, 0.0 ], [ 105.252200585844648, -5.55732878923274, 0.0 ], [ 105.252231539933973, -5.557323826739533, 0.0 ], [ 105.2522411202998, -5.557323564825463, 0.0 ], [ 105.252250066449591, -5.557324500922237, 0.0 ], [ 105.252258138411719, -5.557327092878952, 0.0 ], [ 105.252265330101679, -5.55733189433643, 0.0 ], [ 105.252271579942644, -5.557338480141349, 0.0 ], [ 105.25227713873322, -5.55734637434727, 0.0 ], [ 105.252282195924877, -5.557355215922911, 0.0 ], [ 105.252291335074119, -5.557374733190922, 0.0 ], [ 105.252304187039655, -5.557407367925397, 0.0 ], [ 105.252339581450485, -5.557504085688619, 0.0 ], [ 105.252320888578964, -5.557507136877297, 0.0 ], [ 105.252297952145625, -5.55751439191978, 0.0 ], [ 105.252287064026234, -5.557520131069104, 0.0 ], [ 105.252278282146165, -5.557527559181181, 0.0 ], [ 105.2522724861645, -5.557537268417876, 0.0 ], [ 105.252270143393375, -5.557548363893101, 0.0 ], [ 105.25227077225118, -5.557560033448196, 0.0 ], [ 105.2522777108166, -5.557583174729514, 0.0 ], [ 105.252292306644208, -5.557618852823952, 0.0 ], [ 105.252303733571139, -5.557642306096253, 0.0 ], [ 105.252313806146404, -5.557659327069803, 0.0 ], [ 105.252316922428719, -5.557664593442274, 0.0 ], [ 105.252324511959344, -5.557674970914255, 0.0 ], [ 105.252341773951215, -5.557693559265566, 0.0 ], [ 105.252389551551488, -5.557735457032204, 0.0 ], [ 105.252407131567679, -5.557752408756245, 0.0 ], [ 105.252421550167725, -5.557770479963169, 0.0 ], [ 105.2524390033401, -5.557803353360056, 0.0 ], [ 105.252444119438906, -5.557810575607602, 0.0 ], [ 105.252451218246023, -5.557817747252302, 0.0 ], [ 105.252459376710704, -5.557824152215898, 0.0 ], [ 105.252510006855033, -5.557860441808971, 0.0 ], [ 105.252518452740304, -5.557865438128201, 0.0 ], [ 105.252546264372995, -5.557878491007383, 0.0 ], [ 105.252581502124698, -5.557904043702883, 0.0 ], [ 105.252599748397145, -5.557914448274253, 0.0 ], [ 105.252628944880058, -5.557929207607755, 0.0 ], [ 105.25264877023119, -5.557941579088352, 0.0 ], [ 105.25267792087827, -5.557965299777608, 0.0 ], [ 105.252734286402998, -5.558016985634341, 0.0 ], [ 105.252753915585643, -5.558033010121142, 0.0 ], [ 105.252764188997446, -5.558040328763242, 0.0 ], [ 105.252785816742048, -5.558053246772939, 0.0 ], [ 105.252841956061062, -5.558082589075031, 0.0 ], [ 105.252852803364249, -5.558089101437762, 0.0 ], [ 105.252873834190353, -5.558103862446143, 0.0 ], [ 105.252903878144465, -5.558128377917047, 0.0 ], [ 105.252980419234575, -5.558194189160933, 0.0 ], [ 105.252998317333805, -5.558207467901457, 0.0 ], [ 105.253021562703566, -5.558221676126359, 0.0 ], [ 105.253035163983228, -5.558234952183933, 0.0 ], [ 105.253054828186293, -5.558258950119178, 0.0 ], [ 105.253061937912904, -5.558266290918371, 0.0 ], [ 105.253069677385341, -5.558272538645522, 0.0 ], [ 105.253103810064331, -5.558289659655722, 0.0 ], [ 105.253111598907083, -5.558295230692336, 0.0 ], [ 105.253148354376634, -5.55832905832383, 0.0 ], [ 105.253174399646966, -5.558347614838395, 0.0 ], [ 105.253181587010516, -5.55835492394041, 0.0 ], [ 105.253188195156568, -5.558363247389262, 0.0 ], [ 105.253224470241875, -5.55842018237491, 0.0 ], [ 105.253231204934764, -5.558428837770862, 0.0 ], [ 105.253232943775203, -5.558430687008505, 0.0 ], [ 105.253254639082911, -5.558453755002458, 0.0 ], [ 105.253261035165295, -5.558462339981546, 0.0 ], [ 105.253265878630543, -5.558471725326106, 0.0 ], [ 105.25327781307395, -5.558501611235239, 0.0 ], [ 105.253299516570721, -5.558535379274934, 0.0 ], [ 105.253318633206405, -5.558577357103438, 0.0 ], [ 105.253322699837781, -5.558583797281381, 0.0 ], [ 105.253334076841668, -5.558595929919341, 0.0 ], [ 105.253338946204693, -5.558602528968867, 0.0 ], [ 105.253342943841517, -5.558610202197, 0.0 ], [ 105.253345614564338, -5.558618634985332, 0.0 ], [ 105.253346310168737, -5.558632206057001, 0.0 ], [ 105.253345113070509, -5.55863883575354, 0.0 ], [ 105.253342060353162, -5.558647125351385, 0.0 ], [ 105.253332129213561, -5.558667492096218, 0.0 ], [ 105.253332091623179, -5.558672490233932, 0.0 ], [ 105.253335229899676, -5.558676370686288, 0.0 ], [ 105.253340820978877, -5.558679473907145, 0.0 ], [ 105.253362859314677, -5.558687568191023, 0.0 ], [ 105.253369043704197, -5.558690941643544, 0.0 ], [ 105.253373096780336, -5.558695238740895, 0.0 ], [ 105.253374203702379, -5.558699431260101, 0.0 ], [ 105.25337353122552, -5.558704056055075, 0.0 ], [ 105.25337122364941, -5.558708734925399, 0.0 ], [ 105.253366665408151, -5.558713937642085, 0.0 ], [ 105.253347967036703, -5.558729540710809, 0.0 ], [ 105.253342441294876, -5.558735658430922, 0.0 ], [ 105.253338588718023, -5.558742060393756, 0.0 ], [ 105.253335995846598, -5.558748889709486, 0.0 ], [ 105.253334645360738, -5.55875576010536, 0.0 ], [ 105.253334583139704, -5.558762278949112, 0.0 ], [ 105.253335923678875, -5.558768046341833, 0.0 ], [ 105.25333858915738, -5.558772657944028, 0.0 ], [ 105.25334881098739, -5.558783879202709, 0.0 ], [ 105.253350789180587, -5.558788044208923, 0.0 ], [ 105.25335105443618, -5.558793930570566, 0.0 ], [ 105.253345796634676, -5.558816440205218, 0.0 ], [ 105.253344891993649, -5.558825002081687, 0.0 ], [ 105.253345454302348, -5.558833010595173, 0.0 ], [ 105.253352127028322, -5.558865658808678, 0.0 ], [ 105.25335229739126, -5.558873446758834, 0.0 ], [ 105.253350745309504, -5.558881837936678, 0.0 ], [ 105.253345585949504, -5.558898076582699, 0.0 ], [ 105.253344152091643, -5.558906341965203, 0.0 ], [ 105.253344646775048, -5.558914563097466, 0.0 ], [ 105.25334676214429, -5.55892280524548, 0.0 ], [ 105.253354302310697, -5.558938014391709, 0.0 ], [ 105.253359114632431, -5.558944232612987, 0.0 ], [ 105.253369842766816, -5.558954946152218, 0.0 ], [ 105.253372960768843, -5.558959972788495, 0.0 ], [ 105.25337464791771, -5.558965509349775, 0.0 ], [ 105.25337450588836, -5.558971197770581, 0.0 ], [ 105.253372294383283, -5.558976733291292, 0.0 ], [ 105.253355023891856, -5.558999673261393, 0.0 ], [ 105.253351891037781, -5.559006368922589, 0.0 ], [ 105.253350433224099, -5.559013509851108, 0.0 ], [ 105.253350419301341, -5.55902106991168, 0.0 ], [ 105.253351627041013, -5.559028770571364, 0.0 ], [ 105.253353892005293, -5.559036347746618, 0.0 ], [ 105.253363274866501, -5.559057673259704, 0.0 ], [ 105.25336529511506, -5.559065170027186, 0.0 ], [ 105.253365834308724, -5.559074018958617, 0.0 ], [ 105.253362930766684, -5.559093337831414, 0.0 ], [ 105.253351632984334, -5.559135595578427, 0.0 ], [ 105.253348520263131, -5.559157706251882, 0.0 ], [ 105.253348847854596, -5.559170013702789, 0.0 ], [ 105.253353000028653, -5.559194908445951, 0.0 ], [ 105.253359821203389, -5.559219975733874, 0.0 ], [ 105.253375171788733, -5.559270055297834, 0.0 ], [ 105.253381017719477, -5.559294817236549, 0.0 ], [ 105.253382740239275, -5.559307056240778, 0.0 ], [ 105.253383244707678, -5.559319154644411, 0.0 ], [ 105.253382390933055, -5.559330540776841, 0.0 ], [ 105.253376858934828, -5.559364269841882, 0.0 ], [ 105.253375856135762, -5.559375542958597, 0.0 ], [ 105.253376584672893, -5.559394334677922, 0.0 ], [ 105.25337944607854, -5.559426391084052, 0.0 ], [ 105.253380288841925, -5.559452598971435, 0.0 ], [ 105.253378942449302, -5.559587287388026, 0.0 ], [ 105.253380870833993, -5.559626989284737, 0.0 ], [ 105.253382442849073, -5.559639873359835, 0.0 ], [ 105.253390542607761, -5.559684156404635, 0.0 ], [ 105.253391606209576, -5.559694720303102, 0.0 ], [ 105.253391567286315, -5.55970504494598, 0.0 ], [ 105.253390180289912, -5.559715216379225, 0.0 ], [ 105.253384067701887, -5.559746758280163, 0.0 ], [ 105.253382342735975, -5.559781587558902, 0.0 ], [ 105.253383013127561, -5.559793198291578, 0.0 ], [ 105.253383699896091, -5.559805101215076, 0.0 ], [ 105.253385201816016, -5.559816643742946, 0.0 ], [ 105.25339441312579, -5.559854817294072, 0.0 ], [ 105.253396045779851, -5.559863816830161, 0.0 ], [ 105.253396808151265, -5.559875158845992, 0.0 ], [ 105.253396473628513, -5.559886761868293, 0.0 ], [ 105.253391919205555, -5.559934692415116, 0.0 ], [ 105.253391805232027, -5.559946868882778, 0.0 ], [ 105.253392816382188, -5.559959345207004, 0.0 ], [ 105.253394789114694, -5.559971842829688, 0.0 ], [ 105.253400686637363, -5.559996881564135, 0.0 ], [ 105.253412163963944, -5.560034515882464, 0.0 ], [ 105.253425097603596, -5.560072049160379, 0.0 ], [ 105.253455566286391, -5.560160461662941, 0.0 ], [ 105.253474487444109, -5.560209658571126, 0.0 ], [ 105.253485440165278, -5.560232431730519, 0.0 ], [ 105.253491155063486, -5.560242117941801, 0.0 ], [ 105.253503474063962, -5.560259054698513, 0.0 ], [ 105.253509853164928, -5.560265878351754, 0.0 ], [ 105.253516237924302, -5.56027115507265, 0.0 ], [ 105.253522521590952, -5.560274392784359, 0.0 ], [ 105.253527786695287, -5.560275270734738, 0.0 ], [ 105.253543163974712, -5.560273690964534, 0.0 ], [ 105.253548426416089, -5.560274675663076, 0.0 ], [ 105.253553367303439, -5.560277474297584, 0.0 ], [ 105.253557388836512, -5.560281877248998, 0.0 ], [ 105.253559931128891, -5.560287657693928, 0.0 ], [ 105.25356069962443, -5.56029642239482, 0.0 ], [ 105.25355856022874, -5.56032488682286, 0.0 ], [ 105.253559582575477, -5.560331869279157, 0.0 ], [ 105.253561321812214, -5.560336738194652, 0.0 ], [ 105.253563328001249, -5.560338791764081, 0.0 ], [ 105.253579423854617, -5.560349577171729, 0.0 ], [ 105.253601483144891, -5.560366393947348, 0.0 ], [ 105.253625613966875, -5.560388151865538, 0.0 ], [ 105.253636527788302, -5.56040018156549, 0.0 ], [ 105.253645574446764, -5.56041222382798, 0.0 ], [ 105.253665411305604, -5.560444900752952, 0.0 ], [ 105.253672786111466, -5.560455515311239, 0.0 ], [ 105.253689225572487, -5.560475915957922, 0.0 ], [ 105.25370696491575, -5.560495673752793, 0.0 ], [ 105.25387550067245, -5.560669088093706, 0.0 ], [ 105.25390448443359, -5.560696934834395, 0.0 ], [ 105.253934811301178, -5.560721761316326, 0.0 ], [ 105.253955606293033, -5.560735816763793, 0.0 ], [ 105.25398795599294, -5.560755169316696, 0.0 ], [ 105.254021307891549, -5.560772398252605, 0.0 ], [ 105.254044309348473, -5.560781790246447, 0.0 ], [ 105.25406968171707, -5.560788914197581, 0.0 ], [ 105.254149564607189, -5.560803599153043, 0.0 ], [ 105.254182286156947, -5.560812082317855, 0.0 ], [ 105.254215278999467, -5.560823661937301, 0.0 ], [ 105.254242709978044, -5.560835050358695, 0.0 ], [ 105.254261315897594, -5.560843767568836, 0.0 ], [ 105.254279936258811, -5.560860887043003, 0.0 ], [ 105.254279806720163, -5.560927206961001, 0.0 ], [ 105.254278538077983, -5.560962766084385, 0.0 ], [ 105.254275320233475, -5.560994423442505, 0.0 ], [ 105.254272662199327, -5.561007197161281, 0.0 ], [ 105.254268978182978, -5.561019266609705, 0.0 ], [ 105.254263951403445, -5.561030940405543, 0.0 ], [ 105.254257860730846, -5.561041934372538, 0.0 ], [ 105.254250949011833, -5.561052178748955, 0.0 ], [ 105.254243362446545, -5.561061516064881, 0.0 ], [ 105.254235172252805, -5.561069689372632, 0.0 ], [ 105.254226383686031, -5.561076321436174, 0.0 ], [ 105.254216945058516, -5.561080892111326, 0.0 ], [ 105.254207007842226, -5.561082904686965, 0.0 ], [ 105.254196733745303, -5.561082571683133, 0.0 ], [ 105.25418648306912, -5.561080007833546, 0.0 ], [ 105.254176498712511, -5.561075264597895, 0.0 ], [ 105.254166807072451, -5.561068838610691, 0.0 ], [ 105.254157343348339, -5.561061212976139, 0.0 ], [ 105.254138903388238, -5.561043689952409, 0.0 ], [ 105.254120907852837, -5.561024535675671, 0.0 ], [ 105.254085912867339, -5.560984582060919, 0.0 ], [ 105.254060959441389, -5.560954327260111, 0.0 ], [ 105.254045608947308, -5.560934186692021, 0.0 ], [ 105.254026941688792, -5.560906653046136, 0.0 ], [ 105.254014215318847, -5.560891498612803, 0.0 ], [ 105.254005697349854, -5.56088487038337, 0.0 ], [ 105.253976336302031, -5.560867866793298, 0.0 ], [ 105.253956231981519, -5.560853736869346, 0.0 ], [ 105.253926974032808, -5.560828697339288, 0.0 ], [ 105.253868920768113, -5.560775214829886, 0.0 ], [ 105.253848552791439, -5.560758933787898, 0.0 ], [ 105.253826823553041, -5.560745437804272, 0.0 ], [ 105.253791766916024, -5.560730094854282, 0.0 ], [ 105.253753002082618, -5.560716760886818, 0.0 ], [ 105.253643102705396, -5.560683008168444, 0.0 ], [ 105.253569372738141, -5.560684555120607, 0.0 ], [ 105.253555936330926, -5.560683269071684, 0.0 ], [ 105.253549320258458, -5.560679706738592, 0.0 ], [ 105.25354370283236, -5.560674160106751, 0.0 ], [ 105.253519690115994, -5.56064358101657, 0.0 ], [ 105.253502873159619, -5.560641961702813, 0.0 ], [ 105.253479548881032, -5.560637721735397, 0.0 ], [ 105.253453115446035, -5.56063016036948, 0.0 ], [ 105.25344055131832, -5.560624862781322, 0.0 ], [ 105.253429593982716, -5.56061875575711, 0.0 ], [ 105.25340351211554, -5.56060144315215, 0.0 ], [ 105.253395982408918, -5.560598080229762, 0.0 ], [ 105.253370766742876, -5.560589986410378, 0.0 ], [ 105.253347713128647, -5.560581045825829, 0.0 ], [ 105.253253010661254, -5.560535513558031, 0.0 ], [ 105.253229334726612, -5.560526022311572, 0.0 ], [ 105.253217542417929, -5.560522479383727, 0.0 ], [ 105.253205791270489, -5.560520179409705, 0.0 ], [ 105.253194098635845, -5.560519582842451, 0.0 ], [ 105.253182826698506, -5.560520987152298, 0.0 ], [ 105.253171607814679, -5.56052399717047, 0.0 ], [ 105.253160426449668, -5.560528178677702, 0.0 ], [ 105.253138125183099, -5.56053881320957, 0.0 ], [ 105.253071118967227, -5.560576156428652, 0.0 ], [ 105.253048530850521, -5.560587426135704, 0.0 ], [ 105.253025674564412, -5.560596555584931, 0.0 ], [ 105.252992109430821, -5.560606367197564, 0.0 ], [ 105.252981454426347, -5.560610503244015, 0.0 ], [ 105.252970967978968, -5.560616092065618, 0.0 ], [ 105.252951227923177, -5.560630319617031, 0.0 ], [ 105.252895452405809, -5.560679682442967, 0.0 ], [ 105.252876734992199, -5.560693149658421, 0.0 ], [ 105.252851349603574, -5.560708368394344, 0.0 ], [ 105.252844271988749, -5.560714983421297, 0.0 ], [ 105.25283830993564, -5.560722762238501, 0.0 ], [ 105.25283361776917, -5.560731543754425, 0.0 ], [ 105.252830365033986, -5.560740863817502, 0.0 ], [ 105.252820454246589, -5.560783649269093, 0.0 ], [ 105.252812393565165, -5.560807608424421, 0.0 ], [ 105.252802690565602, -5.560831646986637, 0.0 ], [ 105.252785996971127, -5.560867342986406, 0.0 ], [ 105.252766502050946, -5.560901707654843, 0.0 ], [ 105.25275130302758, -5.560923286147498, 0.0 ], [ 105.252720181327675, -5.560963301636078, 0.0 ], [ 105.252703696426721, -5.560984498016686, 0.0 ], [ 105.25269131999525, -5.561004360106752, 0.0 ], [ 105.252687019221824, -5.561014189928719, 0.0 ], [ 105.252684652392702, -5.561023925744919, 0.0 ], [ 105.252684588710451, -5.561033383755841, 0.0 ], [ 105.252689719377514, -5.561061982573795, 0.0 ], [ 105.252689955626664, -5.561088778735991, 0.0 ], [ 105.252690799141291, -5.561097755995979, 0.0 ], [ 105.252693693922723, -5.561106514359957, 0.0 ], [ 105.252699169707697, -5.561114448398643, 0.0 ], [ 105.25270792978138, -5.561121407640982, 0.0 ], [ 105.252718932044459, -5.561126999920523, 0.0 ], [ 105.25274331960938, -5.561134697890505, 0.0 ], [ 105.252758583143176, -5.561137333798478, 0.0 ], [ 105.2527725238496, -5.561139741399451, 0.0 ], [ 105.252780099698441, -5.561145433751011, 0.0 ], [ 105.252800780401657, -5.561158283406914, 0.0 ], [ 105.252829432147294, -5.561174070622866, 0.0 ], [ 105.252861036610639, -5.561188384727095, 0.0 ], [ 105.252901472675134, -5.561203768849079, 0.0 ], [ 105.252912680682343, -5.561209086026884, 0.0 ], [ 105.252923062115755, -5.561215506311692, 0.0 ], [ 105.252932574734388, -5.561223485658854, 0.0 ], [ 105.252941150659069, -5.561232643245192, 0.0 ], [ 105.252948947756067, -5.561242653333609, 0.0 ], [ 105.252962372150776, -5.561264410439338, 0.0 ], [ 105.252967868428158, -5.561275919593252, 0.0 ], [ 105.252972316605621, -5.561287785623527, 0.0 ], [ 105.252975417829262, -5.561300013181529, 0.0 ], [ 105.252976900145597, -5.561312170871852, 0.0 ], [ 105.252977188057287, -5.561324599560793, 0.0 ], [ 105.252975494239678, -5.561349969031791, 0.0 ], [ 105.252967337151873, -5.561414573585647, 0.0 ], [ 105.252965556012484, -5.561440549201018, 0.0 ], [ 105.252965558758021, -5.561453320869731, 0.0 ], [ 105.252966970947142, -5.561478860890141, 0.0 ], [ 105.252973185550047, -5.561542343864454, 0.0 ], [ 105.252974276041328, -5.561567250776535, 0.0 ], [ 105.252973770234505, -5.561579491641097, 0.0 ], [ 105.252971443712966, -5.561592694011105, 0.0 ], [ 105.252966541929609, -5.561607484219063, 0.0 ], [ 105.252959646766385, -5.561622736646608, 0.0 ], [ 105.252942741073767, -5.561652302918842, 0.0 ], [ 105.252914356434559, -5.561693323201164, 0.0 ], [ 105.252910228112427, -5.561686237137254, 0.0 ], [ 105.252903796186033, -5.561667789815805, 0.0 ], [ 105.252900922569708, -5.561655750324608, 0.0 ], [ 105.252898998316638, -5.56164259772256, 0.0 ], [ 105.252898448255991, -5.561627322252322, 0.0 ], [ 105.252900875166191, -5.561584903672185, 0.0 ], [ 105.252900039030621, -5.561574186792051, 0.0 ], [ 105.252897500915211, -5.561565500647577, 0.0 ], [ 105.252881067034167, -5.561530690009183, 0.0 ], [ 105.252871021931725, -5.561497856883437, 0.0 ], [ 105.252865790413594, -5.561486847879713, 0.0 ], [ 105.252860611311064, -5.561475951028492, 0.0 ], [ 105.252847381295197, -5.561454801753645, 0.0 ], [ 105.252826303999427, -5.561426644901453, 0.0 ], [ 105.252813844795241, -5.561413355689329, 0.0 ], [ 105.252808863850404, -5.561409798075446, 0.0 ], [ 105.252805197921802, -5.561409320188289, 0.0 ], [ 105.252803208354777, -5.561412367859269, 0.0 ], [ 105.252802465079455, -5.561418249225103, 0.0 ], [ 105.252803571342056, -5.561435701014827, 0.0 ], [ 105.2528091275816, -5.561469238968488, 0.0 ], [ 105.252814518122292, -5.56149321135777, 0.0 ], [ 105.252825264672992, -5.561527943017864, 0.0 ], [ 105.252829841406324, -5.561538505411671, 0.0 ], [ 105.252830467611517, -5.561539685695077, 0.0 ], [ 105.252846826640692, -5.561570477968012, 0.0 ], [ 105.252849167341182, -5.561577794576405, 0.0 ], [ 105.252849882275342, -5.561585896202024, 0.0 ], [ 105.25284879034345, -5.561593559852839, 0.0 ], [ 105.252846227266417, -5.56160042624393, 0.0 ], [ 105.252835046391908, -5.561618501165895, 0.0 ], [ 105.252832931711225, -5.561626689039941, 0.0 ], [ 105.252832133115163, -5.561646803993338, 0.0 ], [ 105.252834385227004, -5.561694062187378, 0.0 ], [ 105.252833811667458, -5.561706225282141, 0.0 ], [ 105.252831992055462, -5.561718232408559, 0.0 ], [ 105.252828612101283, -5.561729885585763, 0.0 ], [ 105.252823929183165, -5.561741314066555, 0.0 ], [ 105.252811976378254, -5.561763718913196, 0.0 ], [ 105.252761752770638, -5.561840969320105, 0.0 ], [ 105.252748513352472, -5.561863391000239, 0.0 ], [ 105.252726584329153, -5.561904377751146, 0.0 ], [ 105.252720673320539, -5.561913318099932, 0.0 ], [ 105.252714135243991, -5.561921173152457, 0.0 ], [ 105.252706681908251, -5.561927544991687, 0.0 ], [ 105.252698190374218, -5.561932090812705, 0.0 ], [ 105.252678921391663, -5.561937418332754, 0.0 ], [ 105.252639517659816, -5.561944085195711, 0.0 ], [ 105.252631251164175, -5.561947029711332, 0.0 ], [ 105.252624376592237, -5.561951316112686, 0.0 ], [ 105.252623556273633, -5.561952270856314, 0.0 ], [ 105.252619052190255, -5.561957508825753, 0.0 ], [ 105.252615005980815, -5.561965120367498, 0.0 ], [ 105.252603715815823, -5.561991599413187, 0.0 ], [ 105.252598004284607, -5.562000403075211, 0.0 ], [ 105.252583614745717, -5.562016870016727, 0.0 ], [ 105.252560621136965, -5.562038653576255, 0.0 ], [ 105.252555355443292, -5.562044897827987, 0.0 ], [ 105.252553214209783, -5.562050114883492, 0.0 ], [ 105.252555127198562, -5.562053804080344, 0.0 ], [ 105.252561645959702, -5.56205569560047, 0.0 ], [ 105.252571496626061, -5.562056045096785, 0.0 ], [ 105.25259470722753, -5.562054016914184, 0.0 ], [ 105.252615188804597, -5.562050830154098, 0.0 ], [ 105.252629554753227, -5.562067962357324, 0.0 ], [ 105.252633317743388, -5.562073725095154, 0.0 ], [ 105.252641287331315, -5.562085927954131, 0.0 ], [ 105.252646692910318, -5.562096471901459, 0.0 ], [ 105.252655123307946, -5.562117928098187, 0.0 ], [ 105.252662217393805, -5.562145647671301, 0.0 ], [ 105.252683466829453, -5.562244981319287, 0.0 ], [ 105.252690857951478, -5.562281124747379, 0.0 ], [ 105.252695320769377, -5.562308252004685, 0.0 ], [ 105.25269682023972, -5.562335225838224, 0.0 ], [ 105.2526946258387, -5.562361844826779, 0.0 ], [ 105.25268939792636, -5.562397390266463, 0.0 ], [ 105.252672926706595, -5.562495186806538, 0.0 ], [ 105.252669659895815, -5.562501168763027, 0.0 ], [ 105.252665472557226, -5.562514483199241, 0.0 ], [ 105.252664104423289, -5.562522347797433, 0.0 ], [ 105.252663866685992, -5.562530163061077, 0.0 ], [ 105.252665136618489, -5.562537613110164, 0.0 ], [ 105.252670729658846, -5.562557930678208, 0.0 ], [ 105.252670906421741, -5.562570151348059, 0.0 ], [ 105.252667526746094, -5.562584590807192, 0.0 ], [ 105.25266423367944, -5.562592521363682, 0.0 ], [ 105.2526559186539, -5.562606598367644, 0.0 ], [ 105.252651241309337, -5.562612066189502, 0.0 ], [ 105.252646363726043, -5.56261589308499, 0.0 ], [ 105.252641364201097, -5.562617482864559, 0.0 ], [ 105.252636378001299, -5.562616444666964, 0.0 ], [ 105.252631426206534, -5.562613513048675, 0.0 ], [ 105.252617809144212, -5.56260156319296, 0.0 ], [ 105.252614126083031, -5.562599038118023, 0.0 ], [ 105.252611177961285, -5.562598599726679, 0.0 ], [ 105.252609122161388, -5.562600903813587, 0.0 ], [ 105.252607771562225, -5.562605427578523, 0.0 ], [ 105.252604230690764, -5.562639910250891, 0.0 ], [ 105.252602832718352, -5.562645559404919, 0.0 ], [ 105.25260067015391, -5.562649456603851, 0.0 ], [ 105.252597997370003, -5.562651033626508, 0.0 ], [ 105.252583301392704, -5.562651875803736, 0.0 ], [ 105.252579496579244, -5.56265390834357, 0.0 ], [ 105.25255923739762, -5.562670514398168, 0.0 ], [ 105.252536655044295, -5.562682803612667, 0.0 ], [ 105.252523939598731, -5.562691159762904, 0.0 ], [ 105.252516935654995, -5.562699096430313, 0.0 ], [ 105.252515489396842, -5.56270373331567, 0.0 ], [ 105.252450795796605, -5.562748828226389, 0.0 ], [ 105.252422951019014, -5.562766589126009, 0.0 ], [ 105.25239856608205, -5.562780037947209, 0.0 ], [ 105.252374717758101, -5.562789947596623, 0.0 ], [ 105.252298709860312, -5.562813469921971, 0.0 ], [ 105.252275378150372, -5.562823764722054, 0.0 ], [ 105.25226477834542, -5.562830414720827, 0.0 ], [ 105.252255570293528, -5.562838003137838, 0.0 ], [ 105.252247046150245, -5.562846580030911, 0.0 ], [ 105.252231196778865, -5.562865567003946, 0.0 ], [ 105.252207992651066, -5.562895594601278, 0.0 ], [ 105.252190824419131, -5.5629152027184, 0.0 ], [ 105.252161791172824, -5.562942980259066, 0.0 ], [ 105.252131086795998, -5.562968923908116, 0.0 ], [ 105.252099334102269, -5.562992609124215, 0.0 ], [ 105.252077414885477, -5.563005925706615, 0.0 ], [ 105.252066107563238, -5.563011286896144, 0.0 ], [ 105.252026743705514, -5.563024850659553, 0.0 ], [ 105.252017558613773, -5.563029121758119, 0.0 ], [ 105.252007914769237, -5.563035316311526, 0.0 ], [ 105.251998915219943, -5.563042767130816, 0.0 ], [ 105.251982247189702, -5.563060280793118, 0.0 ], [ 105.251959110738412, -5.563090261311333, 0.0 ], [ 105.25187869397152, -5.563209309744952, 0.0 ], [ 105.251857531074791, -5.56320920932008, 0.0 ], [ 105.251843887159666, -5.563210545866976, 0.0 ], [ 105.251828754963185, -5.563213259002366, 0.0 ], [ 105.251813232594714, -5.563217806003864, 0.0 ], [ 105.251799001239746, -5.563224194295525, 0.0 ], [ 105.251786113222352, -5.563232321631109, 0.0 ], [ 105.25177522113465, -5.563241722748541, 0.0 ], [ 105.251766958588163, -5.563251885352752, 0.0 ], [ 105.251761134037494, -5.563262497425724, 0.0 ], [ 105.251756188237991, -5.563273670903384, 0.0 ], [ 105.251739303409565, -5.563318580689685, 0.0 ], [ 105.251734731793135, -5.563328540888794, 0.0 ], [ 105.251729597186099, -5.563337349724774, 0.0 ], [ 105.251723633949766, -5.563344563134025, 0.0 ], [ 105.251716525832038, -5.563349615853129, 0.0 ], [ 105.251708094780469, -5.563352077350642, 0.0 ], [ 105.251698556829027, -5.563352519265128, 0.0 ], [ 105.251688238197076, -5.56335159008233, 0.0 ], [ 105.251643779318528, -5.563343965769746, 0.0 ], [ 105.25163280618672, -5.563343262119896, 0.0 ], [ 105.251622267053676, -5.563343996658105, 0.0 ], [ 105.251612368880416, -5.563346637898305, 0.0 ], [ 105.251603387934139, -5.563351145013994, 0.0 ], [ 105.251595642005, -5.56335745364042, 0.0 ], [ 105.251589592304512, -5.563365173682201, 0.0 ], [ 105.251580454922433, -5.563384003083129, 0.0 ], [ 105.251562000617739, -5.563436859868984, 0.0 ], [ 105.251557199556345, -5.563446568675507, 0.0 ], [ 105.251539235658953, -5.563474252812115, 0.0 ], [ 105.251534045575781, -5.563484255791534, 0.0 ], [ 105.251516037951475, -5.563528036158883, 0.0 ], [ 105.251510720017762, -5.563538888647095, 0.0 ], [ 105.251498393055144, -5.563558516392455, 0.0 ], [ 105.251477633243084, -5.563587014083855, 0.0 ], [ 105.251464852089214, -5.56360655970021, 0.0 ], [ 105.251436800737196, -5.563665327856035, 0.0 ], [ 105.251432019449325, -5.563672707211992, 0.0 ], [ 105.251426720094017, -5.563678413209612, 0.0 ], [ 105.251420672189326, -5.563681869693117, 0.0 ], [ 105.251413210108197, -5.563682614676525, 0.0 ], [ 105.251404860369192, -5.563680960939875, 0.0 ], [ 105.251366187148619, -5.56366471656567, 0.0 ], [ 105.251355751877625, -5.563661281581471, 0.0 ], [ 105.2513451348525, -5.563659330279806, 0.0 ], [ 105.25133428483646, -5.56365940003715, 0.0 ], [ 105.251323472623014, -5.563661317047714, 0.0 ], [ 105.251312893111802, -5.563664787221303, 0.0 ], [ 105.251302762925206, -5.563669642203104, 0.0 ], [ 105.251293336657412, -5.563675832129617, 0.0 ], [ 105.251284925834625, -5.563683424715945, 0.0 ], [ 105.251277704785892, -5.563692587245781, 0.0 ], [ 105.251266154204458, -5.563714119822244, 0.0 ], [ 105.251256825757551, -5.563738061405868, 0.0 ], [ 105.251235458911964, -5.563799963083262, 0.0 ], [ 105.251225250655551, -5.563822984120358, 0.0 ], [ 105.251219208450678, -5.563833496771039, 0.0 ], [ 105.251212244875632, -5.563843018331544, 0.0 ], [ 105.251204331815202, -5.563851252997369, 0.0 ], [ 105.251171029398392, -5.563878544711231, 0.0 ], [ 105.251164873703075, -5.563885449715865, 0.0 ], [ 105.25116083284027, -5.563892968068632, 0.0 ], [ 105.25115944026814, -5.563900744019951, 0.0 ], [ 105.251159864571761, -5.563909127113892, 0.0 ], [ 105.251167788370324, -5.563945358085272, 0.0 ], [ 105.251168610217775, -5.563954380588529, 0.0 ], [ 105.251167817572892, -5.563963116104635, 0.0 ], [ 105.25116457375816, -5.563972279653399, 0.0 ], [ 105.251159397635334, -5.563981161778173, 0.0 ], [ 105.251139138380964, -5.564008441603566, 0.0 ], [ 105.251114078934265, -5.5640496404136, 0.0 ], [ 105.251107441341233, -5.564059261344303, 0.0 ], [ 105.251086811867594, -5.564084344866123, 0.0 ], [ 105.251081605795321, -5.564092868766608, 0.0 ], [ 105.25107847072789, -5.564100851716871, 0.0 ], [ 105.251071071631856, -5.564126647887786, 0.0 ], [ 105.251066413325319, -5.564136618974778, 0.0 ], [ 105.251060428619283, -5.564146470309598, 0.0 ], [ 105.251045742174441, -5.564165631353187, 0.0 ], [ 105.251028899966514, -5.564183475257346, 0.0 ], [ 105.251020055033962, -5.564191520343712, 0.0 ], [ 105.251002062288606, -5.564204512261924, 0.0 ], [ 105.250993102826357, -5.564208624033297, 0.0 ], [ 105.250984301268986, -5.564210367396662, 0.0 ], [ 105.250976077282715, -5.564209320612417, 0.0 ], [ 105.250968366106022, -5.564206065389988, 0.0 ], [ 105.250961464140261, -5.564201197759284, 0.0 ], [ 105.250955726428714, -5.564195205168806, 0.0 ], [ 105.250951585624293, -5.564188482761048, 0.0 ], [ 105.250945650068815, -5.564165187255321, 0.0 ], [ 105.250942678169537, -5.564161921874212, 0.0 ], [ 105.250938659981102, -5.564161170925598, 0.0 ], [ 105.250933945158465, -5.564163490612631, 0.0 ], [ 105.250923206580026, -5.564175136055469, 0.0 ], [ 105.250898025114111, -5.564211821673046, 0.0 ], [ 105.250883337103005, -5.564231564395371, 0.0 ], [ 105.250868883800308, -5.564246944856014, 0.0 ], [ 105.250866843281145, -5.564249116853729, 0.0 ], [ 105.250848721340802, -5.564264060125267, 0.0 ], [ 105.250829217272354, -5.56427734668842, 0.0 ], [ 105.250808722920326, -5.564288951046541, 0.0 ], [ 105.250787153281152, -5.564298562040409, 0.0 ], [ 105.250743397188288, -5.564315329102202, 0.0 ], [ 105.250733206570075, -5.56432036864655, 0.0 ], [ 105.250723658286191, -5.564326300794766, 0.0 ], [ 105.250714303024623, -5.564333901012125, 0.0 ], [ 105.250697630646997, -5.564351984564111, 0.0 ], [ 105.250653445188476, -5.564412390605682, 0.0 ], [ 105.250637985583438, -5.564428794633631, 0.0 ], [ 105.250629633693279, -5.564434877346407, 0.0 ], [ 105.250620650683317, -5.564438832620094, 0.0 ], [ 105.250611152839099, -5.564440217132927, 0.0 ], [ 105.250601069979453, -5.564439608073362, 0.0 ], [ 105.250579856214998, -5.564434627107414, 0.0 ], [ 105.250537331554412, -5.564421295440089, 0.0 ], [ 105.250527594007551, -5.56441951563176, 0.0 ], [ 105.250518629993138, -5.564419286947817, 0.0 ], [ 105.250510740441882, -5.564421241602056, 0.0 ], [ 105.250504166637256, -5.564425878851868, 0.0 ], [ 105.250498677250448, -5.564432753713962, 0.0 ], [ 105.250489867349387, -5.564451066412542, 0.0 ], [ 105.25046470571391, -5.564532582216164, 0.0 ], [ 105.250460113149771, -5.564544320027768, 0.0 ], [ 105.250448298998833, -5.564568272606662, 0.0 ], [ 105.250434581178339, -5.56459134940011, 0.0 ], [ 105.250430032600377, -5.564598216625002, 0.0 ], [ 105.250412249747555, -5.564625072910021, 0.0 ], [ 105.250326419571792, -5.564746138979904, 0.0 ], [ 105.250296122743023, -5.564758359017045, 0.0 ], [ 105.250266192110743, -5.564767551980458, 0.0 ], [ 105.2502499270513, -5.564771013693225, 0.0 ], [ 105.250233708297756, -5.564772951071826, 0.0 ], [ 105.250219364049869, -5.564772987916049, 0.0 ], [ 105.25020620915727, -5.564771468278948, 0.0 ], [ 105.250194671719456, -5.56476869503248, 0.0 ], [ 105.250183643194902, -5.564765168006885, 0.0 ], [ 105.25016220391376, -5.564756423830327, 0.0 ], [ 105.250142107225898, -5.564745520618557, 0.0 ], [ 105.250115303280154, -5.564726860270983, 0.0 ], [ 105.250097518419594, -5.564716949368984, 0.0 ], [ 105.250088438614569, -5.564714072854041, 0.0 ], [ 105.250079216747537, -5.564712604919697, 0.0 ], [ 105.250070064985294, -5.564712514718273, 0.0 ], [ 105.250061200048449, -5.56471386457789, 0.0 ], [ 105.25005285314208, -5.564716807284229, 0.0 ], [ 105.250044103702038, -5.564722258720756, 0.0 ], [ 105.250036061006881, -5.564729326444581, 0.0 ], [ 105.250013667853949, -5.564753794621059, 0.0 ], [ 105.25000608667041, -5.564761179676582, 0.0 ], [ 105.249998121200917, -5.564767247742815, 0.0 ], [ 105.249972967793241, -5.564778632412125, 0.0 ], [ 105.249965507311103, -5.56478320308892, 0.0 ], [ 105.249959785335648, -5.564788809743239, 0.0 ], [ 105.249954806931129, -5.564795576732171, 0.0 ], [ 105.249937672770102, -5.564825618862023, 0.0 ], [ 105.2499331022359, -5.564831824802714, 0.0 ], [ 105.249926769203839, -5.564837912078193, 0.0 ], [ 105.249918953319394, -5.564845423881387, 0.0 ], [ 105.249916428966827, -5.564850025937229, 0.0 ], [ 105.249916096329216, -5.564855558840779, 0.0 ], [ 105.249916076596577, -5.564855869139778, 0.0 ], [ 105.249917516819806, -5.564862542039798, 0.0 ], [ 105.249924970205512, -5.564883931747096, 0.0 ], [ 105.249926039225613, -5.564890334317814, 0.0 ], [ 105.249925032962182, -5.56489570738603, 0.0 ], [ 105.249921618015321, -5.564899501073467, 0.0 ], [ 105.24991621362004, -5.564902408154705, 0.0 ], [ 105.249885246951109, -5.564912782994893, 0.0 ], [ 105.249877389968546, -5.564917050785144, 0.0 ], [ 105.249869625940121, -5.564923353970142, 0.0 ], [ 105.249862555005279, -5.56493101834073, 0.0 ], [ 105.249842954310651, -5.564957207757677, 0.0 ], [ 105.249838116217589, -5.564962701861385, 0.0 ], [ 105.249835242781657, -5.564965964296761, 0.0 ], [ 105.24982556188634, -5.564974352577999, 0.0 ], [ 105.249815491973536, -5.564980909133064, 0.0 ], [ 105.249783031572676, -5.564999037343835, 0.0 ], [ 105.24977266579927, -5.565006279738707, 0.0 ], [ 105.249757348383156, -5.565019529214025, 0.0 ], [ 105.249751991642611, -5.565026250225123, 0.0 ], [ 105.249730862591321, -5.565089416436849, 0.0 ], [ 105.249720441669282, -5.565115755750696, 0.0 ], [ 105.249717970376082, -5.565122003318808, 0.0 ], [ 105.249710999046059, -5.565136778095837, 0.0 ], [ 105.249703827279816, -5.565149427964315, 0.0 ], [ 105.249696299703032, -5.565159771157894, 0.0 ], [ 105.249688162972774, -5.565168685282159, 0.0 ], [ 105.249669698315444, -5.565184674425615, 0.0 ], [ 105.249667473345724, -5.565186247627548, 0.0 ], [ 105.249649473207313, -5.565198980783549, 0.0 ], [ 105.249628234431896, -5.565211818438738, 0.0 ], [ 105.249606243606479, -5.565222660781336, 0.0 ], [ 105.249594958337113, -5.565226946302722, 0.0 ], [ 105.249584689118691, -5.565229791211006, 0.0 ], [ 105.249583440562347, -5.565230137310984, 0.0 ], [ 105.249571506902541, -5.565232014961476, 0.0 ], [ 105.249559406593804, -5.565232667803142, 0.0 ], [ 105.249535153191019, -5.565230841653221, 0.0 ], [ 105.249511135587639, -5.565225072992497, 0.0 ], [ 105.24948856217236, -5.565216112158769, 0.0 ], [ 105.249478188236765, -5.565210432710765, 0.0 ], [ 105.249468720401012, -5.565203790344971, 0.0 ], [ 105.249460470065429, -5.565195952437875, 0.0 ], [ 105.249453426137222, -5.565186306554635, 0.0 ], [ 105.249447673743049, -5.565175456957123, 0.0 ], [ 105.249438674416382, -5.565151450781157, 0.0 ], [ 105.249420877428918, -5.565087050835697, 0.0 ], [ 105.24941223176846, -5.565062402216967, 0.0 ], [ 105.249406792419279, -5.565050932809844, 0.0 ], [ 105.249400195032294, -5.56504035224644, 0.0 ], [ 105.249392239278009, -5.565030928384131, 0.0 ], [ 105.249373159648201, -5.565014536280373, 0.0 ], [ 105.249340151873653, -5.564993596120338, 0.0 ], [ 105.249304640758737, -5.564975704740357, 0.0 ], [ 105.24927995705491, -5.564966176677839, 0.0 ], [ 105.249256107207145, -5.564959943856143, 0.0 ], [ 105.249231796801368, -5.564955658912607, 0.0 ], [ 105.249207382282549, -5.564952852189697, 0.0 ], [ 105.249183159851313, -5.56495164659294, 0.0 ], [ 105.249159465696749, -5.564952785592351, 0.0 ], [ 105.249147952789826, -5.564954664865594, 0.0 ], [ 105.249136981137013, -5.564957544439006, 0.0 ], [ 105.249094203648824, -5.564972090083833, 0.0 ], [ 105.249083342833543, -5.564974452156795, 0.0 ], [ 105.249071855790461, -5.564975572426807, 0.0 ], [ 105.249060159695944, -5.564975544799894, 0.0 ], [ 105.249036328619837, -5.564973151242824, 0.0 ], [ 105.248950766588649, -5.564957580564736, 0.0 ], [ 105.248912598201372, -5.564954554381136, 0.0 ], [ 105.248860702863809, -5.564955204102588, 0.0 ], [ 105.248704677044387, -5.564962846266797, 0.0 ], [ 105.24867903763267, -5.564962980110464, 0.0 ], [ 105.248653887794731, -5.564961453736719, 0.0 ], [ 105.248629662098068, -5.564956773405848, 0.0 ], [ 105.24860817143869, -5.564948203788829, 0.0 ], [ 105.248587405597277, -5.56493699322851, 0.0 ], [ 105.248558767795856, -5.564920207085883, 0.0 ], [ 105.248545995933142, -5.564912721165742, 0.0 ], [ 105.248535315081526, -5.564907170288344, 0.0 ], [ 105.248511614291445, -5.56489680589363, 0.0 ], [ 105.24846229923989, -5.564879801395549, 0.0 ], [ 105.248396630576067, -5.564859669212869, 0.0 ], [ 105.248349395952459, -5.564845187767462, 0.0 ], [ 105.248325242395481, -5.564835967922167, 0.0 ], [ 105.248302545188722, -5.564824553716567, 0.0 ], [ 105.248282452426594, -5.56481002465108, 0.0 ], [ 105.248264630312335, -5.564793033110137, 0.0 ], [ 105.248249501660965, -5.564774201306607, 0.0 ], [ 105.248243353231771, -5.564764089142358, 0.0 ], [ 105.248238518280473, -5.564753423691598, 0.0 ], [ 105.248235105813919, -5.56474162503577, 0.0 ], [ 105.24823297433467, -5.564729305674113, 0.0 ], [ 105.248228368791814, -5.564677901583509, 0.0 ], [ 105.248226253361736, -5.564665097329312, 0.0 ], [ 105.248219140042337, -5.564640628972775, 0.0 ], [ 105.248209319169291, -5.564616690064021, 0.0 ], [ 105.248198005040123, -5.564593056646374, 0.0 ], [ 105.248130096087422, -5.564464613118619, 0.0 ], [ 105.248119465586939, -5.5644412960346, 0.0 ], [ 105.248111402908918, -5.564417966109735, 0.0 ], [ 105.248109000836962, -5.564406293677048, 0.0 ], [ 105.248108214038766, -5.56439461785086, 0.0 ], [ 105.248109397280473, -5.564382770219387, 0.0 ], [ 105.248116022692187, -5.564359036074525, 0.0 ], [ 105.248134307917923, -5.564311268945306, 0.0 ], [ 105.248137759146644, -5.564299234004201, 0.0 ], [ 105.248139910191227, -5.564287154378238, 0.0 ], [ 105.248140390189619, -5.564277725138814, 0.0 ], [ 105.248138262388551, -5.564259092309268, 0.0 ], [ 105.248135686260966, -5.56425005696838, 0.0 ], [ 105.248131355291221, -5.564239775775199, 0.0 ], [ 105.248125890450794, -5.564229881339264, 0.0 ], [ 105.248112586611171, -5.564211160938371, 0.0 ], [ 105.24809721672149, -5.564194038996202, 0.0 ], [ 105.24808899082629, -5.564186273428943, 0.0 ], [ 105.248071606437193, -5.564173108313589, 0.0 ], [ 105.248062417446178, -5.56416818914085, 0.0 ], [ 105.248034844786716, -5.564159252967033, 0.0 ], [ 105.248025898380675, -5.564155788348943, 0.0 ], [ 105.248016471746581, -5.56415043233544, 0.0 ], [ 105.248007533886039, -5.56414365764452, 0.0 ], [ 105.247999004575462, -5.564135783646987, 0.0 ], [ 105.247990837869295, -5.564127053709675, 0.0 ], [ 105.247975568163497, -5.564107673746489, 0.0 ], [ 105.247957415831436, -5.564078248994279, 0.0 ], [ 105.247946744755339, -5.564052872063479, 0.0 ], [ 105.247942341579758, -5.564038328246642, 0.0 ], [ 105.24793884912431, -5.564023072097093, 0.0 ], [ 105.247934350172159, -5.563993267084124, 0.0 ], [ 105.247931486993721, -5.563952043047652, 0.0 ], [ 105.247926606948752, -5.563926375102461, 0.0 ], [ 105.24791816281693, -5.563901973338708, 0.0 ], [ 105.247910820645671, -5.563887228118016, 0.0 ], [ 105.24790189324267, -5.563873070673321, 0.0 ], [ 105.247891814297134, -5.563860220009144, 0.0 ], [ 105.247881059929171, -5.563849383351945, 0.0 ], [ 105.247870115285082, -5.563841261591945, 0.0 ], [ 105.247859662013482, -5.563835772120703, 0.0 ], [ 105.247837375026535, -5.563827134959799, 0.0 ], [ 105.247814189601371, -5.563820508280289, 0.0 ], [ 105.247790879284281, -5.563815338118876, 0.0 ], [ 105.247768071627959, -5.56381172734061, 0.0 ], [ 105.247746490128947, -5.563810345978128, 0.0 ], [ 105.247720037362981, -5.563810727085625, 0.0 ], [ 105.247710159059096, -5.563809132739737, 0.0 ], [ 105.247681130853863, -5.56380210232643, 0.0 ], [ 105.247671534708772, -5.563801598854353, 0.0 ], [ 105.247662750126281, -5.563802926027919, 0.0 ], [ 105.247626660427869, -5.563815380852875, 0.0 ], [ 105.247617125870434, -5.563817493566098, 0.0 ], [ 105.247606862118644, -5.563818265912315, 0.0 ], [ 105.24756392592063, -5.563815920117531, 0.0 ], [ 105.247553138449973, -5.563816593172499, 0.0 ], [ 105.247542554718791, -5.563818674662553, 0.0 ], [ 105.247532161962098, -5.5638218669673, 0.0 ], [ 105.247494247852245, -5.563837288856787, 0.0 ], [ 105.247486461409551, -5.563839681272055, 0.0 ], [ 105.247479859795135, -5.563840473790726, 0.0 ], [ 105.247474841807062, -5.563838995909048, 0.0 ], [ 105.24747161115674, -5.563834428844521, 0.0 ], [ 105.24747010034848, -5.563827301838485, 0.0 ], [ 105.24747053013202, -5.563807876374208, 0.0 ], [ 105.24747364341772, -5.563784387960989, 0.0 ], [ 105.247486852968009, -5.563707204163032, 0.0 ], [ 105.247489609295585, -5.563682962336341, 0.0 ], [ 105.247489831343202, -5.563676329439997, 0.0 ], [ 105.24748997937003, -5.563671895748816, 0.0 ], [ 105.247489305257673, -5.563661926924889, 0.0 ], [ 105.247487198887285, -5.563653467637501, 0.0 ], [ 105.2474831548639, -5.563647054548813, 0.0 ], [ 105.247477290828868, -5.563643322665065, 0.0 ], [ 105.247469750881038, -5.563641401664321, 0.0 ], [ 105.247460988992131, -5.563640854416069, 0.0 ], [ 105.247441202849899, -5.563642595098028, 0.0 ], [ 105.24742020870697, -5.563646660300162, 0.0 ], [ 105.247381777696987, -5.563656673570486, 0.0 ], [ 105.247373178904709, -5.563657505824944, 0.0 ], [ 105.24736344973914, -5.563656289549074, 0.0 ], [ 105.247353854365258, -5.5636533037457, 0.0 ], [ 105.247326311111721, -5.563641193151224, 0.0 ], [ 105.247317792997336, -5.563638469240439, 0.0 ], [ 105.247309793953946, -5.563637687368927, 0.0 ], [ 105.247303206132685, -5.563639073322059, 0.0 ], [ 105.247299736945351, -5.563640570142649, 0.0 ], [ 105.247274964259134, -5.563651263394696, 0.0 ], [ 105.247246696334926, -5.563665937611945, 0.0 ], [ 105.247240181149053, -5.563668292400879, 0.0 ], [ 105.247233754625285, -5.563668912962187, 0.0 ], [ 105.247226547827367, -5.563666950205341, 0.0 ], [ 105.247219315706772, -5.563662724960237, 0.0 ], [ 105.247188301382224, -5.563636781190318, 0.0 ], [ 105.247179410843216, -5.563630855016258, 0.0 ], [ 105.247143423961418, -5.563614920429455, 0.0 ], [ 105.247133437552336, -5.563609568254119, 0.0 ], [ 105.247095336352629, -5.563585582370258, 0.0 ], [ 105.247086070709244, -5.563580846855015, 0.0 ], [ 105.247076866125568, -5.563577467365914, 0.0 ], [ 105.247056853962391, -5.563574164774592, 0.0 ], [ 105.24704125935402, -5.563570158333558, 0.0 ], [ 105.247033985226082, -5.563566954439585, 0.0 ], [ 105.247027441131607, -5.563562777754279, 0.0 ], [ 105.247021959256514, -5.563557440878527, 0.0 ], [ 105.247017234785289, -5.563549646689633, 0.0 ], [ 105.247013887548945, -5.563540467828269, 0.0 ], [ 105.247011441895097, -5.563530315199181, 0.0 ], [ 105.247005492444956, -5.563497133771395, 0.0 ], [ 105.24700269877755, -5.563486020562777, 0.0 ], [ 105.246998809153155, -5.563475274191314, 0.0 ], [ 105.246993158899699, -5.563464549363745, 0.0 ], [ 105.246986178003311, -5.563454348878491, 0.0 ], [ 105.246978213121409, -5.563444545941088, 0.0 ], [ 105.246960337964168, -5.563425746912608, 0.0 ], [ 105.246881590104536, -5.563353353679626, 0.0 ], [ 105.246863257913361, -5.563334130564095, 0.0 ], [ 105.246854843236264, -5.563323946055971, 0.0 ], [ 105.246847420820444, -5.563313722233048, 0.0 ], [ 105.246833969609412, -5.563292209245148, 0.0 ], [ 105.246785751953738, -5.563202037946198, 0.0 ], [ 105.246765606868038, -5.563170061098667, 0.0 ], [ 105.246750311407695, -5.56315155589571, 0.0 ], [ 105.246717124862244, -5.563119320347242, 0.0 ], [ 105.246701298406762, -5.56310274676644, 0.0 ], [ 105.24668727115241, -5.563083378911514, 0.0 ], [ 105.246681118760762, -5.563072316860526, 0.0 ], [ 105.246670404374399, -5.56304899887612, 0.0 ], [ 105.246629153346959, -5.5629390239381, 0.0 ], [ 105.246618089807725, -5.562916333012352, 0.0 ], [ 105.246611588245884, -5.562905860025568, 0.0 ], [ 105.246604112829473, -5.562896261325847, 0.0 ], [ 105.246595286165771, -5.562887574161059, 0.0 ], [ 105.246585454961306, -5.562879790244461, 0.0 ], [ 105.24657489178648, -5.56287266340066, 0.0 ], [ 105.246552343011615, -5.562859681322919, 0.0 ], [ 105.246504646100959, -5.562836025077115, 0.0 ], [ 105.246419484325742, -5.562796378722742, 0.0 ], [ 105.246382798647289, -5.562780372911476, 0.0 ], [ 105.246358156605467, -5.562770831132892, 0.0 ], [ 105.246333248063351, -5.562763103263205, 0.0 ], [ 105.246296496289915, -5.562755328772826, 0.0 ], [ 105.24627325144391, -5.562748973446027, 0.0 ], [ 105.246262530354571, -5.562744223145616, 0.0 ], [ 105.24625251644251, -5.562737816158083, 0.0 ], [ 105.246234432823172, -5.562721335778772, 0.0 ], [ 105.246209963853943, -5.562691558079591, 0.0 ], [ 105.246133550133848, -5.562582183980007, 0.0 ], [ 105.246110125037205, -5.562550524193994, 0.0 ], [ 105.246093624001375, -5.562531407939818, 0.0 ], [ 105.246084856158632, -5.562523010226264, 0.0 ], [ 105.246075558809935, -5.562515792381083, 0.0 ], [ 105.2460655407193, -5.562510179663772, 0.0 ], [ 105.246054789404027, -5.562506552027362, 0.0 ], [ 105.246043331768092, -5.56250446980663, 0.0 ], [ 105.246031358137344, -5.562503490554318, 0.0 ], [ 105.245954759209795, -5.562504579110928, 0.0 ], [ 105.245917683371914, -5.562501280878798, 0.0 ], [ 105.245893142967333, -5.562497280848554, 0.0 ], [ 105.245868902706704, -5.562492031387405, 0.0 ], [ 105.245845204420789, -5.562485185918332, 0.0 ], [ 105.245833679062116, -5.562480911784339, 0.0 ], [ 105.245810630036758, -5.562469912851214, 0.0 ], [ 105.245788335036636, -5.562457006626529, 0.0 ], [ 105.245755616376172, -5.562435885204198, 0.0 ], [ 105.245723466139154, -5.562413801008565, 0.0 ], [ 105.245672548244499, -5.562376017400495, 0.0 ], [ 105.245654647564038, -5.562360810655875, 0.0 ], [ 105.245633506021974, -5.562340306796393, 0.0 ], [ 105.245626447066087, -5.562335557672971, 0.0 ], [ 105.245617490955226, -5.562332542625332, 0.0 ], [ 105.245607428721897, -5.562331505576278, 0.0 ], [ 105.245596587942018, -5.562332029351365, 0.0 ], [ 105.245573599629324, -5.562336777413529, 0.0 ], [ 105.245561881790024, -5.562340804310653, 0.0 ], [ 105.245538704660518, -5.562351815257632, 0.0 ], [ 105.245515828287012, -5.562365232415157, 0.0 ], [ 105.245493148316854, -5.562379801094041, 0.0 ], [ 105.245358246331222, -5.562470577008088, 0.0 ], [ 105.245335599309485, -5.562484058292843, 0.0 ], [ 105.245312706583931, -5.562495078159426, 0.0 ], [ 105.245301112379266, -5.562498969304491, 0.0 ], [ 105.245289374837412, -5.56250121768664, 0.0 ], [ 105.245278637789184, -5.562501507111696, 0.0 ], [ 105.24526781528148, -5.562500377195358, 0.0 ], [ 105.245256969737383, -5.562498126442132, 0.0 ], [ 105.24523546990261, -5.562491059302673, 0.0 ], [ 105.245214734563007, -5.562481200132328, 0.0 ], [ 105.24519559705054, -5.562468462644186, 0.0 ], [ 105.24517762513473, -5.56245127837602, 0.0 ], [ 105.24513636988064, -5.562404487748891, 0.0 ], [ 105.245127427047194, -5.562396464613157, 0.0 ], [ 105.245117812931326, -5.562389570744222, 0.0 ], [ 105.245098314819188, -5.562380347015849, 0.0 ], [ 105.245055692942771, -5.562367113586346, 0.0 ], [ 105.245033372550765, -5.562358257406383, 0.0 ], [ 105.245011285379306, -5.56234569935061, 0.0 ], [ 105.245001119393777, -5.562338307253389, 0.0 ], [ 105.244996818275467, -5.562334543032177, 0.0 ], [ 105.244991759357788, -5.562330114216817, 0.0 ], [ 105.24498345080373, -5.562320990775729, 0.0 ], [ 105.244976522435124, -5.562311061633744, 0.0 ], [ 105.244970512895136, -5.562300374928268, 0.0 ], [ 105.244949566041555, -5.562254985279586, 0.0 ], [ 105.24493721290537, -5.562233637336402, 0.0 ], [ 105.24492122212672, -5.562214711713928, 0.0 ], [ 105.244895260291699, -5.562188152372511, 0.0 ], [ 105.244887475338857, -5.562178839643241, 0.0 ], [ 105.244880781707593, -5.562168868789152, 0.0 ], [ 105.244875883043832, -5.56215895327752, 0.0 ], [ 105.244871952927284, -5.562148424924027, 0.0 ], [ 105.244857092384379, -5.562091921078278, 0.0 ], [ 105.244848747740733, -5.562069742820954, 0.0 ], [ 105.244837536887133, -5.562048684789924, 0.0 ], [ 105.24482435375586, -5.562028920304567, 0.0 ], [ 105.244809527219275, -5.562010982964625, 0.0 ], [ 105.244801438565631, -5.562003047218857, 0.0 ], [ 105.244792795041022, -5.56199609323526, 0.0 ], [ 105.244783461339608, -5.561990429551491, 0.0 ], [ 105.244773573024787, -5.561986370925228, 0.0 ], [ 105.24476306761656, -5.561983480442311, 0.0 ], [ 105.244695016216724, -5.561973199416234, 0.0 ], [ 105.244649191053227, -5.56196027214698, 0.0 ], [ 105.244638379762378, -5.561957855818865, 0.0 ], [ 105.244627937355858, -5.561956663312652, 0.0 ], [ 105.244617976034732, -5.561957282596483, 0.0 ], [ 105.244608886900053, -5.561960077172669, 0.0 ], [ 105.244600400755928, -5.561964720578565, 0.0 ], [ 105.244592571607129, -5.56197080480013, 0.0 ], [ 105.244585510383885, -5.561978026737701, 0.0 ], [ 105.244579393063589, -5.561986178251677, 0.0 ], [ 105.244574470594955, -5.5619951271609, 0.0 ], [ 105.244571085148323, -5.56200481361746, 0.0 ], [ 105.24456947789642, -5.562015482678296, 0.0 ], [ 105.244569398566043, -5.562026715599791, 0.0 ], [ 105.244572107923403, -5.56205025044053, 0.0 ], [ 105.244580101450182, -5.562098951021239, 0.0 ], [ 105.244580976860348, -5.562111118942489, 0.0 ], [ 105.244580753413885, -5.562123189618374, 0.0 ], [ 105.244579071903871, -5.562135509674109, 0.0 ], [ 105.244572302128432, -5.562159779391624, 0.0 ], [ 105.244557096786707, -5.562195300873211, 0.0 ], [ 105.244538216778324, -5.562228868050477, 0.0 ], [ 105.244523368806853, -5.562248668586053, 0.0 ], [ 105.24451491041485, -5.562257122314136, 0.0 ], [ 105.244506936829694, -5.562263280774888, 0.0 ], [ 105.244498372302715, -5.562268344868588, 0.0 ], [ 105.244489307984722, -5.562272215047288, 0.0 ], [ 105.244479809717603, -5.56227472392565, 0.0 ], [ 105.244468025643528, -5.562275796281459, 0.0 ], [ 105.244455873424599, -5.562275248583113, 0.0 ], [ 105.244443514898066, -5.562273613595266, 0.0 ], [ 105.24439524882726, -5.562264147558438, 0.0 ], [ 105.244384499375712, -5.562262815861119, 0.0 ], [ 105.244374882637032, -5.562262669674664, 0.0 ], [ 105.244368194558945, -5.56226395160289, 0.0 ], [ 105.24436687283314, -5.562264205448968, 0.0 ], [ 105.244361359281086, -5.562267352253958, 0.0 ], [ 105.244357542703767, -5.562271577589054, 0.0 ], [ 105.244355401118298, -5.562276121567551, 0.0 ], [ 105.244355038048397, -5.562280236011061, 0.0 ], [ 105.244356688833221, -5.562283157307714, 0.0 ], [ 105.244360141956307, -5.562284302958331, 0.0 ], [ 105.244372898715412, -5.562283890587434, 0.0 ], [ 105.244386701910443, -5.562283446120468, 0.0 ], [ 105.244396836437474, -5.562284639662868, 0.0 ], [ 105.244454802077414, -5.562298051329547, 0.0 ], [ 105.244479513617918, -5.562301087910176, 0.0 ], [ 105.244517050667142, -5.562304025996585, 0.0 ], [ 105.244541438293723, -5.562307602777649, 0.0 ], [ 105.244553148258362, -5.562310727066202, 0.0 ], [ 105.244564690863172, -5.562315249994033, 0.0 ], [ 105.244586488954326, -5.562327455378087, 0.0 ], [ 105.244606660333034, -5.562342558990834, 0.0 ], [ 105.244624671114039, -5.562359888907894, 0.0 ], [ 105.244632449837113, -5.56236942418416, 0.0 ], [ 105.244639039744996, -5.562379662856886, 0.0 ], [ 105.244643962110729, -5.562390131999055, 0.0 ], [ 105.244650585960542, -5.562412593219778, 0.0 ], [ 105.244651488793409, -5.562419012155705, 0.0 ], [ 105.244653883059968, -5.562436019259342, 0.0 ], [ 105.244653939642077, -5.562459335372251, 0.0 ], [ 105.244652442792244, -5.562470606876162, 0.0 ], [ 105.244649591410592, -5.56248140219763, 0.0 ], [ 105.244644722129749, -5.562492343097949, 0.0 ], [ 105.244638256209015, -5.562502484960445, 0.0 ], [ 105.244630479835706, -5.562511758009294, 0.0 ], [ 105.244621559079107, -5.562520011101038, 0.0 ], [ 105.244611546205576, -5.562526999057117, 0.0 ], [ 105.244600746258925, -5.562532399699913, 0.0 ], [ 105.244577008806331, -5.562540003071621, 0.0 ], [ 105.244551690150672, -5.562544834382784, 0.0 ], [ 105.244525750406055, -5.562547720978887, 0.0 ], [ 105.244499838711462, -5.562548567603825, 0.0 ], [ 105.244486897341659, -5.56254797319227, 0.0 ], [ 105.244461962583884, -5.562544469007128, 0.0 ], [ 105.244450275200293, -5.562541376369952, 0.0 ], [ 105.244439386399876, -5.562537133606909, 0.0 ], [ 105.244429736812393, -5.562531787576652, 0.0 ], [ 105.24438718830902, -5.56250162467501, 0.0 ], [ 105.244383151420379, -5.562497085969742, 0.0 ], [ 105.244380265145324, -5.562491162691863, 0.0 ], [ 105.244378845782322, -5.562484550376882, 0.0 ], [ 105.244379542589925, -5.56247088010518, 0.0 ], [ 105.244381392733061, -5.562464610198247, 0.0 ], [ 105.244388675402689, -5.562449193961174, 0.0 ], [ 105.244390211787831, -5.562441821430612, 0.0 ], [ 105.244390614689721, -5.562433585440416, 0.0 ], [ 105.244390081129879, -5.56242494998819, 0.0 ], [ 105.244386695651727, -5.562408316004548, 0.0 ], [ 105.244383950680231, -5.562401300770191, 0.0 ], [ 105.244380481359855, -5.562395913279424, 0.0 ], [ 105.244376198590075, -5.562392845617109, 0.0 ], [ 105.244371128745385, -5.562392560042292, 0.0 ], [ 105.244351488389654, -5.562399630685301, 0.0 ], [ 105.244343579873956, -5.562401569885898, 0.0 ], [ 105.244335141639667, -5.562401994037327, 0.0 ], [ 105.244326357926369, -5.562401024284715, 0.0 ], [ 105.244317577339118, -5.562398877596778, 0.0 ], [ 105.244309159290069, -5.562395703994559, 0.0 ], [ 105.244301492054333, -5.562391582020825, 0.0 ], [ 105.244295018957487, -5.562386527775463, 0.0 ], [ 105.24429026275331, -5.562380494000895, 0.0 ], [ 105.244287626953636, -5.562373286937595, 0.0 ], [ 105.244287085608548, -5.562365473804263, 0.0 ], [ 105.244288396045874, -5.562357552252245, 0.0 ], [ 105.244291438379364, -5.562350002693908, 0.0 ], [ 105.244295774985417, -5.562343499265668, 0.0 ], [ 105.24431068142998, -5.562325342438274, 0.0 ], [ 105.244313883027246, -5.562318654933791, 0.0 ], [ 105.244315153625408, -5.562310462911493, 0.0 ], [ 105.244314404172101, -5.562301575154551, 0.0 ], [ 105.244312085347431, -5.562292326192348, 0.0 ], [ 105.244308534963139, -5.562283033412854, 0.0 ], [ 105.244298660092525, -5.562265606034355, 0.0 ], [ 105.244292614892785, -5.562258183269699, 0.0 ], [ 105.244274577424136, -5.562241790557788, 0.0 ], [ 105.244270458839367, -5.562236188031256, 0.0 ], [ 105.244268290280758, -5.56223006272127, 0.0 ], [ 105.24426573220893, -5.56220334258611, 0.0 ], [ 105.244263427595499, -5.562197899429383, 0.0 ], [ 105.244259277064884, -5.56219364934963, 0.0 ], [ 105.244253651712881, -5.562190612095222, 0.0 ], [ 105.244247079707065, -5.562188732264531, 0.0 ], [ 105.244240029656311, -5.562188032279491, 0.0 ], [ 105.244232934086455, -5.562188613280492, 0.0 ], [ 105.244226208401557, -5.562190656927759, 0.0 ], [ 105.244200696054733, -5.5622074530445, 0.0 ], [ 105.24418116213451, -5.562216448707108, 0.0 ], [ 105.244159178030344, -5.56222388307342, 0.0 ], [ 105.244147743232148, -5.56222679983496, 0.0 ], [ 105.244124765203026, -5.562230235207144, 0.0 ], [ 105.244113532359236, -5.562230251615322, 0.0 ], [ 105.244102155298322, -5.562228672301699, 0.0 ], [ 105.244091477365018, -5.562225608187768, 0.0 ], [ 105.244081810130865, -5.562221240072296, 0.0 ], [ 105.244073562635762, -5.562215642871012, 0.0 ], [ 105.244067113242281, -5.562208942172143, 0.0 ], [ 105.244062424282887, -5.562201754049749, 0.0 ], [ 105.244059457229639, -5.562194797706961, 0.0 ], [ 105.244058318925411, -5.562188805856307, 0.0 ], [ 105.244059263404878, -5.562184561809145, 0.0 ], [ 105.244062187986501, -5.562182667192165, 0.0 ], [ 105.244076762087403, -5.562181834323975, 0.0 ], [ 105.244081405039452, -5.562180356034086, 0.0 ], [ 105.244084410590247, -5.562177755765932, 0.0 ], [ 105.244086360224799, -5.562174092080435, 0.0 ], [ 105.244086959730552, -5.562169679008669, 0.0 ], [ 105.244086015325564, -5.562165339851309, 0.0 ], [ 105.244085709572559, -5.562163941407591, 0.0 ], [ 105.244082806048866, -5.56215777931072, 0.0 ], [ 105.244064079291434, -5.562131669256623, 0.0 ], [ 105.244058041936043, -5.562125743661833, 0.0 ], [ 105.244050370828504, -5.562120977583956, 0.0 ], [ 105.244011209450903, -5.562104786288876, 0.0 ], [ 105.243992146949239, -5.562092131955549, 0.0 ], [ 105.243965079104669, -5.562067726971305, 0.0 ], [ 105.243904277057666, -5.562004954858945, 0.0 ], [ 105.243859904575416, -5.561965518321846, 0.0 ], [ 105.243836649059304, -5.561937501345423, 0.0 ], [ 105.243828611096006, -5.561929845097842, 0.0 ], [ 105.243810203579912, -5.561915923994349, 0.0 ], [ 105.243758465760592, -5.561884089451191, 0.0 ], [ 105.243738081086278, -5.561870571726004, 0.0 ], [ 105.243719437312933, -5.56185517525258, 0.0 ], [ 105.243702592237767, -5.561835735208603, 0.0 ], [ 105.243687782299858, -5.56181415937797, 0.0 ], [ 105.24364669880589, -5.561745544177002, 0.0 ], [ 105.243632264128422, -5.561723127781098, 0.0 ], [ 105.24361661740528, -5.561702007326776, 0.0 ], [ 105.243575837365256, -5.561653315741123, 0.0 ], [ 105.243562353906896, -5.561634243397116, 0.0 ], [ 105.243557199900451, -5.561624688929146, 0.0 ], [ 105.243544851823501, -5.561593532866694, 0.0 ], [ 105.243528608671426, -5.561573321816988, 0.0 ], [ 105.243511003175911, -5.561544604113569, 0.0 ], [ 105.243507835192759, -5.561538631191805, 0.0 ], [ 105.243498820395018, -5.56151579823111, 0.0 ], [ 105.243484617561506, -5.561499460902438, 0.0 ], [ 105.243465897839073, -5.561472777283361, 0.0 ], [ 105.243448527174365, -5.561453026252434, 0.0 ], [ 105.243424538724312, -5.561412244213412, 0.0 ], [ 105.243416317745016, -5.561389835198871, 0.0 ], [ 105.243411176095208, -5.561381776090844, 0.0 ], [ 105.243404495954792, -5.561373792702358, 0.0 ], [ 105.243372490655929, -5.561341534752932, 0.0 ], [ 105.243365433819946, -5.561333083821462, 0.0 ], [ 105.243359732092614, -5.561324323849487, 0.0 ], [ 105.24335639292525, -5.561317033844453, 0.0 ], [ 105.24334911239913, -5.561295945212337, 0.0 ], [ 105.243340087742098, -5.561277659867833, 0.0 ], [ 105.243334816079809, -5.561260812254565, 0.0 ], [ 105.243330164359463, -5.561254120756311, 0.0 ], [ 105.243315698164253, -5.561240640378354, 0.0 ], [ 105.243297477887111, -5.561227468220129, 0.0 ], [ 105.243263277776791, -5.56120643682185, 0.0 ], [ 105.243253155121536, -5.561198925262367, 0.0 ], [ 105.243247902056552, -5.561192178828355, 0.0 ], [ 105.243243723868062, -5.561184303867639, 0.0 ], [ 105.243233332160159, -5.561159218920899, 0.0 ], [ 105.243229172390912, -5.561152223260586, 0.0 ], [ 105.243223867590928, -5.5611470156369, 0.0 ], [ 105.243216793187202, -5.561144145422502, 0.0 ], [ 105.24320830844583, -5.561143409830321, 0.0 ], [ 105.243198752639103, -5.561144288553645, 0.0 ], [ 105.243177442045265, -5.561149354262593, 0.0 ], [ 105.243148801205592, -5.561159557716592, 0.0 ], [ 105.243131580283986, -5.561126227092453, 0.0 ], [ 105.242988812782826, -5.560769309402282, 0.0 ], [ 105.242846043555076, -5.560498051843241, 0.0 ], [ 105.242724691334715, -5.560344575641717, 0.0 ], [ 105.242385619052556, -5.559937687563254, 0.0 ], [ 105.242225005551404, -5.559769934990224, 0.0 ], [ 105.242073574843033, -5.559355511828927, 0.0 ], [ 105.241978709179364, -5.559199772942589, 0.0 ], [ 105.241869931648566, -5.559030108310745, 0.0 ], [ 105.241806672736416, -5.558888286058154, 0.0 ], [ 105.241796520254397, -5.558792037620479, 0.0 ], [ 105.24180368984193, -5.558696346581603, 0.0 ], [ 105.241806576882297, -5.558657786101725, 0.0 ], [ 105.241854501788225, -5.558391801038181, 0.0 ], [ 105.241851636913282, -5.558358553140264, 0.0 ], [ 105.24183418287889, -5.558156244293363, 0.0 ], [ 105.241717783021883, -5.557890324711966, 0.0 ], [ 105.241586487002465, -5.557634230138893, 0.0 ], [ 105.24152043738286, -5.557505391444571, 0.0 ], [ 105.241420934036967, -5.557296362098193, 0.0 ], [ 105.241290185092865, -5.557021687758771, 0.0 ], [ 105.241095352781784, -5.556601289656883, 0.0 ], [ 105.241052782653995, -5.55648982122139, 0.0 ], [ 105.241052311749101, -5.556488582059145, 0.0 ], [ 105.240943507136009, -5.556203675346215, 0.0 ], [ 105.240771448378908, -5.555831394572291, 0.0 ], [ 105.240584227887368, -5.555479385618053, 0.0 ], [ 105.240504658409037, -5.555364613081352, 0.0 ], [ 105.240348982305207, -5.555140060165395, 0.0 ], [ 105.240286135433635, -5.555034924235096, 0.0 ], [ 105.24016430779244, -5.554831111706171, 0.0 ], [ 105.239985569425357, -5.554425039690554, 0.0 ], [ 105.239897886416472, -5.554300021703904, 0.0 ], [ 105.239842470131791, -5.55422101137093, 0.0 ], [ 105.239669053586553, -5.554062589992344, 0.0 ], [ 105.239385168807402, -5.554010598809276, 0.0 ], [ 105.239010346821033, -5.553892781170235, 0.0 ], [ 105.238895386052974, -5.55385664574098, 0.0 ], [ 105.238734984422564, -5.553728613758451, 0.0 ], [ 105.238570229782823, -5.55355716083665, 0.0 ], [ 105.238396826850547, -5.553431305136113, 0.0 ], [ 105.238157139733019, -5.553378458720718, 0.0 ], [ 105.238121604782194, -5.553370622588017, 0.0 ], [ 105.237670822091872, -5.553427256233323, 0.0 ], [ 105.237403592386627, -5.55347946993697, 0.0 ], [ 105.237065644955834, -5.553708298263754, 0.0 ], [ 105.236896128567594, -5.553861284557931, 0.0 ], [ 105.236892355899442, -5.553864688416436, 0.0 ], [ 105.236755145635257, -5.553937115408571, 0.0 ], [ 105.236740728807263, -5.554008044854924, 0.0 ], [ 105.236784120411102, -5.554139742852628, 0.0 ], [ 105.236735048347839, -5.554251213092512, 0.0 ], [ 105.236612276012806, -5.554299028098658, 0.0 ], [ 105.2365181654244, -5.554323950581233, 0.0 ], [ 105.23651537763152, -5.554324689882394, 0.0 ], [ 105.23650827363349, -5.55432657075609, 0.0 ], [ 105.236356596549712, -5.554338210829876, 0.0 ], [ 105.236271351602554, -5.554304954223842, 0.0 ], [ 105.23606041428441, -5.55423990274828, 0.0 ], [ 105.235830723298491, -5.554242891129668, 0.0 ], [ 105.235683375347989, -5.554247292192634, 0.0 ], [ 105.235498434010808, -5.554169205153913, 0.0 ], [ 105.23534526056072, -5.554054918948, 0.0 ], [ 105.235238792387094, -5.553975439983779, 0.0 ], [ 105.235220715105356, -5.553925692049993, 0.0 ], [ 105.235168758404001, -5.553821676562097, 0.0 ], [ 105.23508521536354, -5.553753863709836, 0.0 ], [ 105.234952023953426, -5.553710946345601, 0.0 ], [ 105.234660282835236, -5.553640724805498, 0.0 ], [ 105.234479491557067, -5.553597208365561, 0.0 ], [ 105.234353534682029, -5.553580973932206, 0.0 ], [ 105.234284451728925, -5.55354843433016, 0.0 ], [ 105.234213998930869, -5.553476544378626, 0.0 ], [ 105.234164435860848, -5.553436292215341, 0.0 ], [ 105.234139848961306, -5.553416325723645, 0.0 ], [ 105.234025982257421, -5.553378737855774, 0.0 ], [ 105.233888649656762, -5.55337055911165, 0.0 ], [ 105.233857283649243, -5.55337955368499, 0.0 ], [ 105.233683268367642, -5.553429442798767, 0.0 ], [ 105.233547113617561, -5.553427144567026, 0.0 ], [ 105.233457881155402, -5.553355441965896, 0.0 ], [ 105.233392506794814, -5.553305575147175, 0.0 ], [ 105.233383913343999, -5.553299021718662, 0.0 ], [ 105.233237195427847, -5.553297903616628, 0.0 ], [ 105.233094023682924, -5.553360289729824, 0.0 ], [ 105.233029508649352, -5.553463805865288, 0.0 ], [ 105.23298026834064, -5.553603772919302, 0.0 ], [ 105.232933349230336, -5.553683762400373, 0.0 ], [ 105.232821333903715, -5.553741670870923, 0.0 ], [ 105.232819520390976, -5.553742608791397, 0.0 ], [ 105.232689818912533, -5.553787574300513, 0.0 ], [ 105.232659911548794, -5.553797943288537, 0.0 ], [ 105.232595355330787, -5.55379443970847, 0.0 ], [ 105.232431008632872, -5.553740407878182, 0.0 ], [ 105.232155059786038, -5.553646632029849, 0.0 ], [ 105.231829276300985, -5.553498669635861, 0.0 ], [ 105.231667275343369, -5.553432877263853, 0.0 ], [ 105.231665629102281, -5.553432118917174, 0.0 ], [ 105.231488833829644, -5.553350624142987, 0.0 ], [ 105.231413688785992, -5.553284795856859, 0.0 ], [ 105.231373743105038, -5.55318602491929, 0.0 ], [ 105.231340847197146, -5.553103714743758, 0.0 ], [ 105.231264593905706, -5.553027425624359, 0.0 ], [ 105.230959046597505, -5.552991723223898, 0.0 ], [ 105.230831764109595, -5.552925769586027, 0.0 ], [ 105.230820877740371, -5.55292012889055, 0.0 ], [ 105.230817594078786, -5.552832200161696, 0.0 ], [ 105.230864692258621, -5.552752391695169, 0.0 ], [ 105.230845156193624, -5.552662840059971, 0.0 ], [ 105.230710253973911, -5.552635210783628, 0.0 ], [ 105.230624082184903, -5.552534286696544, 0.0 ], [ 105.230599677328357, -5.552464277154818, 0.0 ], [ 105.230537869392109, -5.552332404889283, 0.0 ], [ 105.230443578216168, -5.552252651589069, 0.0 ], [ 105.230354194200629, -5.552254315688603, 0.0 ], [ 105.230258340445872, -5.552335769655152, 0.0 ], [ 105.230204739071766, -5.552413951354551, 0.0 ], [ 105.230129989823496, -5.552436778275786, 0.0 ], [ 105.230064950223564, -5.552350501026119, 0.0 ], [ 105.230043763865311, -5.552195815983311, 0.0 ], [ 105.230071313281755, -5.55199551815759, 0.0 ], [ 105.230142763858538, -5.551850567152753, 0.0 ], [ 105.230197959413942, -5.551692594762667, 0.0 ], [ 105.230184978606729, -5.551675837759462, 0.0 ], [ 105.230136170958474, -5.551612830556012, 0.0 ], [ 105.23001590837606, -5.551611249016385, 0.0 ], [ 105.229868984689986, -5.551653630618873, 0.0 ], [ 105.229846838557208, -5.551675837266398, 0.0 ], [ 105.229751451685487, -5.551771488376686, 0.0 ], [ 105.22952631668123, -5.552057310647082, 0.0 ], [ 105.229327514451043, -5.552309704345373, 0.0 ], [ 105.229195239779415, -5.55248553066515, 0.0 ], [ 105.229133497615592, -5.552567601760226, 0.0 ], [ 105.22883563059797, -5.552780307379402, 0.0 ], [ 105.228560310879104, -5.552929679391995, 0.0 ], [ 105.228321084355429, -5.553020236693322, 0.0 ], [ 105.228284757381232, -5.553027973632645, 0.0 ], [ 105.227874196046997, -5.553115395401625, 0.0 ], [ 105.22764848811579, -5.553147144768774, 0.0 ], [ 105.227593244771185, -5.553116762932139, 0.0 ], [ 105.227365693731798, -5.55299220299738, 0.0 ], [ 105.226651651767099, -5.552635034396438, 0.0 ], [ 105.226116155572612, -5.552456516259455, 0.0 ], [ 105.225509298288159, -5.552349514889164, 0.0 ], [ 105.225116665653545, -5.552385408685554, 0.0 ], [ 105.224724087115433, -5.552564279561806, 0.0 ], [ 105.22418865993005, -5.552564482914662, 0.0 ], [ 105.223688929738373, -5.552564672272309, 0.0 ], [ 105.222832245629064, -5.552564995903746, 0.0 ], [ 105.222082662290134, -5.552601022176764, 0.0 ], [ 105.220572775781903, -5.552475031256154, 0.0 ], [ 105.219211683857765, -5.551227498419742, 0.0 ], [ 105.218651177768962, -5.550605609603034, 0.0 ], [ 105.218398894872408, -5.550195424239656, 0.0 ], [ 105.218241021878399, -5.549406483644049, 0.0 ], [ 105.218146147555856, -5.548522841021157, 0.0 ], [ 105.217988210430107, -5.547544541062589, 0.0 ], [ 105.217830439386546, -5.547039639981666, 0.0 ], [ 105.217641217283116, -5.546692551297277, 0.0 ], [ 105.217357489752871, -5.546471735265263, 0.0 ], [ 105.216790129272255, -5.546282582356634, 0.0 ], [ 105.21612823241253, -5.546125025419132, 0.0 ], [ 105.215623834797071, -5.545746489075061, 0.0 ], [ 105.215434624036547, -5.54543096068769, 0.0 ], [ 105.215371464607529, -5.545083821660093, 0.0 ], [ 105.215371373986017, -5.544831342936432, 0.0 ], [ 105.215654924565101, -5.54457875821018, 0.0 ], [ 105.216064577144735, -5.54442081059681, 0.0 ], [ 105.216537297446479, -5.544357518374261, 0.0 ], [ 105.217167606916604, -5.544325727252128, 0.0 ], [ 105.217671852113341, -5.544293982742523, 0.0 ], [ 105.218396700417401, -5.544230595361736, 0.0 ], [ 105.218932413371647, -5.544072596557529, 0.0 ], [ 105.219373580894171, -5.543914633231773, 0.0 ], [ 105.219720212932543, -5.54378826666998, 0.0 ], [ 105.219783150228224, -5.543535762800214, 0.0 ], [ 105.219625465932381, -5.543251780640367, 0.0 ], [ 105.219247123649566, -5.542841641288516, 0.0 ], [ 105.218868789900924, -5.542463063654131, 0.0 ], [ 105.218648041004727, -5.542084427582656, 0.0 ], [ 105.21855331760041, -5.541611062559759, 0.0 ], [ 105.21855320157799, -5.541295462602013, 0.0 ], [ 105.218584633756549, -5.54107453244611, 0.0 ], [ 105.21883669193933, -5.540885078271295, 0.0 ], [ 105.219309432343934, -5.540884903396743, 0.0 ], [ 105.219908317884745, -5.541105600758429, 0.0 ], [ 105.220381101613071, -5.541231663001419, 0.0 ], [ 105.220885357442882, -5.541231475128746, 0.0 ], [ 105.221326487065028, -5.540978832637214, 0.0 ], [ 105.2216099861771, -5.540600007228117, 0.0 ], [ 105.221830447386793, -5.540189646034824, 0.0 ], [ 105.222050902882401, -5.539779282958752, 0.0 ], [ 105.222460477691499, -5.539431970070924, 0.0 ], [ 105.222901664433948, -5.539337123701481, 0.0 ], [ 105.223311380627464, -5.539368529565944, 0.0 ], [ 105.223689694011796, -5.539683987649591, 0.0 ], [ 105.224036509224874, -5.540062575919507, 0.0 ], [ 105.224288646681131, -5.540094039762526, 0.0 ], [ 105.224729869345936, -5.540093873424969, 0.0 ], [ 105.225076480561313, -5.539935940970189, 0.0 ], [ 105.22551769201867, -5.539904212982173, 0.0 ], [ 105.226021945642941, -5.53990402168652, 0.0 ], [ 105.226526272285568, -5.540093188213815, 0.0 ], [ 105.226810023080702, -5.54037712020463, 0.0 ], [ 105.227125290204441, -5.540661039055539, 0.0 ] ] ] } }
]
}
