{
  "type": "FeatureCollection",
  "features": [
    {
      "type": "Feature",
      "properties": {
        "Nomor": 1,
        "NO": 1,
        "ID Bangunan": "SDI-A85-085",
        "Blok": "A",
        "Koordinat Latitude (Y)": -5.548431,
        "Koordinat Longitude (X)": 105.223883,
        "Fungsi Bangunan": "Pondok",
        "Klasifikasi": "Hunian",
        "Jumlah Lantai": 1,
        "Material Dominan": "Pasang Bata",
        "Sistem Stuktur Tampak": "Rangka Beton Bertulang",
        "Tipe Atap": "Miring Satu Arah",
        "Material Penutup Atap": "Asbes",
        "Dinding Luar": "Campuran",
        "Kondisi Visual": "Baik",
        "Kode Material": "MCF (batu bata bertulang)",
        "Kode Sistem Struktur": "LFINF",
        "Tingkat Keyakinan": "Tinggi",
        "Dokumetasi": null,
        "Kode Fungsi": "F01",
        "Klasifikasi Fungsi": "Hunian",
        "KODE MATERIAL": "MCF",
        "KODE SISTEM STRUKTUR": "LFINF",
        "KODE TIPE ATAP": "RSH5",
        "KODE MATERIAL PENUTUP ATAP": "RMT6",
        "KODE DINDING LUAR": "EWO",
        "KODE KONDISI VISUAL ": "CV1",
        "JUMLAH LANTAI": "HEX:1",
        "TAKSONOMI": "MCF/LFINF/RSH5/RMT6/EWO/CV1/HEX:1",
        "KODE SIGKAT": "MCF \\LFINF\\HEX:1",
        "LUAS_M2": 51.4569476825,
        "Koefisien": 1.0,
        "Nilai Exposure": 258313877.36615,
        "Klasifikasi Rentang Exposure": "Rp14.611.983,05 - Rp638.909.581,39",
        "koreksi_koordinat": "TIDAK"
      },
      "geometry": {
        "type": "Point",
        "coordinates": [
          105.223883,
          -5.548431
        ]
      }
    },
    {
      "type": "Feature",
      "properties": {
        "Nomor": 2,
        "NO": 2,
        "ID Bangunan": "SDI-A01-001",
        "Blok": "A",
        "Koordinat Latitude (Y)": -5.545384,
        "Koordinat Longitude (X)": 105.227502,
        "Fungsi Bangunan": "Rumah Tinggal",
        "Klasifikasi": "Hunian",
        "Jumlah Lantai": 1,
        "Material Dominan": "Pasang Bata",
        "Sistem Stuktur Tampak": "Rangka Beton Bertulang",
        "Tipe Atap": "Datar (Dak Beton)",
        "Material Penutup Atap": "Beton",
        "Dinding Luar": "Bata Plaster",
        "Kondisi Visual": "Baik",
        "Kode Material": "MCF ",
        "Kode Sistem Struktur": "LFM",
        "Tingkat Keyakinan": "Sedang",
        "Dokumetasi": null,
        "Kode Fungsi": "F01",
        "Klasifikasi Fungsi": "Hunian",
        "KODE MATERIAL": "MCF ",
        "KODE SISTEM STRUKTUR": "LFM",
        "KODE TIPE ATAP": "RSH1",
        "KODE MATERIAL PENUTUP ATAP": "RMT1",
        "KODE DINDING LUAR": "EWMA",
        "KODE KONDISI VISUAL ": "CV1",
        "JUMLAH LANTAI": "HEX:1",
        "TAKSONOMI": "MCF/LFM/RSH1/RMT1/EWMA/CV1/HEX:1",
        "KODE SIGKAT": "MCF \\LFM\\HEX:1",
        "LUAS_M2": 94.9516413874,
        "Koefisien": 1.0,
        "Nilai Exposure": 476657239.76474804,
        "Klasifikasi Rentang Exposure": "Rp14.611.983,05 - Rp638.909.581,39",
        "koreksi_koordinat": "TIDAK"
      },
      "geometry": {
        "type": "Point",
        "coordinates": [
          105.227502,
          -5.545384
        ]
      }
    },
    {
      "type": "Feature",
      "properties": {
        "Nomor": 3,
        "NO": 3,
        "ID Bangunan": "SDI-C01-001",
        "Blok": "C",
        "Koordinat Latitude (Y)": -5.552167,
        "Koordinat Longitude (X)": 105.235376,
        "Fungsi Bangunan": "Rumah Tinggal",
        "Klasifikasi": "Hunian",
        "Jumlah Lantai": 2,
        "Material Dominan": "Beton Bertulang",
        "Sistem Stuktur Tampak": "Rangka Beton Bertulang",
        "Tipe Atap": "Limasan",
        "Material Penutup Atap": "Genteng dan Seng",
        "Dinding Luar": "Bata Plaster",
        "Kondisi Visual": "Baik",
        "Kode Material": "MCF",
        "Kode Sistem Struktur": "LWAL",
        "Tingkat Keyakinan": "Tinggi",
        "Dokumetasi": null,
        "Kode Fungsi": "F01",
        "Klasifikasi Fungsi": "Hunian",
        "KODE MATERIAL": "MCF",
        "KODE SISTEM STRUKTUR": "LWAL",
        "KODE TIPE ATAP": "RSH3",
        "KODE MATERIAL PENUTUP ATAP": "RMT1+RMT6",
        "KODE DINDING LUAR": "EWMA",
        "KODE KONDISI VISUAL ": "CV1",
        "JUMLAH LANTAI": "HEX:2",
        "TAKSONOMI": "MCF/LWAL/RSH3/RMT1+RMT6/EWMA/CV1/HEX:2",
        "KODE SIGKAT": "MCF \\LWAL\\HEX:2",
        "LUAS_M2": 306.942511826,
        "Koefisien": 1.09,
        "Nilai Exposure": 1679528036.2095068,
        "Klasifikasi Rentang Exposure": "> Rp1.136.724.268,30 - Rp1.856.590.180,23",
        "koreksi_koordinat": "TIDAK"
      },
      "geometry": {
        "type": "Point",
        "coordinates": [
          105.235376,
          -5.552167
        ]
      }
    },
    {
      "type": "Feature",
      "properties": {
        "Nomor": 4,
        "NO": 4,
        "ID Bangunan": "SDI-A03-003",
        "Blok": "A",
        "Koordinat Latitude (Y)": -5.545261,
        "Koordinat Longitude (X)": 105.227328,
        "Fungsi Bangunan": "Rumah Tinggal",
        "Klasifikasi": "Hunian",
        "Jumlah Lantai": 1,
        "Material Dominan": "Pasang Bata",
        "Sistem Stuktur Tampak": "Rangka Beton Bertulang",
        "Tipe Atap": "Kombinasi",
        "Material Penutup Atap": "Genteng",
        "Dinding Luar": "Bata Plaster",
        "Kondisi Visual": "Sedang",
        "Kode Material": "MCF ",
        "Kode Sistem Struktur": "LFINF",
        "Tingkat Keyakinan": "Tinggi",
        "Dokumetasi": null,
        "Kode Fungsi": "F01",
        "Klasifikasi Fungsi": "Hunian",
        "KODE MATERIAL": "MCF ",
        "KODE SISTEM STRUKTUR": "LFINF",
        "KODE TIPE ATAP": "RSH8",
        "KODE MATERIAL PENUTUP ATAP": "RMT1",
        "KODE DINDING LUAR": "EWMA",
        "KODE KONDISI VISUAL ": "CV2",
        "JUMLAH LANTAI": "HEX:1",
        "TAKSONOMI": "MCF/LFINF/RSH8/RMT1/EWMA/CV2/HEX:1",
        "KODE SIGKAT": "MCF \\LFINF\\HEX:1",
        "LUAS_M2": 214.758321643,
        "Koefisien": 1.0,
        "Nilai Exposure": 1078086774.64786,
        "Klasifikasi Rentang Exposure": "> Rp638.909.581,39 - Rp1.136.724.268,30",
        "koreksi_koordinat": "TIDAK"
      },
      "geometry": {
        "type": "Point",
        "coordinates": [
          105.227328,
          -5.545261
        ]
      }
    },
    {
      "type": "Feature",
      "properties": {
        "Nomor": 5,
        "NO": 5,
        "ID Bangunan": "SDI-A04-004",
        "Blok": "A",
        "Koordinat Latitude (Y)": -5.544866,
        "Koordinat Longitude (X)": 105.227668,
        "Fungsi Bangunan": "Rumah Tinggal",
        "Klasifikasi": "Hunian",
        "Jumlah Lantai": 1,
        "Material Dominan": "Pasang Bata",
        "Sistem Stuktur Tampak": "Rangka Beton Bertulang",
        "Tipe Atap": "Datar (Dak Beton)",
        "Material Penutup Atap": "Beton",
        "Dinding Luar": "Bata Plaster",
        "Kondisi Visual": "Sedang Dibangun",
        "Kode Material": "MCF",
        "Kode Sistem Struktur": "LFINF",
        "Tingkat Keyakinan": "Tinggi",
        "Dokumetasi": null,
        "Kode Fungsi": "F01",
        "Klasifikasi Fungsi": "Hunian",
        "KODE MATERIAL": "MCF",
        "KODE SISTEM STRUKTUR": "LFINF",
        "KODE TIPE ATAP": "RSH1",
        "KODE MATERIAL PENUTUP ATAP": "RMT1",
        "KODE DINDING LUAR": "EWMA",
        "KODE KONDISI VISUAL ": "CV5",
        "JUMLAH LANTAI": "HEX:1",
        "TAKSONOMI": "MCF/LFINF/RSH1/RMT1/EWMA/CV5/HEX:1",
        "KODE SIGKAT": "MCF \\LFINF\\HEX:1",
        "LUAS_M2": 117.04554183,
        "Koefisien": 1.0,
        "Nilai Exposure": 587568619.9866,
        "Klasifikasi Rentang Exposure": "Rp14.611.983,05 - Rp638.909.581,39",
        "koreksi_koordinat": "TIDAK"
      },
      "geometry": {
        "type": "Point",
        "coordinates": [
          105.227668,
          -5.544866
        ]
      }
    },
    {
      "type": "Feature",
      "properties": {
        "Nomor": 6,
        "NO": 6,
        "ID Bangunan": "SDI-C02-002",
        "Blok": "C",
        "Koordinat Latitude (Y)": -5.552325,
        "Koordinat Longitude (X)": 105.235241,
        "Fungsi Bangunan": "Rumah Tinggal",
        "Klasifikasi": "Hunian",
        "Jumlah Lantai": 1,
        "Material Dominan": "Pasang Bata",
        "Sistem Stuktur Tampak": "Rangka Beton Bertulang",
        "Tipe Atap": "Pelana",
        "Material Penutup Atap": "Genteng",
        "Dinding Luar": "Bata Plaster",
        "Kondisi Visual": "Baik",
        "Kode Material": "MCF ",
        "Kode Sistem Struktur": "LFINF",
        "Tingkat Keyakinan": "Tinggi",
        "Dokumetasi": null,
        "Kode Fungsi": "F01",
        "Klasifikasi Fungsi": "Hunian",
        "KODE MATERIAL": "MCF ",
        "KODE SISTEM STRUKTUR": "LFINF",
        "KODE TIPE ATAP": "RSH2",
        "KODE MATERIAL PENUTUP ATAP": "RMT1",
        "KODE DINDING LUAR": "EWMA",
        "KODE KONDISI VISUAL ": "CV1",
        "JUMLAH LANTAI": "HEX:1",
        "TAKSONOMI": "MCF/LFINF/RSH2/RMT1/EWMA/CV1/HEX:1",
        "KODE SIGKAT": "MCF \\LFINF\\HEX:1",
        "LUAS_M2": 159.380044359,
        "Koefisien": 1.0,
        "Nilai Exposure": 800087822.68218,
        "Klasifikasi Rentang Exposure": "> Rp638.909.581,39 - Rp1.136.724.268,30",
        "koreksi_koordinat": "TIDAK"
      },
      "geometry": {
        "type": "Point",
        "coordinates": [
          105.235241,
          -5.552325
        ]
      }
    },
    {
      "type": "Feature",
      "properties": {
        "Nomor": 7,
        "NO": 7,
        "ID Bangunan": "SDI-C03-003",
        "Blok": "C",
        "Koordinat Latitude (Y)": -5.55244,
        "Koordinat Longitude (X)": 105.235181,
        "Fungsi Bangunan": "Rumah Tinggal",
        "Klasifikasi": "Hunian",
        "Jumlah Lantai": 1,
        "Material Dominan": "Pasang Bata",
        "Sistem Stuktur Tampak": "Rangka Beton Bertulang",
        "Tipe Atap": "Pelana",
        "Material Penutup Atap": "Seng",
        "Dinding Luar": "Bata Ekspos",
        "Kondisi Visual": "Baik",
        "Kode Material": "MCF ",
        "Kode Sistem Struktur": "LFINF",
        "Tingkat Keyakinan": "Tinggi",
        "Dokumetasi": null,
        "Kode Fungsi": "F01",
        "Klasifikasi Fungsi": "Hunian",
        "KODE MATERIAL": "MCF ",
        "KODE SISTEM STRUKTUR": "LFINF",
        "KODE TIPE ATAP": "RSH2",
        "KODE MATERIAL PENUTUP ATAP": "RMT2",
        "KODE DINDING LUAR": "EWMA",
        "KODE KONDISI VISUAL ": "CV1",
        "JUMLAH LANTAI": "HEX:1",
        "TAKSONOMI": "MCF/LFINF/RSH2/RMT2/EWMA/CV1/HEX:1",
        "KODE SIGKAT": "MCF \\LFINF\\HEX:1",
        "LUAS_M2": 129.095101001,
        "Koefisien": 1.0,
        "Nilai Exposure": 648057407.02502,
        "Klasifikasi Rentang Exposure": "> Rp638.909.581,39 - Rp1.136.724.268,30",
        "koreksi_koordinat": "TIDAK"
      },
      "geometry": {
        "type": "Point",
        "coordinates": [
          105.235181,
          -5.55244
        ]
      }
    },
    {
      "type": "Feature",
      "properties": {
        "Nomor": 8,
        "NO": 8,
        "ID Bangunan": "SDI-C04-004",
        "Blok": "C",
        "Koordinat Latitude (Y)": -5.552495,
        "Koordinat Longitude (X)": 105.235085,
        "Fungsi Bangunan": "Rumah Tinggal",
        "Klasifikasi": "Hunian",
        "Jumlah Lantai": 1,
        "Material Dominan": "Pasang Bata",
        "Sistem Stuktur Tampak": "Dinding Pemikul",
        "Tipe Atap": "Pelana",
        "Material Penutup Atap": "Genteng",
        "Dinding Luar": "Bata Plaster",
        "Kondisi Visual": "Baik",
        "Kode Material": "MUR ",
        "Kode Sistem Struktur": "LWAL",
        "Tingkat Keyakinan": "Tinggi",
        "Dokumetasi": null,
        "Kode Fungsi": "F01",
        "Klasifikasi Fungsi": "Hunian",
        "KODE MATERIAL": "MUR",
        "KODE SISTEM STRUKTUR": "LWAL",
        "KODE TIPE ATAP": "RSH2",
        "KODE MATERIAL PENUTUP ATAP": "RMT1",
        "KODE DINDING LUAR": "EWMA",
        "KODE KONDISI VISUAL ": "CV1",
        "JUMLAH LANTAI": "HEX:1",
        "TAKSONOMI": "MUR/LWAL/RSH2/RMT1/EWMA/CV1/HEX:1",
        "KODE SIGKAT": "MUR \\LWAL\\HEX:1",
        "LUAS_M2": 120.011527243,
        "Koefisien": 1.0,
        "Nilai Exposure": 602457866.75986,
        "Klasifikasi Rentang Exposure": "Rp14.611.983,05 - Rp638.909.581,39",
        "koreksi_koordinat": "TIDAK"
      },
      "geometry": {
        "type": "Point",
        "coordinates": [
          105.235085,
          -5.552495
        ]
      }
    },
    {
      "type": "Feature",
      "properties": {
        "Nomor": 9,
        "NO": 9,
        "ID Bangunan": "SDI-C05-005",
        "Blok": "C",
        "Koordinat Latitude (Y)": -5.552505,
        "Koordinat Longitude (X)": 105.234778,
        "Fungsi Bangunan": "Rumah Tinggal",
        "Klasifikasi": "Hunian",
        "Jumlah Lantai": 1,
        "Material Dominan": "Pasang Bata",
        "Sistem Stuktur Tampak": "Rangka Beton Bertulang",
        "Tipe Atap": "Kombinasi",
        "Material Penutup Atap": "Genteng",
        "Dinding Luar": "Bata Plaster",
        "Kondisi Visual": "Baik",
        "Kode Material": "MCF ",
        "Kode Sistem Struktur": "LFINF",
        "Tingkat Keyakinan": "Tinggi",
        "Dokumetasi": null,
        "Kode Fungsi": "F01",
        "Klasifikasi Fungsi": "Hunian",
        "KODE MATERIAL": "MCF ",
        "KODE SISTEM STRUKTUR": "LFINF",
        "KODE TIPE ATAP": "RSH8",
        "KODE MATERIAL PENUTUP ATAP": "RMT1",
        "KODE DINDING LUAR": "EWMA",
        "KODE KONDISI VISUAL ": "CV1",
        "JUMLAH LANTAI": "HEX:1",
        "TAKSONOMI": "MCF/LFINF/RSH8/RMT1/EWMA/CV1/HEX:1",
        "KODE SIGKAT": "MCF \\LFINF\\HEX:1",
        "LUAS_M2": 199.32677265,
        "Koefisien": 1.0,
        "Nilai Exposure": 1000620398.7030001,
        "Klasifikasi Rentang Exposure": "> Rp638.909.581,39 - Rp1.136.724.268,30",
        "koreksi_koordinat": "TIDAK"
      },
      "geometry": {
        "type": "Point",
        "coordinates": [
          105.234778,
          -5.552505
        ]
      }
    },
    {
      "type": "Feature",
      "properties": {
        "Nomor": 10,
        "NO": 10,
        "ID Bangunan": "SDI-C06-006",
        "Blok": "C",
        "Koordinat Latitude (Y)": -5.552422,
        "Koordinat Longitude (X)": 105.234644,
        "Fungsi Bangunan": "Rumah Tinggal",
        "Klasifikasi": "Hunian",
        "Jumlah Lantai": 1,
        "Material Dominan": "Pasang Bata",
        "Sistem Stuktur Tampak": "Rangka Beton Bertulang",
        "Tipe Atap": "Limasan",
        "Material Penutup Atap": "Genteng",
        "Dinding Luar": "Bata Plaster",
        "Kondisi Visual": "Baik",
        "Kode Material": "MCF ",
        "Kode Sistem Struktur": "LFINF",
        "Tingkat Keyakinan": "Tinggi",
        "Dokumetasi": null,
        "Kode Fungsi": "F01",
        "Klasifikasi Fungsi": "Hunian",
        "KODE MATERIAL": "MCF ",
        "KODE SISTEM STRUKTUR": "LFINF",
        "KODE TIPE ATAP": "RSH3",
        "KODE MATERIAL PENUTUP ATAP": "RMT1",
        "KODE DINDING LUAR": "EWMA",
        "KODE KONDISI VISUAL ": "CV1",
        "JUMLAH LANTAI": "HEX:1",
        "TAKSONOMI": "MCF/LFINF/RSH3/RMT1/EWMA/CV1/HEX:1",
        "KODE SIGKAT": "MCF \\LFINF\\HEX:1",
        "LUAS_M2": 120.087046486,
        "Koefisien": 1.0,
        "Nilai Exposure": 602836973.35972,
        "Klasifikasi Rentang Exposure": "Rp14.611.983,05 - Rp638.909.581,39",
        "koreksi_koordinat": "TIDAK"
      },
      "geometry": {
        "type": "Point",
        "coordinates": [
          105.234644,
          -5.552422
        ]
      }
    },
    {
      "type": "Feature",
      "properties": {
        "Nomor": 11,
        "NO": 11,
        "ID Bangunan": "SDI-A05-005",
        "Blok": "A",
        "Koordinat Latitude (Y)": -5.544962,
        "Koordinat Longitude (X)": 105.22742,
        "Fungsi Bangunan": "Rumah Tinggal",
        "Klasifikasi": "Hunian",
        "Jumlah Lantai": 1,
        "Material Dominan": "Pasang Bata",
        "Sistem Stuktur Tampak": "Rangka Beton Bertulang",
        "Tipe Atap": "Kombinasi",
        "Material Penutup Atap": "Genteng",
        "Dinding Luar": "Bata Plaster",
        "Kondisi Visual": "Baik",
        "Kode Material": "MCF ",
        "Kode Sistem Struktur": "LFINF",
        "Tingkat Keyakinan": "Tinggi",
        "Dokumetasi": null,
        "Kode Fungsi": "F01",
        "Klasifikasi Fungsi": "Hunian",
        "KODE MATERIAL": "MCF ",
        "KODE SISTEM STRUKTUR": "LFINF",
        "KODE TIPE ATAP": "RSH8",
        "KODE MATERIAL PENUTUP ATAP": "RMT1",
        "KODE DINDING LUAR": "EWMA",
        "KODE KONDISI VISUAL ": "CV1",
        "JUMLAH LANTAI": "HEX:1",
        "TAKSONOMI": "MCF/LFINF/RSH8/RMT1/EWMA/CV1/HEX:1",
        "KODE SIGKAT": "MCF \\LFINF\\HEX:1",
        "LUAS_M2": 270.876866496,
        "Koefisien": 1.0,
        "Nilai Exposure": 1359801869.80992,
        "Klasifikasi Rentang Exposure": "> Rp1.136.724.268,30 - Rp1.856.590.180,23",
        "koreksi_koordinat": "TIDAK"
      },
      "geometry": {
        "type": "Point",
        "coordinates": [
          105.22742,
          -5.544962
        ]
      }
    },
    {
      "type": "Feature",
      "properties": {
        "Nomor": 12,
        "NO": 12,
        "ID Bangunan": "SDI-C08-008",
        "Blok": "C",
        "Koordinat Latitude (Y)": -5.552464,
        "Koordinat Longitude (X)": 105.233965,
        "Fungsi Bangunan": "Rumah Tinggal",
        "Klasifikasi": "Hunian",
        "Jumlah Lantai": 1,
        "Material Dominan": "Kayu",
        "Sistem Stuktur Tampak": "Rangka Kayu",
        "Tipe Atap": "Pelana",
        "Material Penutup Atap": "Genteng",
        "Dinding Luar": "Kayu",
        "Kondisi Visual": "Baik",
        "Kode Material": "W",
        "Kode Sistem Struktur": "LPB",
        "Tingkat Keyakinan": "Tinggi",
        "Dokumetasi": null,
        "Kode Fungsi": "F01",
        "Klasifikasi Fungsi": "Hunian",
        "KODE MATERIAL": "W",
        "KODE SISTEM STRUKTUR": "LPB",
        "KODE TIPE ATAP": "RSH2",
        "KODE MATERIAL PENUTUP ATAP": "RMT1",
        "KODE DINDING LUAR": "EWW",
        "KODE KONDISI VISUAL ": "CV1",
        "JUMLAH LANTAI": "HEX:1",
        "TAKSONOMI": "W/LPB/RSH2/RMT1/EWW/CV1/HEX:1",
        "KODE SIGKAT": "W \\LPB\\HEX:1",
        "LUAS_M2": 52.3531940291,
        "Koefisien": 1.0,
        "Nilai Exposure": 262813034.026082,
        "Klasifikasi Rentang Exposure": "Rp14.611.983,05 - Rp638.909.581,39",
        "koreksi_koordinat": "TIDAK"
      },
      "geometry": {
        "type": "Point",
        "coordinates": [
          105.233965,
          -5.552464
        ]
      }
    },
    {
      "type": "Feature",
      "properties": {
        "Nomor": 13,
        "NO": 13,
        "ID Bangunan": "SDI-A06-006",
        "Blok": "A",
        "Koordinat Latitude (Y)": -5.544949,
        "Koordinat Longitude (X)": 105.227342,
        "Fungsi Bangunan": "Rumah Tinggal",
        "Klasifikasi": "Hunian",
        "Jumlah Lantai": 1,
        "Material Dominan": "Pasang Bata",
        "Sistem Stuktur Tampak": "Rangka Beton Bertulang",
        "Tipe Atap": "Kombinasi",
        "Material Penutup Atap": "Genteng",
        "Dinding Luar": "Bata Plaster",
        "Kondisi Visual": "Sedang",
        "Kode Material": "MCF",
        "Kode Sistem Struktur": "LFINF",
        "Tingkat Keyakinan": "Tinggi",
        "Dokumetasi": null,
        "Kode Fungsi": "F01",
        "Klasifikasi Fungsi": "Hunian",
        "KODE MATERIAL": "MCF ",
        "KODE SISTEM STRUKTUR": "LFINF",
        "KODE TIPE ATAP": "RSH8",
        "KODE MATERIAL PENUTUP ATAP": "RMT1",
        "KODE DINDING LUAR": "EWMA",
        "KODE KONDISI VISUAL ": "CV2",
        "JUMLAH LANTAI": "HEX:1",
        "TAKSONOMI": "MCF/LFINF/RSH8/RMT1/EWMA/CV2/HEX:1",
        "KODE SIGKAT": "MCF \\LFINF\\HEX:1",
        "LUAS_M2": 136.247219611,
        "Koefisien": 1.0,
        "Nilai Exposure": 683961042.44722,
        "Klasifikasi Rentang Exposure": "> Rp638.909.581,39 - Rp1.136.724.268,30",
        "koreksi_koordinat": "TIDAK"
      },
      "geometry": {
        "type": "Point",
        "coordinates": [
          105.227342,
          -5.544949
        ]
      }
    },
    {
      "type": "Feature",
      "properties": {
        "Nomor": 14,
        "NO": 14,
        "ID Bangunan": "SDI-C09-009",
        "Blok": "C",
        "Koordinat Latitude (Y)": -5.552436,
        "Koordinat Longitude (X)": 105.233915,
        "Fungsi Bangunan": "Rumah Tinggal",
        "Klasifikasi": "Hunian",
        "Jumlah Lantai": 1,
        "Material Dominan": "Pasang Bata",
        "Sistem Stuktur Tampak": "Rangka Beton Bertulang",
        "Tipe Atap": "Limasan",
        "Material Penutup Atap": "Genteng",
        "Dinding Luar": "Bata Plaster",
        "Kondisi Visual": "Baik",
        "Kode Material": "MCF ",
        "Kode Sistem Struktur": "LFINF",
        "Tingkat Keyakinan": "Tinggi",
        "Dokumetasi": null,
        "Kode Fungsi": "F01",
        "Klasifikasi Fungsi": "Hunian",
        "KODE MATERIAL": "MCF ",
        "KODE SISTEM STRUKTUR": "LFINF",
        "KODE TIPE ATAP": "RSH3",
        "KODE MATERIAL PENUTUP ATAP": "RMT1",
        "KODE DINDING LUAR": "EWMA",
        "KODE KONDISI VISUAL ": "CV1",
        "JUMLAH LANTAI": "HEX:1",
        "TAKSONOMI": "MCF/LFINF/RSH3/RMT1/EWMA/CV1/HEX:1",
        "KODE SIGKAT": "MCF \\LFINF\\HEX:1",
        "LUAS_M2": 209.637556787,
        "Koefisien": 1.0,
        "Nilai Exposure": 1052380535.07074,
        "Klasifikasi Rentang Exposure": "> Rp638.909.581,39 - Rp1.136.724.268,30",
        "koreksi_koordinat": "TIDAK"
      },
      "geometry": {
        "type": "Point",
        "coordinates": [
          105.233915,
          -5.552436
        ]
      }
    },
    {
      "type": "Feature",
      "properties": {
        "Nomor": 15,
        "NO": 15,
        "ID Bangunan": "SDI-C10-010",
        "Blok": "C",
        "Koordinat Latitude (Y)": -5.552316,
        "Koordinat Longitude (X)": 105.234007,
        "Fungsi Bangunan": "Rumah Tinggal",
        "Klasifikasi": "Hunian",
        "Jumlah Lantai": 1,
        "Material Dominan": "Pasang Bata",
        "Sistem Stuktur Tampak": "Dinding Pemikul",
        "Tipe Atap": "Pelana",
        "Material Penutup Atap": "Genteng",
        "Dinding Luar": "Bata Ekspos",
        "Kondisi Visual": "Baik",
        "Kode Material": "MUR ",
        "Kode Sistem Struktur": "LWAL",
        "Tingkat Keyakinan": "Tinggi",
        "Dokumetasi": null,
        "Kode Fungsi": "F01",
        "Klasifikasi Fungsi": "Hunian",
        "KODE MATERIAL": "MUR",
        "KODE SISTEM STRUKTUR": "LWAL",
        "KODE TIPE ATAP": "RSH2",
        "KODE MATERIAL PENUTUP ATAP": "RMT1",
        "KODE DINDING LUAR": "EWMA",
        "KODE KONDISI VISUAL ": "CV1",
        "JUMLAH LANTAI": "HEX:1",
        "TAKSONOMI": "MUR/LWAL/RSH2/RMT1/EWMA/CV1/HEX:1",
        "KODE SIGKAT": "MUR \\LWAL\\HEX:1",
        "LUAS_M2": 128.743620379,
        "Koefisien": 1.0,
        "Nilai Exposure": 646292974.30258,
        "Klasifikasi Rentang Exposure": "> Rp638.909.581,39 - Rp1.136.724.268,30",
        "koreksi_koordinat": "TIDAK"
      },
      "geometry": {
        "type": "Point",
        "coordinates": [
          105.234007,
          -5.552316
        ]
      }
    },
    {
      "type": "Feature",
      "properties": {
        "Nomor": 16,
        "NO": 16,
        "ID Bangunan": "SDI-C11-011",
        "Blok": "C",
        "Koordinat Latitude (Y)": -5.552238,
        "Koordinat Longitude (X)": 105.233947,
        "Fungsi Bangunan": "Rumah Tinggal",
        "Klasifikasi": "Hunian",
        "Jumlah Lantai": 1,
        "Material Dominan": "Pasang Bata",
        "Sistem Stuktur Tampak": "Rangka Beton Bertulang",
        "Tipe Atap": "Limasan",
        "Material Penutup Atap": "Genteng",
        "Dinding Luar": "Bata Plaster",
        "Kondisi Visual": "Baik",
        "Kode Material": "MCF ",
        "Kode Sistem Struktur": "LFINF",
        "Tingkat Keyakinan": "Tinggi",
        "Dokumetasi": null,
        "Kode Fungsi": "F01",
        "Klasifikasi Fungsi": "Hunian",
        "KODE MATERIAL": "MCF ",
        "KODE SISTEM STRUKTUR": "LFINF",
        "KODE TIPE ATAP": "RSH3",
        "KODE MATERIAL PENUTUP ATAP": "RMT1",
        "KODE DINDING LUAR": "EWMA",
        "KODE KONDISI VISUAL ": "CV1",
        "JUMLAH LANTAI": "HEX:1",
        "TAKSONOMI": "MCF/LFINF/RSH3/RMT1/EWMA/CV1/HEX:1",
        "KODE SIGKAT": "MCF \\LFINF\\HEX:1",
        "LUAS_M2": 128.743620379,
        "Koefisien": 1.0,
        "Nilai Exposure": 646292974.30258,
        "Klasifikasi Rentang Exposure": "> Rp638.909.581,39 - Rp1.136.724.268,30",
        "koreksi_koordinat": "TIDAK"
      },
      "geometry": {
        "type": "Point",
        "coordinates": [
          105.233947,
          -5.552238
        ]
      }
    },
    {
      "type": "Feature",
      "properties": {
        "Nomor": 17,
        "NO": 17,
        "ID Bangunan": "SDI-C12-012",
        "Blok": "C",
        "Koordinat Latitude (Y)": -5.552142,
        "Koordinat Longitude (X)": 105.234039,
        "Fungsi Bangunan": "Rumah Tinggal",
        "Klasifikasi": "Hunian",
        "Jumlah Lantai": 1,
        "Material Dominan": "Pasang Bata",
        "Sistem Stuktur Tampak": "Dinding Pemikul",
        "Tipe Atap": "Pelana",
        "Material Penutup Atap": "Genteng",
        "Dinding Luar": "Bata Ekspos",
        "Kondisi Visual": "Baik",
        "Kode Material": "MUR ",
        "Kode Sistem Struktur": "LWAL",
        "Tingkat Keyakinan": "Tinggi",
        "Dokumetasi": null,
        "Kode Fungsi": "F01",
        "Klasifikasi Fungsi": "Hunian",
        "KODE MATERIAL": "MUR",
        "KODE SISTEM STRUKTUR": "LWAL",
        "KODE TIPE ATAP": "RSH2",
        "KODE MATERIAL PENUTUP ATAP": "RMT1",
        "KODE DINDING LUAR": "EWMA",
        "KODE KONDISI VISUAL ": "CV1",
        "JUMLAH LANTAI": "HEX:1",
        "TAKSONOMI": "MUR/LWAL/RSH2/RMT1/EWMA/CV1/HEX:1",
        "KODE SIGKAT": "MUR \\LWAL\\HEX:1",
        "LUAS_M2": 149.921811638,
        "Koefisien": 1.0,
        "Nilai Exposure": 752607494.42276,
        "Klasifikasi Rentang Exposure": "> Rp638.909.581,39 - Rp1.136.724.268,30",
        "koreksi_koordinat": "TIDAK"
      },
      "geometry": {
        "type": "Point",
        "coordinates": [
          105.234039,
          -5.552142
        ]
      }
    },
    {
      "type": "Feature",
      "properties": {
        "Nomor": 18,
        "NO": 18,
        "ID Bangunan": "SDI-C13-013",
        "Blok": "C",
        "Koordinat Latitude (Y)": -5.552146,
        "Koordinat Longitude (X)": 105.234126,
        "Fungsi Bangunan": "Rumah Tinggal",
        "Klasifikasi": "Hunian",
        "Jumlah Lantai": 1,
        "Material Dominan": "Kayu",
        "Sistem Stuktur Tampak": "Rangka Kayu",
        "Tipe Atap": "Pelana",
        "Material Penutup Atap": "Seng",
        "Dinding Luar": "Kayu",
        "Kondisi Visual": "Baik",
        "Kode Material": "W ",
        "Kode Sistem Struktur": "LPB",
        "Tingkat Keyakinan": "Tinggi",
        "Dokumetasi": null,
        "Kode Fungsi": "F01",
        "Klasifikasi Fungsi": "Hunian",
        "KODE MATERIAL": "W",
        "KODE SISTEM STRUKTUR": "LPB",
        "KODE TIPE ATAP": "RSH2",
        "KODE MATERIAL PENUTUP ATAP": "RMT2",
        "KODE DINDING LUAR": "EWW",
        "KODE KONDISI VISUAL ": "CV1",
        "JUMLAH LANTAI": "HEX:1",
        "TAKSONOMI": "W/LPB/RSH2/RMT2/EWW/CV1/HEX:1",
        "KODE SIGKAT": "W \\LPB\\HEX:1",
        "LUAS_M2": 74.6848777858,
        "Koefisien": 1.0,
        "Nilai Exposure": 374918086.484716,
        "Klasifikasi Rentang Exposure": "Rp14.611.983,05 - Rp638.909.581,39",
        "koreksi_koordinat": "TIDAK"
      },
      "geometry": {
        "type": "Point",
        "coordinates": [
          105.234126,
          -5.552146
        ]
      }
    },
    {
      "type": "Feature",
      "properties": {
        "Nomor": 19,
        "NO": 19,
        "ID Bangunan": "SDI-C14-014",
        "Blok": "C",
        "Koordinat Latitude (Y)": -5.55216,
        "Koordinat Longitude (X)": 105.233805,
        "Fungsi Bangunan": "Rumah Tinggal",
        "Klasifikasi": "Hunian",
        "Jumlah Lantai": 1,
        "Material Dominan": "Pasang Bata",
        "Sistem Stuktur Tampak": "Dinding Pemikul",
        "Tipe Atap": "Pelana",
        "Material Penutup Atap": "Genteng",
        "Dinding Luar": "Campuran",
        "Kondisi Visual": "Baik",
        "Kode Material": "MUR ",
        "Kode Sistem Struktur": "LWAL",
        "Tingkat Keyakinan": "Tinggi",
        "Dokumetasi": null,
        "Kode Fungsi": "F01",
        "Klasifikasi Fungsi": "Hunian",
        "KODE MATERIAL": "MUR",
        "KODE SISTEM STRUKTUR": "LWAL",
        "KODE TIPE ATAP": "RSH2",
        "KODE MATERIAL PENUTUP ATAP": "RMT1",
        "KODE DINDING LUAR": "EWO",
        "KODE KONDISI VISUAL ": "CV1",
        "JUMLAH LANTAI": "HEX:1",
        "TAKSONOMI": "MUR/LWAL/RSH2/RMT1/EWO/CV1/HEX:1",
        "KODE SIGKAT": "MUR \\LWAL\\HEX:1",
        "LUAS_M2": 137.13831476,
        "Koefisien": 1.0,
        "Nilai Exposure": 688434340.0952,
        "Klasifikasi Rentang Exposure": "> Rp638.909.581,39 - Rp1.136.724.268,30",
        "koreksi_koordinat": "TIDAK"
      },
      "geometry": {
        "type": "Point",
        "coordinates": [
          105.233805,
          -5.55216
        ]
      }
    },
    {
      "type": "Feature",
      "properties": {
        "Nomor": 20,
        "NO": 20,
        "ID Bangunan": "SDI-C15-015",
        "Blok": "C",
        "Koordinat Latitude (Y)": -5.552289,
        "Koordinat Longitude (X)": 105.23364,
        "Fungsi Bangunan": "Rumah Tinggal",
        "Klasifikasi": "Hunian",
        "Jumlah Lantai": 1,
        "Material Dominan": "Pasang Bata",
        "Sistem Stuktur Tampak": "Rangka Beton Bertulang",
        "Tipe Atap": "Limasan",
        "Material Penutup Atap": "Genteng",
        "Dinding Luar": "Bata Ekspos",
        "Kondisi Visual": "Baik",
        "Kode Material": "MCF ",
        "Kode Sistem Struktur": "LFINF",
        "Tingkat Keyakinan": "Tinggi",
        "Dokumetasi": null,
        "Kode Fungsi": "F01",
        "Klasifikasi Fungsi": "Hunian",
        "KODE MATERIAL": "MCF ",
        "KODE SISTEM STRUKTUR": "LFINF",
        "KODE TIPE ATAP": "RSH3",
        "KODE MATERIAL PENUTUP ATAP": "RMT1",
        "KODE DINDING LUAR": "EWMA",
        "KODE KONDISI VISUAL ": "CV1",
        "JUMLAH LANTAI": "HEX:1",
        "TAKSONOMI": "MCF/LFINF/RSH3/RMT1/EWMA/CV1/HEX:1",
        "KODE SIGKAT": "MCF \\LFINF\\HEX:1",
        "LUAS_M2": 147.106417012,
        "Koefisien": 1.0,
        "Nilai Exposure": 738474213.4002401,
        "Klasifikasi Rentang Exposure": "> Rp638.909.581,39 - Rp1.136.724.268,30",
        "koreksi_koordinat": "TIDAK"
      },
      "geometry": {
        "type": "Point",
        "coordinates": [
          105.23364,
          -5.552289
        ]
      }
    },
    {
      "type": "Feature",
      "properties": {
        "Nomor": 21,
        "NO": 21,
        "ID Bangunan": "SDI-A08-008",
        "Blok": "A",
        "Koordinat Latitude (Y)": -5.544893,
        "Koordinat Longitude (X)": 105.227278,
        "Fungsi Bangunan": "Rumah Tinggal",
        "Klasifikasi": "Hunian",
        "Jumlah Lantai": 1,
        "Material Dominan": "Pasang Bata",
        "Sistem Stuktur Tampak": "Rangka Beton Bertulang",
        "Tipe Atap": "Kombinasi",
        "Material Penutup Atap": "Genteng",
        "Dinding Luar": "Bata Plaster",
        "Kondisi Visual": "Sedang",
        "Kode Material": "MCF ",
        "Kode Sistem Struktur": "LFINF",
        "Tingkat Keyakinan": "Tinggi",
        "Dokumetasi": null,
        "Kode Fungsi": "F01",
        "Klasifikasi Fungsi": "Hunian",
        "KODE MATERIAL": "MCF ",
        "KODE SISTEM STRUKTUR": "LFINF",
        "KODE TIPE ATAP": "RSH8",
        "KODE MATERIAL PENUTUP ATAP": "RMT1",
        "KODE DINDING LUAR": "EWMA",
        "KODE KONDISI VISUAL ": "CV2",
        "JUMLAH LANTAI": "HEX:1",
        "TAKSONOMI": "MCF/LFINF/RSH8/RMT1/EWMA/CV2/HEX:1",
        "KODE SIGKAT": "MCF \\LFINF\\HEX:1",
        "LUAS_M2": 174.473346055,
        "Koefisien": 1.0,
        "Nilai Exposure": 875856197.1961,
        "Klasifikasi Rentang Exposure": "> Rp638.909.581,39 - Rp1.136.724.268,30",
        "koreksi_koordinat": "TIDAK"
      },
      "geometry": {
        "type": "Point",
        "coordinates": [
          105.227278,
          -5.544893
        ]
      }
    },
    {
      "type": "Feature",
      "properties": {
        "Nomor": 22,
        "NO": 22,
        "ID Bangunan": "SDI-A09-009",
        "Blok": "A",
        "Koordinat Latitude (Y)": -5.548256,
        "Koordinat Longitude (X)": 105.224369,
        "Fungsi Bangunan": "Rumah Tinggal",
        "Klasifikasi": "Hunian",
        "Jumlah Lantai": 1,
        "Material Dominan": "Campuran",
        "Sistem Stuktur Tampak": "Rangka Kayu",
        "Tipe Atap": "Pelana",
        "Material Penutup Atap": "Genteng",
        "Dinding Luar": "Campuran",
        "Kondisi Visual": "Sedang",
        "Kode Material": "MIX",
        "Kode Sistem Struktur": "LFM",
        "Tingkat Keyakinan": "Tinggi",
        "Dokumetasi": null,
        "Kode Fungsi": "F01",
        "Klasifikasi Fungsi": "Hunian",
        "KODE MATERIAL": "MIX",
        "KODE SISTEM STRUKTUR": "LFM",
        "KODE TIPE ATAP": "RSH2",
        "KODE MATERIAL PENUTUP ATAP": "RMT1",
        "KODE DINDING LUAR": "EWO",
        "KODE KONDISI VISUAL ": "CV2",
        "JUMLAH LANTAI": "HEX:1",
        "TAKSONOMI": "MIX/LFM/RSH2/RMT1/EWO/CV2/HEX:1",
        "KODE SIGKAT": "MIX \\LFM\\HEX:1",
        "LUAS_M2": 69.3417564469,
        "Koefisien": 1.0,
        "Nilai Exposure": 348095617.363438,
        "Klasifikasi Rentang Exposure": "Rp14.611.983,05 - Rp638.909.581,39",
        "koreksi_koordinat": "TIDAK"
      },
      "geometry": {
        "type": "Point",
        "coordinates": [
          105.224369,
          -5.548256
        ]
      }
    },
    {
      "type": "Feature",
      "properties": {
        "Nomor": 23,
        "NO": 23,
        "ID Bangunan": "SDI-A11-011",
        "Blok": "A",
        "Koordinat Latitude (Y)": -5.544981,
        "Koordinat Longitude (X)": 105.22652,
        "Fungsi Bangunan": "Rumah Tinggal",
        "Klasifikasi": "Hunian",
        "Jumlah Lantai": 1,
        "Material Dominan": "Pasang Bata",
        "Sistem Stuktur Tampak": "Rangka Beton Bertulang",
        "Tipe Atap": "Limasan",
        "Material Penutup Atap": "Genteng",
        "Dinding Luar": "Bata Plaster",
        "Kondisi Visual": "Sedang",
        "Kode Material": "MCF ",
        "Kode Sistem Struktur": "LFINF",
        "Tingkat Keyakinan": "Tinggi",
        "Dokumetasi": null,
        "Kode Fungsi": "F01",
        "Klasifikasi Fungsi": "Hunian",
        "KODE MATERIAL": "MCF ",
        "KODE SISTEM STRUKTUR": "LFINF",
        "KODE TIPE ATAP": "RSH3",
        "KODE MATERIAL PENUTUP ATAP": "RMT1",
        "KODE DINDING LUAR": "EWMA",
        "KODE KONDISI VISUAL ": "CV2",
        "JUMLAH LANTAI": "HEX:1",
        "TAKSONOMI": "MCF/LFINF/RSH3/RMT1/EWMA/CV2/HEX:1",
        "KODE SIGKAT": "MCF \\LFINF\\HEX:1",
        "LUAS_M2": 118.283642078,
        "Koefisien": 1.0,
        "Nilai Exposure": 593783883.23156,
        "Klasifikasi Rentang Exposure": "Rp14.611.983,05 - Rp638.909.581,39",
        "koreksi_koordinat": "TIDAK"
      },
      "geometry": {
        "type": "Point",
        "coordinates": [
          105.22652,
          -5.544981
        ]
      }
    },
    {
      "type": "Feature",
      "properties": {
        "Nomor": 24,
        "NO": 24,
        "ID Bangunan": "SDI-A12-012",
        "Blok": "A",
        "Koordinat Latitude (Y)": -5.544894,
        "Koordinat Longitude (X)": 105.226126,
        "Fungsi Bangunan": "Rumah Tinggal",
        "Klasifikasi": "Hunian",
        "Jumlah Lantai": 2,
        "Material Dominan": "Kayu",
        "Sistem Stuktur Tampak": "Rangka Kayu",
        "Tipe Atap": "Pelana",
        "Material Penutup Atap": "Genteng",
        "Dinding Luar": "Kayu",
        "Kondisi Visual": "Sedang",
        "Kode Material": "W ",
        "Kode Sistem Struktur": "LPB",
        "Tingkat Keyakinan": "Tinggi",
        "Dokumetasi": null,
        "Kode Fungsi": "F01",
        "Klasifikasi Fungsi": "Hunian",
        "KODE MATERIAL": "W",
        "KODE SISTEM STRUKTUR": "LPB",
        "KODE TIPE ATAP": "RSH2",
        "KODE MATERIAL PENUTUP ATAP": "RMT1",
        "KODE DINDING LUAR": "EWW",
        "KODE KONDISI VISUAL ": "CV2",
        "JUMLAH LANTAI": "HEX:2",
        "TAKSONOMI": "W/LPB/RSH2/RMT1/EWW/CV2/HEX:2",
        "KODE SIGKAT": "W \\LPB\\HEX:2",
        "LUAS_M2": 100.144647653,
        "Koefisien": 1.09,
        "Nilai Exposure": 547971483.0276854,
        "Klasifikasi Rentang Exposure": "Rp14.611.983,05 - Rp638.909.581,39",
        "koreksi_koordinat": "TIDAK"
      },
      "geometry": {
        "type": "Point",
        "coordinates": [
          105.226126,
          -5.544894
        ]
      }
    },
    {
      "type": "Feature",
      "properties": {
        "Nomor": 25,
        "NO": 25,
        "ID Bangunan": "SDI-A13-013",
        "Blok": "A",
        "Koordinat Latitude (Y)": -5.54471,
        "Koordinat Longitude (X)": 105.225947,
        "Fungsi Bangunan": "Rumah Tinggal",
        "Klasifikasi": "Hunian",
        "Jumlah Lantai": 1,
        "Material Dominan": "Pasang Bata",
        "Sistem Stuktur Tampak": "Campuran",
        "Tipe Atap": "Kombinasi",
        "Material Penutup Atap": "Genteng",
        "Dinding Luar": "Bata Plaster",
        "Kondisi Visual": "Sedang",
        "Kode Material": "MIX",
        "Kode Sistem Struktur": "LFINF",
        "Tingkat Keyakinan": "Tinggi",
        "Dokumetasi": null,
        "Kode Fungsi": "F01",
        "Klasifikasi Fungsi": "Hunian",
        "KODE MATERIAL": "MIX",
        "KODE SISTEM STRUKTUR": "LFINF",
        "KODE TIPE ATAP": "RSH8",
        "KODE MATERIAL PENUTUP ATAP": "RMT1",
        "KODE DINDING LUAR": "EWMA",
        "KODE KONDISI VISUAL ": "CV2",
        "JUMLAH LANTAI": "HEX:1",
        "TAKSONOMI": "MIX/LFINF/RSH8/RMT1/EWMA/CV2/HEX:1",
        "KODE SIGKAT": "MIX \\LFINF\\HEX:1",
        "LUAS_M2": 44.1909798967,
        "Koefisien": 1.0,
        "Nilai Exposure": 221838719.081434,
        "Klasifikasi Rentang Exposure": "Rp14.611.983,05 - Rp638.909.581,39",
        "koreksi_koordinat": "TIDAK"
      },
      "geometry": {
        "type": "Point",
        "coordinates": [
          105.225947,
          -5.54471
        ]
      }
    },
    {
      "type": "Feature",
      "properties": {
        "Nomor": 26,
        "NO": 26,
        "ID Bangunan": "SDI-A14-014",
        "Blok": "A",
        "Koordinat Latitude (Y)": -5.544438,
        "Koordinat Longitude (X)": 105.226066,
        "Fungsi Bangunan": "Rumah Tinggal",
        "Klasifikasi": "Hunian",
        "Jumlah Lantai": 1,
        "Material Dominan": "Pasang Bata",
        "Sistem Stuktur Tampak": "Rangka Beton Bertulang",
        "Tipe Atap": "Pelana",
        "Material Penutup Atap": "Genteng",
        "Dinding Luar": "Bata Ekspos",
        "Kondisi Visual": "Sedang Dibangun",
        "Kode Material": "MCF ",
        "Kode Sistem Struktur": "LFINF",
        "Tingkat Keyakinan": "Tinggi",
        "Dokumetasi": null,
        "Kode Fungsi": "F01",
        "Klasifikasi Fungsi": "Hunian",
        "KODE MATERIAL": "MCF ",
        "KODE SISTEM STRUKTUR": "LFINF",
        "KODE TIPE ATAP": "RSH2",
        "KODE MATERIAL PENUTUP ATAP": "RMT1",
        "KODE DINDING LUAR": "EWMA",
        "KODE KONDISI VISUAL ": "CV5",
        "JUMLAH LANTAI": "HEX:1",
        "TAKSONOMI": "MCF/LFINF/RSH2/RMT1/EWMA/CV5/HEX:1",
        "KODE SIGKAT": "MCF \\LFINF\\HEX:1",
        "LUAS_M2": 175.181708598,
        "Koefisien": 1.0,
        "Nilai Exposure": 879412177.16196,
        "Klasifikasi Rentang Exposure": "> Rp638.909.581,39 - Rp1.136.724.268,30",
        "koreksi_koordinat": "TIDAK"
      },
      "geometry": {
        "type": "Point",
        "coordinates": [
          105.226066,
          -5.544438
        ]
      }
    },
    {
      "type": "Feature",
      "properties": {
        "Nomor": 27,
        "NO": 27,
        "ID Bangunan": "SDI-A15-015",
        "Blok": "A",
        "Koordinat Latitude (Y)": -5.544323,
        "Koordinat Longitude (X)": 105.226034,
        "Fungsi Bangunan": "Rumah Tinggal",
        "Klasifikasi": "Hunian",
        "Jumlah Lantai": 1,
        "Material Dominan": "Pasang Bata",
        "Sistem Stuktur Tampak": "Rangka Beton Bertulang",
        "Tipe Atap": "Pelana",
        "Material Penutup Atap": "Genteng",
        "Dinding Luar": "Bata Plaster",
        "Kondisi Visual": "Sedang",
        "Kode Material": "MCF ",
        "Kode Sistem Struktur": "LFINF",
        "Tingkat Keyakinan": "Tinggi",
        "Dokumetasi": null,
        "Kode Fungsi": "F01",
        "Klasifikasi Fungsi": "Hunian",
        "KODE MATERIAL": "MCF ",
        "KODE SISTEM STRUKTUR": "LFINF",
        "KODE TIPE ATAP": "RSH2",
        "KODE MATERIAL PENUTUP ATAP": "RMT1",
        "KODE DINDING LUAR": "EWMA",
        "KODE KONDISI VISUAL ": "CV2",
        "JUMLAH LANTAI": "HEX:1",
        "TAKSONOMI": "MCF/LFINF/RSH2/RMT1/EWMA/CV2/HEX:1",
        "KODE SIGKAT": "MCF \\LFINF\\HEX:1",
        "LUAS_M2": 146.542903523,
        "Koefisien": 1.0,
        "Nilai Exposure": 735645375.6854601,
        "Klasifikasi Rentang Exposure": "> Rp638.909.581,39 - Rp1.136.724.268,30",
        "koreksi_koordinat": "TIDAK"
      },
      "geometry": {
        "type": "Point",
        "coordinates": [
          105.226034,
          -5.544323
        ]
      }
    },
    {
      "type": "Feature",
      "properties": {
        "Nomor": 28,
        "NO": 28,
        "ID Bangunan": "SDI-A16-016",
        "Blok": "A",
        "Koordinat Latitude (Y)": -5.544678,
        "Koordinat Longitude (X)": 105.225832,
        "Fungsi Bangunan": "Rumah Tinggal",
        "Klasifikasi": "Hunian",
        "Jumlah Lantai": 1,
        "Material Dominan": "Pasang Bata",
        "Sistem Stuktur Tampak": "Campuran",
        "Tipe Atap": "Kombinasi",
        "Material Penutup Atap": "Genteng",
        "Dinding Luar": "Bata Plaster",
        "Kondisi Visual": "Rusak Ringan",
        "Kode Material": "MCF ",
        "Kode Sistem Struktur": "LFINF",
        "Tingkat Keyakinan": "Tinggi",
        "Dokumetasi": null,
        "Kode Fungsi": "F01",
        "Klasifikasi Fungsi": "Hunian",
        "KODE MATERIAL": "MCF ",
        "KODE SISTEM STRUKTUR": "LFINF",
        "KODE TIPE ATAP": "RSH8",
        "KODE MATERIAL PENUTUP ATAP": "RMT1",
        "KODE DINDING LUAR": "EWMA",
        "KODE KONDISI VISUAL ": "CV2",
        "JUMLAH LANTAI": "HEX:1",
        "TAKSONOMI": "MCF/LFINF/RSH8/RMT1/EWMA/CV2/HEX:1",
        "KODE SIGKAT": "MCF \\LFINF\\HEX:1",
        "LUAS_M2": 64.1695019377,
        "Koefisien": 1.0,
        "Nilai Exposure": 322130899.72725403,
        "Klasifikasi Rentang Exposure": "Rp14.611.983,05 - Rp638.909.581,39",
        "koreksi_koordinat": "TIDAK"
      },
      "geometry": {
        "type": "Point",
        "coordinates": [
          105.225832,
          -5.544678
        ]
      }
    },
    {
      "type": "Feature",
      "properties": {
        "Nomor": 29,
        "NO": 29,
        "ID Bangunan": "SDI-A18-018",
        "Blok": "A",
        "Koordinat Latitude (Y)": -5.544328,
        "Koordinat Longitude (X)": 105.225924,
        "Fungsi Bangunan": "Rumah Tinggal",
        "Klasifikasi": "Hunian",
        "Jumlah Lantai": 1,
        "Material Dominan": "Kayu",
        "Sistem Stuktur Tampak": "Rangka Beton Bertulang",
        "Tipe Atap": "Kombinasi",
        "Material Penutup Atap": "Genteng",
        "Dinding Luar": "Campuran",
        "Kondisi Visual": "Sedang",
        "Kode Material": "MCF ",
        "Kode Sistem Struktur": "LFINF",
        "Tingkat Keyakinan": "Tinggi",
        "Dokumetasi": null,
        "Kode Fungsi": "F01",
        "Klasifikasi Fungsi": "Hunian",
        "KODE MATERIAL": "MCF ",
        "KODE SISTEM STRUKTUR": "LFINF",
        "KODE TIPE ATAP": "RSH8",
        "KODE MATERIAL PENUTUP ATAP": "RMT1",
        "KODE DINDING LUAR": "EWO",
        "KODE KONDISI VISUAL ": "CV2",
        "JUMLAH LANTAI": "HEX:1",
        "TAKSONOMI": "MCF/LFINF/RSH8/RMT1/EWO/CV2/HEX:1",
        "KODE SIGKAT": "MCF \\LFINF\\HEX:1",
        "LUAS_M2": 146.542903523,
        "Koefisien": 1.0,
        "Nilai Exposure": 735645375.6854601,
        "Klasifikasi Rentang Exposure": "> Rp638.909.581,39 - Rp1.136.724.268,30",
        "koreksi_koordinat": "TIDAK"
      },
      "geometry": {
        "type": "Point",
        "coordinates": [
          105.225924,
          -5.544328
        ]
      }
    },
    {
      "type": "Feature",
      "properties": {
        "Nomor": 30,
        "NO": 30,
        "ID Bangunan": "SDI-A19-019",
        "Blok": "A",
        "Koordinat Latitude (Y)": -5.54437,
        "Koordinat Longitude (X)": 105.225777,
        "Fungsi Bangunan": "Rumah Tinggal",
        "Klasifikasi": "Hunian",
        "Jumlah Lantai": 1,
        "Material Dominan": "Pasang Bata",
        "Sistem Stuktur Tampak": "Rangka Beton Bertulang",
        "Tipe Atap": "Pelana",
        "Material Penutup Atap": "Genteng",
        "Dinding Luar": "Campuran",
        "Kondisi Visual": "Sedang Dibangun",
        "Kode Material": "MCF ",
        "Kode Sistem Struktur": "LFINF",
        "Tingkat Keyakinan": "Tinggi",
        "Dokumetasi": null,
        "Kode Fungsi": "F01",
        "Klasifikasi Fungsi": "Hunian",
        "KODE MATERIAL": "MCF ",
        "KODE SISTEM STRUKTUR": "LFINF",
        "KODE TIPE ATAP": "RSH2",
        "KODE MATERIAL PENUTUP ATAP": "RMT1",
        "KODE DINDING LUAR": "EWO",
        "KODE KONDISI VISUAL ": "CV5",
        "JUMLAH LANTAI": "HEX:1",
        "TAKSONOMI": "MCF/LFINF/RSH2/RMT1/EWO/CV5/HEX:1",
        "KODE SIGKAT": "MCF \\LFINF\\HEX:1",
        "LUAS_M2": 67.1085575213,
        "Koefisien": 1.0,
        "Nilai Exposure": 336884958.756926,
        "Klasifikasi Rentang Exposure": "Rp14.611.983,05 - Rp638.909.581,39",
        "koreksi_koordinat": "TIDAK"
      },
      "geometry": {
        "type": "Point",
        "coordinates": [
          105.225777,
          -5.54437
        ]
      }
    },
    {
      "type": "Feature",
      "properties": {
        "Nomor": 31,
        "NO": 31,
        "ID Bangunan": "SDI-A20-020",
        "Blok": "A",
        "Koordinat Latitude (Y)": -5.5446,
        "Koordinat Longitude (X)": 105.225538,
        "Fungsi Bangunan": "Rumah Tinggal",
        "Klasifikasi": "Hunian",
        "Jumlah Lantai": 1,
        "Material Dominan": "Pasang Bata",
        "Sistem Stuktur Tampak": "Rangka Beton Bertulang",
        "Tipe Atap": "Kombinasi",
        "Material Penutup Atap": "Genteng",
        "Dinding Luar": "Bata Plaster",
        "Kondisi Visual": "Baik",
        "Kode Material": "MCF ",
        "Kode Sistem Struktur": "LFINF",
        "Tingkat Keyakinan": "Tinggi",
        "Dokumetasi": null,
        "Kode Fungsi": "F01",
        "Klasifikasi Fungsi": "Hunian",
        "KODE MATERIAL": "MCF ",
        "KODE SISTEM STRUKTUR": "LFINF",
        "KODE TIPE ATAP": "RSH8",
        "KODE MATERIAL PENUTUP ATAP": "RMT1",
        "KODE DINDING LUAR": "EWMA",
        "KODE KONDISI VISUAL ": "CV1",
        "JUMLAH LANTAI": "HEX:1",
        "TAKSONOMI": "MCF/LFINF/RSH8/RMT1/EWMA/CV1/HEX:1",
        "KODE SIGKAT": "MCF \\LFINF\\HEX:1",
        "LUAS_M2": 93.2827197965,
        "Koefisien": 1.0,
        "Nilai Exposure": 468279253.37843,
        "Klasifikasi Rentang Exposure": "Rp14.611.983,05 - Rp638.909.581,39",
        "koreksi_koordinat": "TIDAK"
      },
      "geometry": {
        "type": "Point",
        "coordinates": [
          105.225538,
          -5.5446
        ]
      }
    },
    {
      "type": "Feature",
      "properties": {
        "Nomor": 32,
        "NO": 32,
        "ID Bangunan": "SDI-A21-021",
        "Blok": "A",
        "Koordinat Latitude (Y)": -5.544549,
        "Koordinat Longitude (X)": 105.22541,
        "Fungsi Bangunan": "Rumah Tinggal",
        "Klasifikasi": "Hunian",
        "Jumlah Lantai": 1,
        "Material Dominan": "Pasang Bata",
        "Sistem Stuktur Tampak": "Rangka Beton Bertulang",
        "Tipe Atap": "Pelana",
        "Material Penutup Atap": "Genteng",
        "Dinding Luar": "Bata Plaster",
        "Kondisi Visual": "Sedang",
        "Kode Material": "MCF ",
        "Kode Sistem Struktur": "LFINF",
        "Tingkat Keyakinan": "Tinggi",
        "Dokumetasi": null,
        "Kode Fungsi": "F01",
        "Klasifikasi Fungsi": "Hunian",
        "KODE MATERIAL": "MCF ",
        "KODE SISTEM STRUKTUR": "LFINF",
        "KODE TIPE ATAP": "RSH2",
        "KODE MATERIAL PENUTUP ATAP": "RMT1",
        "KODE DINDING LUAR": "EWMA",
        "KODE KONDISI VISUAL ": "CV2",
        "JUMLAH LANTAI": "HEX:1",
        "TAKSONOMI": "MCF/LFINF/RSH2/RMT1/EWMA/CV2/HEX:1",
        "KODE SIGKAT": "MCF \\LFINF\\HEX:1",
        "LUAS_M2": 94.0602638908,
        "Koefisien": 1.0,
        "Nilai Exposure": 472182524.731816,
        "Klasifikasi Rentang Exposure": "Rp14.611.983,05 - Rp638.909.581,39",
        "koreksi_koordinat": "TIDAK"
      },
      "geometry": {
        "type": "Point",
        "coordinates": [
          105.22541,
          -5.544549
        ]
      }
    },
    {
      "type": "Feature",
      "properties": {
        "Nomor": 33,
        "NO": 33,
        "ID Bangunan": "SDI-A23-023",
        "Blok": "A",
        "Koordinat Latitude (Y)": -5.544227,
        "Koordinat Longitude (X)": 105.225561,
        "Fungsi Bangunan": "Rumah Tinggal",
        "Klasifikasi": "Hunian",
        "Jumlah Lantai": 1,
        "Material Dominan": "Pasang Bata",
        "Sistem Stuktur Tampak": "Rangka Beton Bertulang",
        "Tipe Atap": "Pelana",
        "Material Penutup Atap": "Genteng",
        "Dinding Luar": "Campuran",
        "Kondisi Visual": "Sedang",
        "Kode Material": "MCF",
        "Kode Sistem Struktur": "LFINF",
        "Tingkat Keyakinan": "Tinggi",
        "Dokumetasi": null,
        "Kode Fungsi": "F01",
        "Klasifikasi Fungsi": "Hunian",
        "KODE MATERIAL": "MCF ",
        "KODE SISTEM STRUKTUR": "LFINF",
        "KODE TIPE ATAP": "RSH2",
        "KODE MATERIAL PENUTUP ATAP": "RMT1",
        "KODE DINDING LUAR": "EWO",
        "KODE KONDISI VISUAL ": "CV2",
        "JUMLAH LANTAI": "HEX:1",
        "TAKSONOMI": "MCF/LFINF/RSH2/RMT1/EWO/CV2/HEX:1",
        "KODE SIGKAT": "MCF \\LFINF\\HEX:1",
        "LUAS_M2": 79.4466360923,
        "Koefisien": 1.0,
        "Nilai Exposure": 398822113.183346,
        "Klasifikasi Rentang Exposure": "Rp14.611.983,05 - Rp638.909.581,39",
        "koreksi_koordinat": "TIDAK"
      },
      "geometry": {
        "type": "Point",
        "coordinates": [
          105.225561,
          -5.544227
        ]
      }
    },
    {
      "type": "Feature",
      "properties": {
        "Nomor": 34,
        "NO": 34,
        "ID Bangunan": "SDI-A24-024",
        "Blok": "A",
        "Koordinat Latitude (Y)": -5.544218,
        "Koordinat Longitude (X)": 105.225469,
        "Fungsi Bangunan": "Rumah Tinggal",
        "Klasifikasi": "Hunian",
        "Jumlah Lantai": 1,
        "Material Dominan": "Pasang Bata",
        "Sistem Stuktur Tampak": "Rangka Beton Bertulang",
        "Tipe Atap": "Kombinasi",
        "Material Penutup Atap": "Genteng",
        "Dinding Luar": "Bata Plaster",
        "Kondisi Visual": "Sedang",
        "Kode Material": "MCF",
        "Kode Sistem Struktur": "LFINF",
        "Tingkat Keyakinan": "Tinggi",
        "Dokumetasi": null,
        "Kode Fungsi": "F01",
        "Klasifikasi Fungsi": "Hunian",
        "KODE MATERIAL": "MCF ",
        "KODE SISTEM STRUKTUR": "LFINF",
        "KODE TIPE ATAP": "RSH8",
        "KODE MATERIAL PENUTUP ATAP": "RMT1",
        "KODE DINDING LUAR": "EWMA",
        "KODE KONDISI VISUAL ": "CV2",
        "JUMLAH LANTAI": "HEX:1",
        "TAKSONOMI": "MCF/LFINF/RSH8/RMT1/EWMA/CV2/HEX:1",
        "KODE SIGKAT": "MCF \\LFINF\\HEX:1",
        "LUAS_M2": 77.1980740616,
        "Koefisien": 1.0,
        "Nilai Exposure": 387534331.78923196,
        "Klasifikasi Rentang Exposure": "Rp14.611.983,05 - Rp638.909.581,39",
        "koreksi_koordinat": "TIDAK"
      },
      "geometry": {
        "type": "Point",
        "coordinates": [
          105.225469,
          -5.544218
        ]
      }
    },
    {
      "type": "Feature",
      "properties": {
        "Nomor": 35,
        "NO": 35,
        "ID Bangunan": "SDI-A25-025",
        "Blok": "A",
        "Koordinat Latitude (Y)": -5.54414,
        "Koordinat Longitude (X)": 105.225832,
        "Fungsi Bangunan": "Rumah Tinggal",
        "Klasifikasi": "Hunian",
        "Jumlah Lantai": 1,
        "Material Dominan": "Pasang Bata",
        "Sistem Stuktur Tampak": "Rangka Beton Bertulang",
        "Tipe Atap": "Kombinasi",
        "Material Penutup Atap": "Genteng",
        "Dinding Luar": "Bata Plaster",
        "Kondisi Visual": "Baik",
        "Kode Material": "MCF",
        "Kode Sistem Struktur": "LFINF",
        "Tingkat Keyakinan": "Tinggi",
        "Dokumetasi": null,
        "Kode Fungsi": "F01",
        "Klasifikasi Fungsi": "Hunian",
        "KODE MATERIAL": "MCF ",
        "KODE SISTEM STRUKTUR": "LFINF",
        "KODE TIPE ATAP": "RSH8",
        "KODE MATERIAL PENUTUP ATAP": "RMT1",
        "KODE DINDING LUAR": "EWMA",
        "KODE KONDISI VISUAL ": "CV1",
        "JUMLAH LANTAI": "HEX:1",
        "TAKSONOMI": "MCF/LFINF/RSH8/RMT1/EWMA/CV1/HEX:1",
        "KODE SIGKAT": "MCF \\LFINF\\HEX:1",
        "LUAS_M2": 59.148253449,
        "Koefisien": 1.0,
        "Nilai Exposure": 296924232.31398,
        "Klasifikasi Rentang Exposure": "Rp14.611.983,05 - Rp638.909.581,39",
        "koreksi_koordinat": "TIDAK"
      },
      "geometry": {
        "type": "Point",
        "coordinates": [
          105.225832,
          -5.54414
        ]
      }
    },
    {
      "type": "Feature",
      "properties": {
        "Nomor": 36,
        "NO": 36,
        "ID Bangunan": "SDI-C16-016",
        "Blok": "C",
        "Koordinat Latitude (Y)": -5.552183,
        "Koordinat Longitude (X)": 105.235186,
        "Fungsi Bangunan": "Rumah Tinggal",
        "Klasifikasi": "Hunian",
        "Jumlah Lantai": 1,
        "Material Dominan": "Pasang Bata",
        "Sistem Stuktur Tampak": "Dinding Pemikul",
        "Tipe Atap": "Pelana",
        "Material Penutup Atap": "Asbes",
        "Dinding Luar": "Bata Plaster",
        "Kondisi Visual": "Sedang",
        "Kode Material": "MUR",
        "Kode Sistem Struktur": "LWAL",
        "Tingkat Keyakinan": "Tinggi",
        "Dokumetasi": null,
        "Kode Fungsi": "F01",
        "Klasifikasi Fungsi": "Hunian",
        "KODE MATERIAL": "MUR",
        "KODE SISTEM STRUKTUR": "LWAL",
        "KODE TIPE ATAP": "RSH2",
        "KODE MATERIAL PENUTUP ATAP": "RMT6",
        "KODE DINDING LUAR": "EWMA",
        "KODE KONDISI VISUAL ": "CV2",
        "JUMLAH LANTAI": "HEX:1",
        "TAKSONOMI": "MUR/LWAL/RSH2/RMT6/EWMA/CV2/HEX:1",
        "KODE SIGKAT": "MUR \\LWAL\\HEX:1",
        "LUAS_M2": 240.165647594,
        "Koefisien": 1.0,
        "Nilai Exposure": 1205631550.92188,
        "Klasifikasi Rentang Exposure": "> Rp1.136.724.268,30 - Rp1.856.590.180,23",
        "koreksi_koordinat": "TIDAK"
      },
      "geometry": {
        "type": "Point",
        "coordinates": [
          105.235186,
          -5.552183
        ]
      }
    },
    {
      "type": "Feature",
      "properties": {
        "Nomor": 37,
        "NO": 37,
        "ID Bangunan": "SDI-C17-017",
        "Blok": "C",
        "Koordinat Latitude (Y)": -5.552094,
        "Koordinat Longitude (X)": 105.235113,
        "Fungsi Bangunan": "Rumah Tinggal",
        "Klasifikasi": "Hunian",
        "Jumlah Lantai": 1,
        "Material Dominan": "Pasang Bata",
        "Sistem Stuktur Tampak": "Dinding Pemikul",
        "Tipe Atap": "Pelana",
        "Material Penutup Atap": "Genteng",
        "Dinding Luar": "Bata Ekspos",
        "Kondisi Visual": "Baik",
        "Kode Material": "MUR",
        "Kode Sistem Struktur": "LWAL",
        "Tingkat Keyakinan": "Tinggi",
        "Dokumetasi": null,
        "Kode Fungsi": "F01",
        "Klasifikasi Fungsi": "Hunian",
        "KODE MATERIAL": "MUR",
        "KODE SISTEM STRUKTUR": "LWAL",
        "KODE TIPE ATAP": "RSH2",
        "KODE MATERIAL PENUTUP ATAP": "RMT1",
        "KODE DINDING LUAR": "EWMA",
        "KODE KONDISI VISUAL ": "CV1",
        "JUMLAH LANTAI": "HEX:1",
        "TAKSONOMI": "MUR/LWAL/RSH2/RMT1/EWMA/CV1/HEX:1",
        "KODE SIGKAT": "MUR \\LWAL\\HEX:1",
        "LUAS_M2": 240.165647594,
        "Koefisien": 1.0,
        "Nilai Exposure": 1205631550.92188,
        "Klasifikasi Rentang Exposure": "> Rp1.136.724.268,30 - Rp1.856.590.180,23",
        "koreksi_koordinat": "TIDAK"
      },
      "geometry": {
        "type": "Point",
        "coordinates": [
          105.235113,
          -5.552094
        ]
      }
    },
    {
      "type": "Feature",
      "properties": {
        "Nomor": 38,
        "NO": 38,
        "ID Bangunan": "SDI-C18-018",
        "Blok": "C",
        "Koordinat Latitude (Y)": -5.551936,
        "Koordinat Longitude (X)": 105.235302,
        "Fungsi Bangunan": "Rumah Tinggal",
        "Klasifikasi": "Hunian",
        "Jumlah Lantai": 1,
        "Material Dominan": "Beton Bertulang",
        "Sistem Stuktur Tampak": "Rangka Beton Bertulang",
        "Tipe Atap": "Limasan",
        "Material Penutup Atap": "Genteng",
        "Dinding Luar": "Bata Plaster",
        "Kondisi Visual": "Baik",
        "Kode Material": "CR ",
        "Kode Sistem Struktur": "LFM",
        "Tingkat Keyakinan": "Tinggi",
        "Dokumetasi": null,
        "Kode Fungsi": "F01",
        "Klasifikasi Fungsi": "Hunian",
        "KODE MATERIAL": "CR ",
        "KODE SISTEM STRUKTUR": "LFM",
        "KODE TIPE ATAP": "RSH3",
        "KODE MATERIAL PENUTUP ATAP": "RMT1",
        "KODE DINDING LUAR": "EWMA",
        "KODE KONDISI VISUAL ": "CV1",
        "JUMLAH LANTAI": "HEX:1",
        "TAKSONOMI": "CR/LFM/RSH3/RMT1/EWMA/CV1/HEX:1",
        "KODE SIGKAT": "CR \\LFM\\HEX:1",
        "LUAS_M2": 481.523522907,
        "Koefisien": 1.0,
        "Nilai Exposure": 2417248084.9931397,
        "Klasifikasi Rentang Exposure": "> Rp1.856.590.180,23 - < Rp11.941.713.042,64",
        "koreksi_koordinat": "TIDAK"
      },
      "geometry": {
        "type": "Point",
        "coordinates": [
          105.235302,
          -5.551936
        ]
      }
    },
    {
      "type": "Feature",
      "properties": {
        "Nomor": 39,
        "NO": 39,
        "ID Bangunan": "SDI-C19-019",
        "Blok": "C",
        "Koordinat Latitude (Y)": -5.551662,
        "Koordinat Longitude (X)": 105.235496,
        "Fungsi Bangunan": "Rumah Tinggal",
        "Klasifikasi": "Hunian",
        "Jumlah Lantai": 1,
        "Material Dominan": "Pasang Bata",
        "Sistem Stuktur Tampak": "Dinding Pemikul",
        "Tipe Atap": "Kombinasi",
        "Material Penutup Atap": "Genteng",
        "Dinding Luar": "Bata Plaster",
        "Kondisi Visual": "Baik",
        "Kode Material": "MUR ",
        "Kode Sistem Struktur": "LWAL",
        "Tingkat Keyakinan": "Tinggi",
        "Dokumetasi": null,
        "Kode Fungsi": "F01",
        "Klasifikasi Fungsi": "Hunian",
        "KODE MATERIAL": "MUR",
        "KODE SISTEM STRUKTUR": "LWAL",
        "KODE TIPE ATAP": "RSH8",
        "KODE MATERIAL PENUTUP ATAP": "RMT1",
        "KODE DINDING LUAR": "EWMA",
        "KODE KONDISI VISUAL ": "CV1",
        "JUMLAH LANTAI": "HEX:1",
        "TAKSONOMI": "MUR/LWAL/RSH8/RMT1/EWMA/CV1/HEX:1",
        "KODE SIGKAT": "MUR \\LWAL\\HEX:1",
        "LUAS_M2": 154.01429017,
        "Koefisien": 1.0,
        "Nilai Exposure": 773151736.6534001,
        "Klasifikasi Rentang Exposure": "> Rp638.909.581,39 - Rp1.136.724.268,30",
        "koreksi_koordinat": "TIDAK"
      },
      "geometry": {
        "type": "Point",
        "coordinates": [
          105.235496,
          -5.551662
        ]
      }
    },
    {
      "type": "Feature",
      "properties": {
        "Nomor": 40,
        "NO": 40,
        "ID Bangunan": "SDI-C20-020",
        "Blok": "C",
        "Koordinat Latitude (Y)": -5.551723,
        "Koordinat Longitude (X)": 105.235473,
        "Fungsi Bangunan": "Rumah Tinggal",
        "Klasifikasi": "Hunian",
        "Jumlah Lantai": 1,
        "Material Dominan": "Pasang Bata",
        "Sistem Stuktur Tampak": "Dinding Pemikul",
        "Tipe Atap": "Pelana",
        "Material Penutup Atap": "Seng",
        "Dinding Luar": "Campuran",
        "Kondisi Visual": "Sedang",
        "Kode Material": "MUR",
        "Kode Sistem Struktur": "LWAL",
        "Tingkat Keyakinan": "Tinggi",
        "Dokumetasi": null,
        "Kode Fungsi": "F01",
        "Klasifikasi Fungsi": "Hunian",
        "KODE MATERIAL": "MUR",
        "KODE SISTEM STRUKTUR": "LWAL",
        "KODE TIPE ATAP": "RSH2",
        "KODE MATERIAL PENUTUP ATAP": "RMT2",
        "KODE DINDING LUAR": "EWO",
        "KODE KONDISI VISUAL ": "CV2",
        "JUMLAH LANTAI": "HEX:1",
        "TAKSONOMI": "MUR/LWAL/RSH2/RMT2/EWO/CV2/HEX:1",
        "KODE SIGKAT": "MUR \\LWAL\\HEX:1",
        "LUAS_M2": 154.01429017,
        "Koefisien": 1.0,
        "Nilai Exposure": 773151736.6534001,
        "Klasifikasi Rentang Exposure": "> Rp638.909.581,39 - Rp1.136.724.268,30",
        "koreksi_koordinat": "TIDAK"
      },
      "geometry": {
        "type": "Point",
        "coordinates": [
          105.235473,
          -5.551723
        ]
      }
    },
    {
      "type": "Feature",
      "properties": {
        "Nomor": 41,
        "NO": 41,
        "ID Bangunan": "SDI-A26-026",
        "Blok": "A",
        "Koordinat Latitude (Y)": -5.544094,
        "Koordinat Longitude (X)": 105.225772,
        "Fungsi Bangunan": "Rumah Tinggal",
        "Klasifikasi": "Hunian",
        "Jumlah Lantai": 1,
        "Material Dominan": "Pasang Bata",
        "Sistem Stuktur Tampak": "Rangka Beton Bertulang",
        "Tipe Atap": "Pelana",
        "Material Penutup Atap": "Genteng",
        "Dinding Luar": "Bata Plaster",
        "Kondisi Visual": "Baik",
        "Kode Material": "MCF ",
        "Kode Sistem Struktur": "LFINF",
        "Tingkat Keyakinan": "Tinggi",
        "Dokumetasi": null,
        "Kode Fungsi": "F01",
        "Klasifikasi Fungsi": "Hunian",
        "KODE MATERIAL": "MCF ",
        "KODE SISTEM STRUKTUR": "LFINF",
        "KODE TIPE ATAP": "RSH2",
        "KODE MATERIAL PENUTUP ATAP": "RMT1",
        "KODE DINDING LUAR": "EWMA",
        "KODE KONDISI VISUAL ": "CV1",
        "JUMLAH LANTAI": "HEX:1",
        "TAKSONOMI": "MCF/LFINF/RSH2/RMT1/EWMA/CV1/HEX:1",
        "KODE SIGKAT": "MCF \\LFINF\\HEX:1",
        "LUAS_M2": 83.2973004874,
        "Koefisien": 1.0,
        "Nilai Exposure": 418152448.44674796,
        "Klasifikasi Rentang Exposure": "Rp14.611.983,05 - Rp638.909.581,39",
        "koreksi_koordinat": "TIDAK"
      },
      "geometry": {
        "type": "Point",
        "coordinates": [
          105.225772,
          -5.544094
        ]
      }
    },
    {
      "type": "Feature",
      "properties": {
        "Nomor": 42,
        "NO": 42,
        "ID Bangunan": "SDI-C21-021",
        "Blok": "C",
        "Koordinat Latitude (Y)": -5.551859,
        "Koordinat Longitude (X)": 105.235506,
        "Fungsi Bangunan": "Rumah Tinggal",
        "Klasifikasi": "Hunian",
        "Jumlah Lantai": 1,
        "Material Dominan": "Pasang Bata",
        "Sistem Stuktur Tampak": "Dinding Pemikul",
        "Tipe Atap": "Pelana",
        "Material Penutup Atap": "Genteng",
        "Dinding Luar": "Campuran",
        "Kondisi Visual": "Sedang",
        "Kode Material": "MUR ",
        "Kode Sistem Struktur": "LWAL",
        "Tingkat Keyakinan": "Tinggi",
        "Dokumetasi": null,
        "Kode Fungsi": "F01",
        "Klasifikasi Fungsi": "Hunian",
        "KODE MATERIAL": "MUR",
        "KODE SISTEM STRUKTUR": "LWAL",
        "KODE TIPE ATAP": "RSH2",
        "KODE MATERIAL PENUTUP ATAP": "RMT1",
        "KODE DINDING LUAR": "EWO",
        "KODE KONDISI VISUAL ": "CV2",
        "JUMLAH LANTAI": "HEX:1",
        "TAKSONOMI": "MUR/LWAL/RSH2/RMT1/EWO/CV2/HEX:1",
        "KODE SIGKAT": "MUR \\LWAL\\HEX:1",
        "LUAS_M2": 154.453204717,
        "Koefisien": 1.0,
        "Nilai Exposure": 775355087.67934,
        "Klasifikasi Rentang Exposure": "> Rp638.909.581,39 - Rp1.136.724.268,30",
        "koreksi_koordinat": "TIDAK"
      },
      "geometry": {
        "type": "Point",
        "coordinates": [
          105.235506,
          -5.551859
        ]
      }
    },
    {
      "type": "Feature",
      "properties": {
        "Nomor": 43,
        "NO": 43,
        "ID Bangunan": "SDI-C22-022",
        "Blok": "C",
        "Koordinat Latitude (Y)": -5.551943,
        "Koordinat Longitude (X)": 105.235052,
        "Fungsi Bangunan": "Rumah Tinggal",
        "Klasifikasi": "Hunian",
        "Jumlah Lantai": 1,
        "Material Dominan": "Pasang Bata",
        "Sistem Stuktur Tampak": "Rangka Beton Bertulang",
        "Tipe Atap": "Kombinasi",
        "Material Penutup Atap": "Genteng",
        "Dinding Luar": "Bata Plaster",
        "Kondisi Visual": "Baik",
        "Kode Material": "MCF",
        "Kode Sistem Struktur": "LFINF",
        "Tingkat Keyakinan": "Tinggi",
        "Dokumetasi": null,
        "Kode Fungsi": "F01",
        "Klasifikasi Fungsi": "Hunian",
        "KODE MATERIAL": "MCF ",
        "KODE SISTEM STRUKTUR": "LFINF",
        "KODE TIPE ATAP": "RSH8",
        "KODE MATERIAL PENUTUP ATAP": "RMT1",
        "KODE DINDING LUAR": "EWMA",
        "KODE KONDISI VISUAL ": "CV1",
        "JUMLAH LANTAI": "HEX:1",
        "TAKSONOMI": "MCF/LFINF/RSH8/RMT1/EWMA/CV1/HEX:1",
        "KODE SIGKAT": "MCF \\LFINF\\HEX:1",
        "LUAS_M2": 183.176235404,
        "Koefisien": 1.0,
        "Nilai Exposure": 919544701.72808,
        "Klasifikasi Rentang Exposure": "> Rp638.909.581,39 - Rp1.136.724.268,30",
        "koreksi_koordinat": "TIDAK"
      },
      "geometry": {
        "type": "Point",
        "coordinates": [
          105.235052,
          -5.551943
        ]
      }
    },
    {
      "type": "Feature",
      "properties": {
        "Nomor": 44,
        "NO": 44,
        "ID Bangunan": "SDI-A27-027",
        "Blok": "A",
        "Koordinat Latitude (Y)": -5.544015,
        "Koordinat Longitude (X)": 105.22569,
        "Fungsi Bangunan": "Rumah Tinggal",
        "Klasifikasi": "Hunian",
        "Jumlah Lantai": 1,
        "Material Dominan": "Pasang Bata",
        "Sistem Stuktur Tampak": "Rangka Beton Bertulang",
        "Tipe Atap": "Pelana",
        "Material Penutup Atap": "Genteng",
        "Dinding Luar": "Bata Plaster",
        "Kondisi Visual": "Sedang Dibangun",
        "Kode Material": "MCF",
        "Kode Sistem Struktur": "LFINF",
        "Tingkat Keyakinan": "Tinggi",
        "Dokumetasi": null,
        "Kode Fungsi": "F01",
        "Klasifikasi Fungsi": "Hunian",
        "KODE MATERIAL": "MCF ",
        "KODE SISTEM STRUKTUR": "LFINF",
        "KODE TIPE ATAP": "RSH2",
        "KODE MATERIAL PENUTUP ATAP": "RMT1",
        "KODE DINDING LUAR": "EWMA",
        "KODE KONDISI VISUAL ": "CV5",
        "JUMLAH LANTAI": "HEX:1",
        "TAKSONOMI": "MCF/LFINF/RSH2/RMT1/EWMA/CV5/HEX:1",
        "KODE SIGKAT": "MCF \\LFINF\\HEX:1",
        "LUAS_M2": 134.492745765,
        "Koefisien": 1.0,
        "Nilai Exposure": 675153583.7402999,
        "Klasifikasi Rentang Exposure": "> Rp638.909.581,39 - Rp1.136.724.268,30",
        "koreksi_koordinat": "TIDAK"
      },
      "geometry": {
        "type": "Point",
        "coordinates": [
          105.22569,
          -5.544015
        ]
      }
    },
    {
      "type": "Feature",
      "properties": {
        "Nomor": 45,
        "NO": 45,
        "ID Bangunan": "SDI-C23-023",
        "Blok": "C",
        "Koordinat Latitude (Y)": -5.551794,
        "Koordinat Longitude (X)": 105.235101,
        "Fungsi Bangunan": "Rumah Tinggal",
        "Klasifikasi": "Hunian",
        "Jumlah Lantai": 1,
        "Material Dominan": "Pasang Bata",
        "Sistem Stuktur Tampak": "Dinding Pemikul",
        "Tipe Atap": "Kombinasi",
        "Material Penutup Atap": "Genteng",
        "Dinding Luar": "Bata Ekspos",
        "Kondisi Visual": "Baik",
        "Kode Material": "MUR ",
        "Kode Sistem Struktur": "LWAL",
        "Tingkat Keyakinan": "Tinggi",
        "Dokumetasi": null,
        "Kode Fungsi": "F01",
        "Klasifikasi Fungsi": "Hunian",
        "KODE MATERIAL": "MUR",
        "KODE SISTEM STRUKTUR": "LWAL",
        "KODE TIPE ATAP": "RSH8",
        "KODE MATERIAL PENUTUP ATAP": "RMT1",
        "KODE DINDING LUAR": "EWMA",
        "KODE KONDISI VISUAL ": "CV1",
        "JUMLAH LANTAI": "HEX:1",
        "TAKSONOMI": "MUR/LWAL/RSH8/RMT1/EWMA/CV1/HEX:1",
        "KODE SIGKAT": "MUR \\LWAL\\HEX:1",
        "LUAS_M2": 183.176235404,
        "Koefisien": 1.0,
        "Nilai Exposure": 919544701.72808,
        "Klasifikasi Rentang Exposure": "> Rp638.909.581,39 - Rp1.136.724.268,30",
        "koreksi_koordinat": "TIDAK"
      },
      "geometry": {
        "type": "Point",
        "coordinates": [
          105.235101,
          -5.551794
        ]
      }
    },
    {
      "type": "Feature",
      "properties": {
        "Nomor": 46,
        "NO": 46,
        "ID Bangunan": "SDI-C24-024",
        "Blok": "C",
        "Koordinat Latitude (Y)": -5.551743,
        "Koordinat Longitude (X)": 105.235092,
        "Fungsi Bangunan": "Rumah Tinggal",
        "Klasifikasi": "Hunian",
        "Jumlah Lantai": 1,
        "Material Dominan": "Pasang Bata",
        "Sistem Stuktur Tampak": "Dinding Pemikul",
        "Tipe Atap": "Kombinasi",
        "Material Penutup Atap": "Genteng",
        "Dinding Luar": "Bata Ekspos",
        "Kondisi Visual": "Baik",
        "Kode Material": "MUR ",
        "Kode Sistem Struktur": "LWAL",
        "Tingkat Keyakinan": "Tinggi",
        "Dokumetasi": null,
        "Kode Fungsi": "F01",
        "Klasifikasi Fungsi": "Hunian",
        "KODE MATERIAL": "MUR",
        "KODE SISTEM STRUKTUR": "LWAL",
        "KODE TIPE ATAP": "RSH8",
        "KODE MATERIAL PENUTUP ATAP": "RMT1",
        "KODE DINDING LUAR": "EWMA",
        "KODE KONDISI VISUAL ": "CV1",
        "JUMLAH LANTAI": "HEX:1",
        "TAKSONOMI": "MUR/LWAL/RSH8/RMT1/EWMA/CV1/HEX:1",
        "KODE SIGKAT": "MUR \\LWAL\\HEX:1",
        "LUAS_M2": 315.451040659,
        "Koefisien": 1.0,
        "Nilai Exposure": 1583564224.10818,
        "Klasifikasi Rentang Exposure": "> Rp1.136.724.268,30 - Rp1.856.590.180,23",
        "koreksi_koordinat": "TIDAK"
      },
      "geometry": {
        "type": "Point",
        "coordinates": [
          105.235092,
          -5.551743
        ]
      }
    },
    {
      "type": "Feature",
      "properties": {
        "Nomor": 47,
        "NO": 47,
        "ID Bangunan": "SDI-A28-028",
        "Blok": "A",
        "Koordinat Latitude (Y)": -5.543914,
        "Koordinat Longitude (X)": 105.225635,
        "Fungsi Bangunan": "Rumah Tinggal",
        "Klasifikasi": "Hunian",
        "Jumlah Lantai": 1,
        "Material Dominan": "Campuran",
        "Sistem Stuktur Tampak": "Campuran",
        "Tipe Atap": "Pelana",
        "Material Penutup Atap": "Genteng",
        "Dinding Luar": "Campuran",
        "Kondisi Visual": "Sedang",
        "Kode Material": "MIX",
        "Kode Sistem Struktur": "LFINF",
        "Tingkat Keyakinan": "Tinggi",
        "Dokumetasi": null,
        "Kode Fungsi": "F01",
        "Klasifikasi Fungsi": "Hunian",
        "KODE MATERIAL": "MIX",
        "KODE SISTEM STRUKTUR": "LFINF",
        "KODE TIPE ATAP": "RSH2",
        "KODE MATERIAL PENUTUP ATAP": "RMT1",
        "KODE DINDING LUAR": "EWO",
        "KODE KONDISI VISUAL ": "CV2",
        "JUMLAH LANTAI": "HEX:1",
        "TAKSONOMI": "MIX/LFINF/RSH2/RMT1/EWO/CV2/HEX:1",
        "KODE SIGKAT": "MIX \\LFINF\\HEX:1",
        "LUAS_M2": 98.6190905571,
        "Koefisien": 1.0,
        "Nilai Exposure": 495067834.59664196,
        "Klasifikasi Rentang Exposure": "Rp14.611.983,05 - Rp638.909.581,39",
        "koreksi_koordinat": "TIDAK"
      },
      "geometry": {
        "type": "Point",
        "coordinates": [
          105.225635,
          -5.543914
        ]
      }
    },
    {
      "type": "Feature",
      "properties": {
        "Nomor": 48,
        "NO": 48,
        "ID Bangunan": "SDI-A29-029",
        "Blok": "A",
        "Koordinat Latitude (Y)": -5.543873,
        "Koordinat Longitude (X)": 105.225506,
        "Fungsi Bangunan": "Rumah Tinggal",
        "Klasifikasi": "Hunian",
        "Jumlah Lantai": 1,
        "Material Dominan": "Kayu",
        "Sistem Stuktur Tampak": "Rangka Kayu",
        "Tipe Atap": "Pelana",
        "Material Penutup Atap": "Genteng",
        "Dinding Luar": "Kayu",
        "Kondisi Visual": "Sedang",
        "Kode Material": "W ",
        "Kode Sistem Struktur": "LFM",
        "Tingkat Keyakinan": "Tinggi",
        "Dokumetasi": null,
        "Kode Fungsi": "F01",
        "Klasifikasi Fungsi": "Hunian",
        "KODE MATERIAL": "W",
        "KODE SISTEM STRUKTUR": "LFM",
        "KODE TIPE ATAP": "RSH2",
        "KODE MATERIAL PENUTUP ATAP": "RMT1",
        "KODE DINDING LUAR": "EWW",
        "KODE KONDISI VISUAL ": "CV2",
        "JUMLAH LANTAI": "HEX:1",
        "TAKSONOMI": "W/LFM/RSH2/RMT1/EWW/CV2/HEX:1",
        "KODE SIGKAT": "W \\LFM\\HEX:1",
        "LUAS_M2": 108.522552563,
        "Koefisien": 1.0,
        "Nilai Exposure": 544783213.86626,
        "Klasifikasi Rentang Exposure": "Rp14.611.983,05 - Rp638.909.581,39",
        "koreksi_koordinat": "TIDAK"
      },
      "geometry": {
        "type": "Point",
        "coordinates": [
          105.225506,
          -5.543873
        ]
      }
    },
    {
      "type": "Feature",
      "properties": {
        "Nomor": 49,
        "NO": 49,
        "ID Bangunan": "SDI-A30-030",
        "Blok": "A",
        "Koordinat Latitude (Y)": -5.544213,
        "Koordinat Longitude (X)": 105.225424,
        "Fungsi Bangunan": "Rumah Tinggal",
        "Klasifikasi": "Hunian",
        "Jumlah Lantai": 1,
        "Material Dominan": "Kayu",
        "Sistem Stuktur Tampak": "Rangka Kayu",
        "Tipe Atap": "Kombinasi",
        "Material Penutup Atap": "Genteng",
        "Dinding Luar": "Kayu",
        "Kondisi Visual": "Sedang",
        "Kode Material": "W ",
        "Kode Sistem Struktur": "LPB",
        "Tingkat Keyakinan": "Tinggi",
        "Dokumetasi": null,
        "Kode Fungsi": "F01",
        "Klasifikasi Fungsi": "Hunian",
        "KODE MATERIAL": "W",
        "KODE SISTEM STRUKTUR": "LPB",
        "KODE TIPE ATAP": "RSH8",
        "KODE MATERIAL PENUTUP ATAP": "RMT1",
        "KODE DINDING LUAR": "EWW",
        "KODE KONDISI VISUAL ": "CV2",
        "JUMLAH LANTAI": "HEX:1",
        "TAKSONOMI": "W/LPB/RSH8/RMT1/EWW/CV2/HEX:1",
        "KODE SIGKAT": "W \\LPB\\HEX:1",
        "LUAS_M2": 77.1980740616,
        "Koefisien": 1.0,
        "Nilai Exposure": 387534331.78923196,
        "Klasifikasi Rentang Exposure": "Rp14.611.983,05 - Rp638.909.581,39",
        "koreksi_koordinat": "TIDAK"
      },
      "geometry": {
        "type": "Point",
        "coordinates": [
          105.225424,
          -5.544213
        ]
      }
    },
    {
      "type": "Feature",
      "properties": {
        "Nomor": 50,
        "NO": 50,
        "ID Bangunan": "SDI-C26-026",
        "Blok": "C",
        "Koordinat Latitude (Y)": -5.551848,
        "Koordinat Longitude (X)": 105.234873,
        "Fungsi Bangunan": "Rumah Tinggal",
        "Klasifikasi": "Hunian",
        "Jumlah Lantai": 1,
        "Material Dominan": "Beton Bertulang",
        "Sistem Stuktur Tampak": "Rangka Beton Bertulang",
        "Tipe Atap": "Limasan",
        "Material Penutup Atap": "Genteng",
        "Dinding Luar": "Bata Plaster",
        "Kondisi Visual": "Baik",
        "Kode Material": "CR ",
        "Kode Sistem Struktur": "LFM",
        "Tingkat Keyakinan": "Tinggi",
        "Dokumetasi": null,
        "Kode Fungsi": "F01",
        "Klasifikasi Fungsi": "Hunian",
        "KODE MATERIAL": "CR ",
        "KODE SISTEM STRUKTUR": "LFM",
        "KODE TIPE ATAP": "RSH3",
        "KODE MATERIAL PENUTUP ATAP": "RMT1",
        "KODE DINDING LUAR": "EWMA",
        "KODE KONDISI VISUAL ": "CV1",
        "JUMLAH LANTAI": "HEX:1",
        "TAKSONOMI": "CR/LFM/RSH3/RMT1/EWMA/CV1/HEX:1",
        "KODE SIGKAT": "CR \\LFM\\HEX:1",
        "LUAS_M2": 158.988181084,
        "Koefisien": 1.0,
        "Nilai Exposure": 798120669.04168,
        "Klasifikasi Rentang Exposure": "> Rp638.909.581,39 - Rp1.136.724.268,30",
        "koreksi_koordinat": "TIDAK"
      },
      "geometry": {
        "type": "Point",
        "coordinates": [
          105.234873,
          -5.551848
        ]
      }
    },
    {
      "type": "Feature",
      "properties": {
        "Nomor": 51,
        "NO": 51,
        "ID Bangunan": "SDI-C27-027",
        "Blok": "C",
        "Koordinat Latitude (Y)": -5.551633,
        "Koordinat Longitude (X)": 105.234928,
        "Fungsi Bangunan": "Rumah Tinggal",
        "Klasifikasi": "Hunian",
        "Jumlah Lantai": 1,
        "Material Dominan": "Pasang Bata",
        "Sistem Stuktur Tampak": "Dinding Pemikul",
        "Tipe Atap": "Kombinasi",
        "Material Penutup Atap": "Genteng",
        "Dinding Luar": "Bata Plaster",
        "Kondisi Visual": "Sedang",
        "Kode Material": "MUR",
        "Kode Sistem Struktur": "LWAL",
        "Tingkat Keyakinan": "Tinggi",
        "Dokumetasi": null,
        "Kode Fungsi": "F01",
        "Klasifikasi Fungsi": "Hunian",
        "KODE MATERIAL": "MUR",
        "KODE SISTEM STRUKTUR": "LWAL",
        "KODE TIPE ATAP": "RSH8",
        "KODE MATERIAL PENUTUP ATAP": "RMT1",
        "KODE DINDING LUAR": "EWMA",
        "KODE KONDISI VISUAL ": "CV2",
        "JUMLAH LANTAI": "HEX:1",
        "TAKSONOMI": "MUR/LWAL/RSH8/RMT1/EWMA/CV2/HEX:1",
        "KODE SIGKAT": "MUR \\LWAL\\HEX:1",
        "LUAS_M2": 315.451040659,
        "Koefisien": 1.0,
        "Nilai Exposure": 1583564224.10818,
        "Klasifikasi Rentang Exposure": "> Rp1.136.724.268,30 - Rp1.856.590.180,23",
        "koreksi_koordinat": "TIDAK"
      },
      "geometry": {
        "type": "Point",
        "coordinates": [
          105.234928,
          -5.551633
        ]
      }
    },
    {
      "type": "Feature",
      "properties": {
        "Nomor": 52,
        "NO": 52,
        "ID Bangunan": "SDI-A31-031",
        "Blok": "A",
        "Koordinat Latitude (Y)": -5.544692,
        "Koordinat Longitude (X)": 105.225318,
        "Fungsi Bangunan": "Rumah Tinggal",
        "Klasifikasi": "Hunian",
        "Jumlah Lantai": 1,
        "Material Dominan": "Kayu",
        "Sistem Stuktur Tampak": "Rangka Kayu",
        "Tipe Atap": "Kombinasi",
        "Material Penutup Atap": "Genteng",
        "Dinding Luar": "Kayu",
        "Kondisi Visual": "Sedang",
        "Kode Material": "W ",
        "Kode Sistem Struktur": "LPB",
        "Tingkat Keyakinan": "Tinggi",
        "Dokumetasi": null,
        "Kode Fungsi": "F01",
        "Klasifikasi Fungsi": "Hunian",
        "KODE MATERIAL": "W",
        "KODE SISTEM STRUKTUR": "LPB",
        "KODE TIPE ATAP": "RSH8",
        "KODE MATERIAL PENUTUP ATAP": "RMT1",
        "KODE DINDING LUAR": "EWW",
        "KODE KONDISI VISUAL ": "CV2",
        "JUMLAH LANTAI": "HEX:1",
        "TAKSONOMI": "W/LPB/RSH8/RMT1/EWW/CV2/HEX:1",
        "KODE SIGKAT": "W \\LPB\\HEX:1",
        "LUAS_M2": 60.436513958,
        "Koefisien": 1.0,
        "Nilai Exposure": 303391300.06916,
        "Klasifikasi Rentang Exposure": "Rp14.611.983,05 - Rp638.909.581,39",
        "koreksi_koordinat": "TIDAK"
      },
      "geometry": {
        "type": "Point",
        "coordinates": [
          105.225318,
          -5.544692
        ]
      }
    },
    {
      "type": "Feature",
      "properties": {
        "Nomor": 53,
        "NO": 53,
        "ID Bangunan": "SDI-C29-029",
        "Blok": "C",
        "Koordinat Latitude (Y)": -5.551237,
        "Koordinat Longitude (X)": 105.235205,
        "Fungsi Bangunan": "Rumah Tinggal",
        "Klasifikasi": "Hunian",
        "Jumlah Lantai": 1,
        "Material Dominan": "Pasang Bata",
        "Sistem Stuktur Tampak": "Dinding Pemikul",
        "Tipe Atap": "Pelana",
        "Material Penutup Atap": "Genteng",
        "Dinding Luar": "Bata Ekspos",
        "Kondisi Visual": "Baik",
        "Kode Material": "MUR ",
        "Kode Sistem Struktur": "LWAL",
        "Tingkat Keyakinan": "Tinggi",
        "Dokumetasi": null,
        "Kode Fungsi": "F01",
        "Klasifikasi Fungsi": "Hunian",
        "KODE MATERIAL": "MUR",
        "KODE SISTEM STRUKTUR": "LWAL",
        "KODE TIPE ATAP": "RSH2",
        "KODE MATERIAL PENUTUP ATAP": "RMT1",
        "KODE DINDING LUAR": "EWMA",
        "KODE KONDISI VISUAL ": "CV1",
        "JUMLAH LANTAI": "HEX:1",
        "TAKSONOMI": "MUR/LWAL/RSH2/RMT1/EWMA/CV1/HEX:1",
        "KODE SIGKAT": "MUR \\LWAL\\HEX:1",
        "LUAS_M2": 90.8905313288,
        "Koefisien": 1.0,
        "Nilai Exposure": 456270467.270576,
        "Klasifikasi Rentang Exposure": "Rp14.611.983,05 - Rp638.909.581,39",
        "koreksi_koordinat": "TIDAK"
      },
      "geometry": {
        "type": "Point",
        "coordinates": [
          105.235205,
          -5.551237
        ]
      }
    },
    {
      "type": "Feature",
      "properties": {
        "Nomor": 54,
        "NO": 54,
        "ID Bangunan": "SDI-A32-032",
        "Blok": "A",
        "Koordinat Latitude (Y)": -5.544475,
        "Koordinat Longitude (X)": 105.225263,
        "Fungsi Bangunan": "Rumah Tinggal",
        "Klasifikasi": "Hunian",
        "Jumlah Lantai": 1,
        "Material Dominan": "Pasang Bata",
        "Sistem Stuktur Tampak": "Rangka Beton Bertulang",
        "Tipe Atap": "Kombinasi",
        "Material Penutup Atap": "Genteng",
        "Dinding Luar": "Bata Plaster",
        "Kondisi Visual": "Baik",
        "Kode Material": "MCF",
        "Kode Sistem Struktur": "LFINF",
        "Tingkat Keyakinan": "Tinggi",
        "Dokumetasi": null,
        "Kode Fungsi": "F01",
        "Klasifikasi Fungsi": "Hunian",
        "KODE MATERIAL": "MCF ",
        "KODE SISTEM STRUKTUR": "LFINF",
        "KODE TIPE ATAP": "RSH8",
        "KODE MATERIAL PENUTUP ATAP": "RMT1",
        "KODE DINDING LUAR": "EWMA",
        "KODE KONDISI VISUAL ": "CV1",
        "JUMLAH LANTAI": "HEX:1",
        "TAKSONOMI": "MCF/LFINF/RSH8/RMT1/EWMA/CV1/HEX:1",
        "KODE SIGKAT": "MCF \\LFINF\\HEX:1",
        "LUAS_M2": 132.548500424,
        "Koefisien": 1.0,
        "Nilai Exposure": 665393472.12848,
        "Klasifikasi Rentang Exposure": "> Rp638.909.581,39 - Rp1.136.724.268,30",
        "koreksi_koordinat": "TIDAK"
      },
      "geometry": {
        "type": "Point",
        "coordinates": [
          105.225263,
          -5.544475
        ]
      }
    },
    {
      "type": "Feature",
      "properties": {
        "Nomor": 55,
        "NO": 55,
        "ID Bangunan": "SDI-A33-033",
        "Blok": "A",
        "Koordinat Latitude (Y)": -5.544411,
        "Koordinat Longitude (X)": 105.225199,
        "Fungsi Bangunan": "Rumah Tinggal",
        "Klasifikasi": "Hunian",
        "Jumlah Lantai": 1,
        "Material Dominan": "Pasang Bata",
        "Sistem Stuktur Tampak": "Rangka Beton Bertulang",
        "Tipe Atap": "Kombinasi",
        "Material Penutup Atap": "Genteng",
        "Dinding Luar": "Bata Plaster",
        "Kondisi Visual": "Sedang",
        "Kode Material": "MCF ",
        "Kode Sistem Struktur": "LFINF",
        "Tingkat Keyakinan": "Tinggi",
        "Dokumetasi": null,
        "Kode Fungsi": "F01",
        "Klasifikasi Fungsi": "Hunian",
        "KODE MATERIAL": "MCF ",
        "KODE SISTEM STRUKTUR": "LFINF",
        "KODE TIPE ATAP": "RSH8",
        "KODE MATERIAL PENUTUP ATAP": "RMT1",
        "KODE DINDING LUAR": "EWMA",
        "KODE KONDISI VISUAL ": "CV2",
        "JUMLAH LANTAI": "HEX:1",
        "TAKSONOMI": "MCF/LFINF/RSH8/RMT1/EWMA/CV2/HEX:1",
        "KODE SIGKAT": "MCF \\LFINF\\HEX:1",
        "LUAS_M2": 98.5726494685,
        "Koefisien": 1.0,
        "Nilai Exposure": 494834700.33187,
        "Klasifikasi Rentang Exposure": "Rp14.611.983,05 - Rp638.909.581,39",
        "koreksi_koordinat": "TIDAK"
      },
      "geometry": {
        "type": "Point",
        "coordinates": [
          105.225199,
          -5.544411
        ]
      }
    },
    {
      "type": "Feature",
      "properties": {
        "Nomor": 56,
        "NO": 56,
        "ID Bangunan": "SDI-B05-005",
        "Blok": "B",
        "Koordinat Latitude (Y)": -5.549010571,
        "Koordinat Longitude (X)": 105.2296822,
        "Fungsi Bangunan": "Rumah Tinggal",
        "Klasifikasi": "Hunian",
        "Jumlah Lantai": 1,
        "Material Dominan": "Beton Bertulang",
        "Sistem Stuktur Tampak": "Rangka Beton Bertulang",
        "Tipe Atap": "Pelana",
        "Material Penutup Atap": "Seng",
        "Dinding Luar": "Bata Plaster",
        "Kondisi Visual": "Baik",
        "Kode Material": "MCF",
        "Kode Sistem Struktur": "LFM",
        "Tingkat Keyakinan": "Tinggi",
        "Dokumetasi": null,
        "Kode Fungsi": "F01",
        "Klasifikasi Fungsi": "Hunian",
        "KODE MATERIAL": "MCF ",
        "KODE SISTEM STRUKTUR": "LFM",
        "KODE TIPE ATAP": "RSH2",
        "KODE MATERIAL PENUTUP ATAP": "RMT2",
        "KODE DINDING LUAR": "EWMA",
        "KODE KONDISI VISUAL ": "CV1",
        "JUMLAH LANTAI": "HEX:1",
        "TAKSONOMI": "MCF/LFM/RSH2/RMT2/EWMA/CV1/HEX:1",
        "KODE SIGKAT": "MCF \\LFM\\HEX:1",
        "LUAS_M2": 420.26217736,
        "Koefisien": 1.0,
        "Nilai Exposure": 2109716130.3472002,
        "Klasifikasi Rentang Exposure": "> Rp1.856.590.180,23 - < Rp11.941.713.042,64",
        "koreksi_koordinat": "TIDAK"
      },
      "geometry": {
        "type": "Point",
        "coordinates": [
          105.2296822,
          -5.549010571
        ]
      }
    },
    {
      "type": "Feature",
      "properties": {
        "Nomor": 57,
        "NO": 57,
        "ID Bangunan": "SDI-A01-035",
        "Blok": "A",
        "Koordinat Latitude (Y)": -5.544176,
        "Koordinat Longitude (X)": 105.225323,
        "Fungsi Bangunan": "Rumah Tinggal",
        "Klasifikasi": "Hunian",
        "Jumlah Lantai": 1,
        "Material Dominan": "Pasang Bata",
        "Sistem Stuktur Tampak": "Rangka Beton Bertulang",
        "Tipe Atap": "Pelana",
        "Material Penutup Atap": "Genteng",
        "Dinding Luar": "Bata Plaster",
        "Kondisi Visual": "Sedang",
        "Kode Material": "MCF",
        "Kode Sistem Struktur": "LFINF",
        "Tingkat Keyakinan": "Tinggi",
        "Dokumetasi": null,
        "Kode Fungsi": "F01",
        "Klasifikasi Fungsi": "Hunian",
        "KODE MATERIAL": "MCF ",
        "KODE SISTEM STRUKTUR": "LFINF",
        "KODE TIPE ATAP": "RSH2",
        "KODE MATERIAL PENUTUP ATAP": "RMT1",
        "KODE DINDING LUAR": "EWMA",
        "KODE KONDISI VISUAL ": "CV2",
        "JUMLAH LANTAI": "HEX:1",
        "TAKSONOMI": "MCF/LFINF/RSH2/RMT1/EWMA/CV2/HEX:1",
        "KODE SIGKAT": "MCF \\LFINF\\HEX:1",
        "LUAS_M2": 75.7199882649,
        "Koefisien": 1.0,
        "Nilai Exposure": 380114341.089798,
        "Klasifikasi Rentang Exposure": "Rp14.611.983,05 - Rp638.909.581,39",
        "koreksi_koordinat": "TIDAK"
      },
      "geometry": {
        "type": "Point",
        "coordinates": [
          105.225323,
          -5.544176
        ]
      }
    },
    {
      "type": "Feature",
      "properties": {
        "Nomor": 58,
        "NO": 58,
        "ID Bangunan": "SDI-A37-037",
        "Blok": "A",
        "Koordinat Latitude (Y)": -5.544043,
        "Koordinat Longitude (X)": 105.225263,
        "Fungsi Bangunan": "Rumah Tinggal",
        "Klasifikasi": "Hunian",
        "Jumlah Lantai": 1,
        "Material Dominan": "Pasang Bata",
        "Sistem Stuktur Tampak": "Rangka Beton Bertulang",
        "Tipe Atap": "Pelana",
        "Material Penutup Atap": "Genteng",
        "Dinding Luar": "Bata Ekspos",
        "Kondisi Visual": "Sedang",
        "Kode Material": "MCF ",
        "Kode Sistem Struktur": "LFINF",
        "Tingkat Keyakinan": "Tinggi",
        "Dokumetasi": null,
        "Kode Fungsi": "F01",
        "Klasifikasi Fungsi": "Hunian",
        "KODE MATERIAL": "MCF ",
        "KODE SISTEM STRUKTUR": "LFINF",
        "KODE TIPE ATAP": "RSH2",
        "KODE MATERIAL PENUTUP ATAP": "RMT1",
        "KODE DINDING LUAR": "EWMA",
        "KODE KONDISI VISUAL ": "CV2",
        "JUMLAH LANTAI": "HEX:1",
        "TAKSONOMI": "MCF/LFINF/RSH2/RMT1/EWMA/CV2/HEX:1",
        "KODE SIGKAT": "MCF \\LFINF\\HEX:1",
        "LUAS_M2": 102.547586813,
        "Koefisien": 1.0,
        "Nilai Exposure": 514788885.80126,
        "Klasifikasi Rentang Exposure": "Rp14.611.983,05 - Rp638.909.581,39",
        "koreksi_koordinat": "TIDAK"
      },
      "geometry": {
        "type": "Point",
        "coordinates": [
          105.225263,
          -5.544043
        ]
      }
    },
    {
      "type": "Feature",
      "properties": {
        "Nomor": 59,
        "NO": 59,
        "ID Bangunan": "SDI-A39-039",
        "Blok": "A",
        "Koordinat Latitude (Y)": -5.544144,
        "Koordinat Longitude (X)": 105.225139,
        "Fungsi Bangunan": "Rumah Tinggal",
        "Klasifikasi": "Hunian",
        "Jumlah Lantai": 1,
        "Material Dominan": "Pasang Bata",
        "Sistem Stuktur Tampak": "Rangka Beton Bertulang",
        "Tipe Atap": "Pelana",
        "Material Penutup Atap": "Genteng",
        "Dinding Luar": "Campuran",
        "Kondisi Visual": "Sedang",
        "Kode Material": "MCF ",
        "Kode Sistem Struktur": "LFINF",
        "Tingkat Keyakinan": "Tinggi",
        "Dokumetasi": null,
        "Kode Fungsi": "F01",
        "Klasifikasi Fungsi": "Hunian",
        "KODE MATERIAL": "MCF ",
        "KODE SISTEM STRUKTUR": "LFINF",
        "KODE TIPE ATAP": "RSH2",
        "KODE MATERIAL PENUTUP ATAP": "RMT1",
        "KODE DINDING LUAR": "EWO",
        "KODE KONDISI VISUAL ": "CV2",
        "JUMLAH LANTAI": "HEX:1",
        "TAKSONOMI": "MCF/LFINF/RSH2/RMT1/EWO/CV2/HEX:1",
        "KODE SIGKAT": "MCF \\LFINF\\HEX:1",
        "LUAS_M2": 65.5049283083,
        "Koefisien": 1.0,
        "Nilai Exposure": 328834740.10766596,
        "Klasifikasi Rentang Exposure": "Rp14.611.983,05 - Rp638.909.581,39",
        "koreksi_koordinat": "TIDAK"
      },
      "geometry": {
        "type": "Point",
        "coordinates": [
          105.225139,
          -5.544144
        ]
      }
    },
    {
      "type": "Feature",
      "properties": {
        "Nomor": 60,
        "NO": 60,
        "ID Bangunan": "SDI-A41-041",
        "Blok": "A",
        "Koordinat Latitude (Y)": -5.544172,
        "Koordinat Longitude (X)": 105.224827,
        "Fungsi Bangunan": "Rumah Tinggal",
        "Klasifikasi": "Hunian",
        "Jumlah Lantai": 1,
        "Material Dominan": "Pasang Bata",
        "Sistem Stuktur Tampak": "Rangka Beton Bertulang",
        "Tipe Atap": "Pelana",
        "Material Penutup Atap": "Asbes",
        "Dinding Luar": "Campuran",
        "Kondisi Visual": "Sedang",
        "Kode Material": "MCF (batu bata bertulang)",
        "Kode Sistem Struktur": "LFINF",
        "Tingkat Keyakinan": "Tinggi",
        "Dokumetasi": null,
        "Kode Fungsi": "F01",
        "Klasifikasi Fungsi": "Hunian",
        "KODE MATERIAL": "MCF",
        "KODE SISTEM STRUKTUR": "LFINF",
        "KODE TIPE ATAP": "RSH2",
        "KODE MATERIAL PENUTUP ATAP": "RMT6",
        "KODE DINDING LUAR": "EWO",
        "KODE KONDISI VISUAL ": "CV2",
        "JUMLAH LANTAI": "HEX:1",
        "TAKSONOMI": "MCF/LFINF/RSH2/RMT6/EWO/CV2/HEX:1",
        "KODE SIGKAT": "MCF \\LFINF\\HEX:1",
        "LUAS_M2": 77.0744728306,
        "Koefisien": 1.0,
        "Nilai Exposure": 386913853.609612,
        "Klasifikasi Rentang Exposure": "Rp14.611.983,05 - Rp638.909.581,39",
        "koreksi_koordinat": "TIDAK"
      },
      "geometry": {
        "type": "Point",
        "coordinates": [
          105.224827,
          -5.544172
        ]
      }
    },
    {
      "type": "Feature",
      "properties": {
        "Nomor": 61,
        "NO": 61,
        "ID Bangunan": "SDI-C30-030",
        "Blok": "C",
        "Koordinat Latitude (Y)": -5.551554,
        "Koordinat Longitude (X)": 105.234648,
        "Fungsi Bangunan": "Rumah Tinggal",
        "Klasifikasi": "Hunian",
        "Jumlah Lantai": 1,
        "Material Dominan": "Pasang Bata",
        "Sistem Stuktur Tampak": "Dinding Pemikul",
        "Tipe Atap": "Kombinasi",
        "Material Penutup Atap": "Genteng",
        "Dinding Luar": "Bata Plaster",
        "Kondisi Visual": "Baik",
        "Kode Material": "MUR (batu bata tanpa tulang)",
        "Kode Sistem Struktur": "LWAL",
        "Tingkat Keyakinan": "Tinggi",
        "Dokumetasi": null,
        "Kode Fungsi": "F01",
        "Klasifikasi Fungsi": "Hunian",
        "KODE MATERIAL": "MUR",
        "KODE SISTEM STRUKTUR": "LWAL",
        "KODE TIPE ATAP": "RSH8",
        "KODE MATERIAL PENUTUP ATAP": "RMT1",
        "KODE DINDING LUAR": "EWMA",
        "KODE KONDISI VISUAL ": "CV1",
        "JUMLAH LANTAI": "HEX:1",
        "TAKSONOMI": "MUR/LWAL/RSH8/RMT1/EWMA/CV1/HEX:1",
        "KODE SIGKAT": "MUR \\LWAL\\HEX:1",
        "LUAS_M2": 216.244090239,
        "Koefisien": 1.0,
        "Nilai Exposure": 1085545332.99978,
        "Klasifikasi Rentang Exposure": "> Rp638.909.581,39 - Rp1.136.724.268,30",
        "koreksi_koordinat": "TIDAK"
      },
      "geometry": {
        "type": "Point",
        "coordinates": [
          105.234648,
          -5.551554
        ]
      }
    },
    {
      "type": "Feature",
      "properties": {
        "Nomor": 62,
        "NO": 62,
        "ID Bangunan": "SDI-A42-042",
        "Blok": "A",
        "Koordinat Latitude (Y)": -5.544039,
        "Koordinat Longitude (X)": 105.224923,
        "Fungsi Bangunan": "Rumah Tinggal",
        "Klasifikasi": "Hunian",
        "Jumlah Lantai": 1,
        "Material Dominan": "Pasang Bata",
        "Sistem Stuktur Tampak": "Rangka Beton Bertulang",
        "Tipe Atap": "Kombinasi",
        "Material Penutup Atap": "Genteng",
        "Dinding Luar": "Bata Plaster",
        "Kondisi Visual": "Baik",
        "Kode Material": "MCF (batu bata bertulang)",
        "Kode Sistem Struktur": "LFINF",
        "Tingkat Keyakinan": "Tinggi",
        "Dokumetasi": null,
        "Kode Fungsi": "F01",
        "Klasifikasi Fungsi": "Hunian",
        "KODE MATERIAL": "MCF",
        "KODE SISTEM STRUKTUR": "LFINF",
        "KODE TIPE ATAP": "RSH8",
        "KODE MATERIAL PENUTUP ATAP": "RMT1",
        "KODE DINDING LUAR": "EWMA",
        "KODE KONDISI VISUAL ": "CV1",
        "JUMLAH LANTAI": "HEX:1",
        "TAKSONOMI": "MCF/LFINF/RSH8/RMT1/EWMA/CV1/HEX:1",
        "KODE SIGKAT": "MCF \\LFINF\\HEX:1",
        "LUAS_M2": 133.659403194,
        "Koefisien": 1.0,
        "Nilai Exposure": 670970204.03388,
        "Klasifikasi Rentang Exposure": "> Rp638.909.581,39 - Rp1.136.724.268,30",
        "koreksi_koordinat": "TIDAK"
      },
      "geometry": {
        "type": "Point",
        "coordinates": [
          105.224923,
          -5.544039
        ]
      }
    },
    {
      "type": "Feature",
      "properties": {
        "Nomor": 63,
        "NO": 63,
        "ID Bangunan": "SDI-C32-032",
        "Blok": "C",
        "Koordinat Latitude (Y)": -5.55145,
        "Koordinat Longitude (X)": 105.234667,
        "Fungsi Bangunan": "Rumah Tinggal",
        "Klasifikasi": "Hunian",
        "Jumlah Lantai": 1,
        "Material Dominan": "Pasang Bata",
        "Sistem Stuktur Tampak": "Dinding Pemikul",
        "Tipe Atap": "Kombinasi",
        "Material Penutup Atap": "Genteng",
        "Dinding Luar": "Bata Ekspos",
        "Kondisi Visual": "Baik",
        "Kode Material": "MUR (batu bata tanpa tulang)",
        "Kode Sistem Struktur": "LWAL",
        "Tingkat Keyakinan": "Tinggi",
        "Dokumetasi": null,
        "Kode Fungsi": "F01",
        "Klasifikasi Fungsi": "Hunian",
        "KODE MATERIAL": "MUR",
        "KODE SISTEM STRUKTUR": "LWAL",
        "KODE TIPE ATAP": "RSH8",
        "KODE MATERIAL PENUTUP ATAP": "RMT1",
        "KODE DINDING LUAR": "EWMA",
        "KODE KONDISI VISUAL ": "CV1",
        "JUMLAH LANTAI": "HEX:1",
        "TAKSONOMI": "MUR/LWAL/RSH8/RMT1/EWMA/CV1/HEX:1",
        "KODE SIGKAT": "MUR \\LWAL\\HEX:1",
        "LUAS_M2": 157.09806404,
        "Koefisien": 1.0,
        "Nilai Exposure": 788632281.4808,
        "Klasifikasi Rentang Exposure": "> Rp638.909.581,39 - Rp1.136.724.268,30",
        "koreksi_koordinat": "TIDAK"
      },
      "geometry": {
        "type": "Point",
        "coordinates": [
          105.234667,
          -5.55145
        ]
      }
    },
    {
      "type": "Feature",
      "properties": {
        "Nomor": 64,
        "NO": 64,
        "ID Bangunan": "SDI-A43-043",
        "Blok": "A",
        "Koordinat Latitude (Y)": -5.544269,
        "Koordinat Longitude (X)": 105.224602,
        "Fungsi Bangunan": "Rumah Tinggal",
        "Klasifikasi": "Hunian",
        "Jumlah Lantai": 1,
        "Material Dominan": "Pasang Bata",
        "Sistem Stuktur Tampak": "Rangka Beton Bertulang",
        "Tipe Atap": "Kombinasi",
        "Material Penutup Atap": "Genteng",
        "Dinding Luar": "Bata Plaster",
        "Kondisi Visual": "Baik",
        "Kode Material": "MCF (batu bata bertulang)",
        "Kode Sistem Struktur": "LFINF",
        "Tingkat Keyakinan": "Tinggi",
        "Dokumetasi": null,
        "Kode Fungsi": "F01",
        "Klasifikasi Fungsi": "Hunian",
        "KODE MATERIAL": "MCF",
        "KODE SISTEM STRUKTUR": "LFINF",
        "KODE TIPE ATAP": "RSH8",
        "KODE MATERIAL PENUTUP ATAP": "RMT1",
        "KODE DINDING LUAR": "EWMA",
        "KODE KONDISI VISUAL ": "CV1",
        "JUMLAH LANTAI": "HEX:1",
        "TAKSONOMI": "MCF/LFINF/RSH8/RMT1/EWMA/CV1/HEX:1",
        "KODE SIGKAT": "MCF \\LFINF\\HEX:1",
        "LUAS_M2": 210.4470268,
        "Koefisien": 1.0,
        "Nilai Exposure": 1056444074.536,
        "Klasifikasi Rentang Exposure": "> Rp638.909.581,39 - Rp1.136.724.268,30",
        "koreksi_koordinat": "TIDAK"
      },
      "geometry": {
        "type": "Point",
        "coordinates": [
          105.224602,
          -5.544269
        ]
      }
    },
    {
      "type": "Feature",
      "properties": {
        "Nomor": 65,
        "NO": 65,
        "ID Bangunan": "Blok A (SDI-A01-044)",
        "Blok": "A",
        "Koordinat Latitude (Y)": -5.543823,
        "Koordinat Longitude (X)": 105.224676,
        "Fungsi Bangunan": "Rumah Tinggal",
        "Klasifikasi": "Hunian",
        "Jumlah Lantai": 1,
        "Material Dominan": "Pasang Bata",
        "Sistem Stuktur Tampak": "Rangka Beton Bertulang",
        "Tipe Atap": "Pelana",
        "Material Penutup Atap": "Genteng",
        "Dinding Luar": "Bata Ekspos",
        "Kondisi Visual": "Sedang",
        "Kode Material": "MCF (batu bata bertulang)",
        "Kode Sistem Struktur": "LFINF",
        "Tingkat Keyakinan": "Tinggi",
        "Dokumetasi": null,
        "Kode Fungsi": "F01",
        "Klasifikasi Fungsi": "Hunian",
        "KODE MATERIAL": "MCF",
        "KODE SISTEM STRUKTUR": "LFINF",
        "KODE TIPE ATAP": "RSH2",
        "KODE MATERIAL PENUTUP ATAP": "RMT1",
        "KODE DINDING LUAR": "EWMA",
        "KODE KONDISI VISUAL ": "CV2",
        "JUMLAH LANTAI": "HEX:1",
        "TAKSONOMI": "MCF/LFINF/RSH2/RMT1/EWMA/CV2/HEX:1",
        "KODE SIGKAT": "MCF \\LFINF\\HEX:1",
        "LUAS_M2": 92.2566871553,
        "Koefisien": 1.0,
        "Nilai Exposure": 463128569.519606,
        "Klasifikasi Rentang Exposure": "Rp14.611.983,05 - Rp638.909.581,39",
        "koreksi_koordinat": "TIDAK"
      },
      "geometry": {
        "type": "Point",
        "coordinates": [
          105.224676,
          -5.543823
        ]
      }
    },
    {
      "type": "Feature",
      "properties": {
        "Nomor": 66,
        "NO": 66,
        "ID Bangunan": "Blok A (SDI-A01-045)",
        "Blok": "A",
        "Koordinat Latitude (Y)": -5.543671,
        "Koordinat Longitude (X)": 105.224735,
        "Fungsi Bangunan": "Rumah Tinggal",
        "Klasifikasi": "Hunian",
        "Jumlah Lantai": 1,
        "Material Dominan": "Pasang Bata",
        "Sistem Stuktur Tampak": "Rangka Beton Bertulang",
        "Tipe Atap": "Limasan",
        "Material Penutup Atap": "Genteng",
        "Dinding Luar": "Bata Ekspos",
        "Kondisi Visual": "Sedang Dibangun",
        "Kode Material": "MCF (batu bata bertulang)",
        "Kode Sistem Struktur": "LFINF",
        "Tingkat Keyakinan": "Tinggi",
        "Dokumetasi": null,
        "Kode Fungsi": "F01",
        "Klasifikasi Fungsi": "Hunian",
        "KODE MATERIAL": "MCF",
        "KODE SISTEM STRUKTUR": "LFINF",
        "KODE TIPE ATAP": "RSH3",
        "KODE MATERIAL PENUTUP ATAP": "RMT1",
        "KODE DINDING LUAR": "EWMA",
        "KODE KONDISI VISUAL ": "CV5",
        "JUMLAH LANTAI": "HEX:1",
        "TAKSONOMI": "MCF/LFINF/RSH3/RMT1/EWMA/CV5/HEX:1",
        "KODE SIGKAT": "MCF \\LFINF\\HEX:1",
        "LUAS_M2": 87.9042447627,
        "Koefisien": 1.0,
        "Nilai Exposure": 441279308.708754,
        "Klasifikasi Rentang Exposure": "Rp14.611.983,05 - Rp638.909.581,39",
        "koreksi_koordinat": "TIDAK"
      },
      "geometry": {
        "type": "Point",
        "coordinates": [
          105.224735,
          -5.543671
        ]
      }
    },
    {
      "type": "Feature",
      "properties": {
        "Nomor": 67,
        "NO": 67,
        "ID Bangunan": "Blok A (SDI-A01-046)",
        "Blok": "A",
        "Koordinat Latitude (Y)": -5.543629,
        "Koordinat Longitude (X)": 105.224694,
        "Fungsi Bangunan": "Rumah Tinggal",
        "Klasifikasi": "Hunian",
        "Jumlah Lantai": 1,
        "Material Dominan": "Kayu",
        "Sistem Stuktur Tampak": "Rangka Kayu",
        "Tipe Atap": "Pelana",
        "Material Penutup Atap": "Genteng",
        "Dinding Luar": "Kayu",
        "Kondisi Visual": "Rusak Ringan",
        "Kode Material": "W (kayu)",
        "Kode Sistem Struktur": "LPB",
        "Tingkat Keyakinan": "Tinggi",
        "Dokumetasi": null,
        "Kode Fungsi": "F01",
        "Klasifikasi Fungsi": "Hunian",
        "KODE MATERIAL": "W",
        "KODE SISTEM STRUKTUR": "LPB",
        "KODE TIPE ATAP": "RSH2",
        "KODE MATERIAL PENUTUP ATAP": "RMT1",
        "KODE DINDING LUAR": "EWW",
        "KODE KONDISI VISUAL ": "CV2",
        "JUMLAH LANTAI": "HEX:1",
        "TAKSONOMI": "W/LPB/RSH2/RMT1/EWW/CV2/HEX:1",
        "KODE SIGKAT": "W \\LPB\\HEX:1",
        "LUAS_M2": 39.5702928834,
        "Koefisien": 1.0,
        "Nilai Exposure": 198642870.274668,
        "Klasifikasi Rentang Exposure": "Rp14.611.983,05 - Rp638.909.581,39",
        "koreksi_koordinat": "TIDAK"
      },
      "geometry": {
        "type": "Point",
        "coordinates": [
          105.224694,
          -5.543629
        ]
      }
    },
    {
      "type": "Feature",
      "properties": {
        "Nomor": 68,
        "NO": 68,
        "ID Bangunan": "Blok A (SDI-A01-047)",
        "Blok": "A",
        "Koordinat Latitude (Y)": -5.544062,
        "Koordinat Longitude (X)": 105.224543,
        "Fungsi Bangunan": "Rumah Tinggal",
        "Klasifikasi": "Hunian",
        "Jumlah Lantai": 1,
        "Material Dominan": "Kayu",
        "Sistem Stuktur Tampak": "Rangka Kayu",
        "Tipe Atap": "Kombinasi",
        "Material Penutup Atap": "Asbes",
        "Dinding Luar": "Kayu",
        "Kondisi Visual": "Sedang",
        "Kode Material": "W (kayu)",
        "Kode Sistem Struktur": "LPB",
        "Tingkat Keyakinan": "Tinggi",
        "Dokumetasi": null,
        "Kode Fungsi": "F01",
        "Klasifikasi Fungsi": "Hunian",
        "KODE MATERIAL": "W",
        "KODE SISTEM STRUKTUR": "LPB",
        "KODE TIPE ATAP": "RSH8",
        "KODE MATERIAL PENUTUP ATAP": "RMT6",
        "KODE DINDING LUAR": "EWW",
        "KODE KONDISI VISUAL ": "CV2",
        "JUMLAH LANTAI": "HEX:1",
        "TAKSONOMI": "W/LPB/RSH8/RMT6/EWW/CV2/HEX:1",
        "KODE SIGKAT": "W \\LPB\\HEX:1",
        "LUAS_M2": 120.922963569,
        "Koefisien": 1.0,
        "Nilai Exposure": 607033277.11638,
        "Klasifikasi Rentang Exposure": "Rp14.611.983,05 - Rp638.909.581,39",
        "koreksi_koordinat": "TIDAK"
      },
      "geometry": {
        "type": "Point",
        "coordinates": [
          105.224543,
          -5.544062
        ]
      }
    },
    {
      "type": "Feature",
      "properties": {
        "Nomor": 69,
        "NO": 69,
        "ID Bangunan": "Blok A (SDI-A01-048)",
        "Blok": "A",
        "Koordinat Latitude (Y)": -5.543708,
        "Koordinat Longitude (X)": 105.224478,
        "Fungsi Bangunan": "Rumah Tinggal",
        "Klasifikasi": "Hunian",
        "Jumlah Lantai": 1,
        "Material Dominan": "Pasang Bata",
        "Sistem Stuktur Tampak": "Rangka Beton Bertulang",
        "Tipe Atap": "Pelana",
        "Material Penutup Atap": "Genteng",
        "Dinding Luar": "Bata Ekspos",
        "Kondisi Visual": "Sedang",
        "Kode Material": "MCF (batu bata bertulang)",
        "Kode Sistem Struktur": "LFINF",
        "Tingkat Keyakinan": "Tinggi",
        "Dokumetasi": null,
        "Kode Fungsi": "F01",
        "Klasifikasi Fungsi": "Hunian",
        "KODE MATERIAL": "MCF",
        "KODE SISTEM STRUKTUR": "LFINF",
        "KODE TIPE ATAP": "RSH2",
        "KODE MATERIAL PENUTUP ATAP": "RMT1",
        "KODE DINDING LUAR": "EWMA",
        "KODE KONDISI VISUAL ": "CV2",
        "JUMLAH LANTAI": "HEX:1",
        "TAKSONOMI": "MCF/LFINF/RSH2/RMT1/EWMA/CV2/HEX:1",
        "KODE SIGKAT": "MCF \\LFINF\\HEX:1",
        "LUAS_M2": 126.297639822,
        "Koefisien": 1.0,
        "Nilai Exposure": 634014151.90644,
        "Klasifikasi Rentang Exposure": "Rp14.611.983,05 - Rp638.909.581,39",
        "koreksi_koordinat": "TIDAK"
      },
      "geometry": {
        "type": "Point",
        "coordinates": [
          105.224478,
          -5.543708
        ]
      }
    },
    {
      "type": "Feature",
      "properties": {
        "Nomor": 70,
        "NO": 70,
        "ID Bangunan": "Blok A (SDI-A01-049)",
        "Blok": "A",
        "Koordinat Latitude (Y)": -5.543583,
        "Koordinat Longitude (X)": 105.224451,
        "Fungsi Bangunan": "Rumah Tinggal",
        "Klasifikasi": "Hunian",
        "Jumlah Lantai": 1,
        "Material Dominan": "Pasang Bata",
        "Sistem Stuktur Tampak": "Rangka Beton Bertulang",
        "Tipe Atap": "Pelana",
        "Material Penutup Atap": "Genteng",
        "Dinding Luar": "Bata Plaster",
        "Kondisi Visual": "Baik",
        "Kode Material": "MCF (batu bata bertulang)",
        "Kode Sistem Struktur": "LFINF",
        "Tingkat Keyakinan": "Tinggi",
        "Dokumetasi": null,
        "Kode Fungsi": "F01",
        "Klasifikasi Fungsi": "Hunian",
        "KODE MATERIAL": "MCF",
        "KODE SISTEM STRUKTUR": "LFINF",
        "KODE TIPE ATAP": "RSH2",
        "KODE MATERIAL PENUTUP ATAP": "RMT1",
        "KODE DINDING LUAR": "EWMA",
        "KODE KONDISI VISUAL ": "CV1",
        "JUMLAH LANTAI": "HEX:1",
        "TAKSONOMI": "MCF/LFINF/RSH2/RMT1/EWMA/CV1/HEX:1",
        "KODE SIGKAT": "MCF \\LFINF\\HEX:1",
        "LUAS_M2": 76.7326985296,
        "Koefisien": 1.0,
        "Nilai Exposure": 385198146.618592,
        "Klasifikasi Rentang Exposure": "Rp14.611.983,05 - Rp638.909.581,39",
        "koreksi_koordinat": "TIDAK"
      },
      "geometry": {
        "type": "Point",
        "coordinates": [
          105.224451,
          -5.543583
        ]
      }
    },
    {
      "type": "Feature",
      "properties": {
        "Nomor": 71,
        "NO": 71,
        "ID Bangunan": "Blok A (SDI-A01-050)",
        "Blok": "A",
        "Koordinat Latitude (Y)": -5.543625,
        "Koordinat Longitude (X)": 105.224359,
        "Fungsi Bangunan": "Rumah Tinggal",
        "Klasifikasi": "Hunian",
        "Jumlah Lantai": 1,
        "Material Dominan": "Pasang Bata",
        "Sistem Stuktur Tampak": "Rangka Beton Bertulang",
        "Tipe Atap": "Kombinasi",
        "Material Penutup Atap": "Genteng dan Multiroof",
        "Dinding Luar": "Bata Plaster",
        "Kondisi Visual": "Baik",
        "Kode Material": "MCF (batu bata bertulang)",
        "Kode Sistem Struktur": "LFINF",
        "Tingkat Keyakinan": "Tinggi",
        "Dokumetasi": null,
        "Kode Fungsi": "F01",
        "Klasifikasi Fungsi": "Hunian",
        "KODE MATERIAL": "MCF",
        "KODE SISTEM STRUKTUR": "LFINF",
        "KODE TIPE ATAP": "RSH8",
        "KODE MATERIAL PENUTUP ATAP": "RMT1+RMT6",
        "KODE DINDING LUAR": "EWMA",
        "KODE KONDISI VISUAL ": "CV1",
        "JUMLAH LANTAI": "HEX:1",
        "TAKSONOMI": "MCF/LFINF/RSH8/RMT1+RMT6/EWMA/CV1/HEX:1",
        "KODE SIGKAT": "MCF \\LFINF\\HEX:1",
        "LUAS_M2": 104.103290826,
        "Koefisien": 1.0,
        "Nilai Exposure": 522598519.94652003,
        "Klasifikasi Rentang Exposure": "Rp14.611.983,05 - Rp638.909.581,39",
        "koreksi_koordinat": "TIDAK"
      },
      "geometry": {
        "type": "Point",
        "coordinates": [
          105.224359,
          -5.543625
        ]
      }
    },
    {
      "type": "Feature",
      "properties": {
        "Nomor": 72,
        "NO": 72,
        "ID Bangunan": "Blok A (SDI-A01-051)",
        "Blok": "A",
        "Koordinat Latitude (Y)": -5.543721,
        "Koordinat Longitude (X)": 105.224331,
        "Fungsi Bangunan": "Rumah Tinggal",
        "Klasifikasi": "Hunian",
        "Jumlah Lantai": 1,
        "Material Dominan": "Pasang Bata",
        "Sistem Stuktur Tampak": "Rangka Beton Bertulang",
        "Tipe Atap": "Datar (Dak Beton)",
        "Material Penutup Atap": "Beton",
        "Dinding Luar": "Bata Plaster",
        "Kondisi Visual": "Baik",
        "Kode Material": "MCF (batu bata bertulang)",
        "Kode Sistem Struktur": "LFINF",
        "Tingkat Keyakinan": "Tinggi",
        "Dokumetasi": null,
        "Kode Fungsi": "F01",
        "Klasifikasi Fungsi": "Hunian",
        "KODE MATERIAL": "MCF",
        "KODE SISTEM STRUKTUR": "LFINF",
        "KODE TIPE ATAP": "RSH1",
        "KODE MATERIAL PENUTUP ATAP": "RMT1",
        "KODE DINDING LUAR": "EWMA",
        "KODE KONDISI VISUAL ": "CV1",
        "JUMLAH LANTAI": "HEX:1",
        "TAKSONOMI": "MCF/LFINF/RSH1/RMT1/EWMA/CV1/HEX:1",
        "KODE SIGKAT": "MCF \\LFINF\\HEX:1",
        "LUAS_M2": 79.9075103425,
        "Koefisien": 1.0,
        "Nilai Exposure": 401135701.91935,
        "Klasifikasi Rentang Exposure": "Rp14.611.983,05 - Rp638.909.581,39",
        "koreksi_koordinat": "TIDAK"
      },
      "geometry": {
        "type": "Point",
        "coordinates": [
          105.224331,
          -5.543721
        ]
      }
    },
    {
      "type": "Feature",
      "properties": {
        "Nomor": 73,
        "NO": 73,
        "ID Bangunan": "Blok A (SDI-A01-052)",
        "Blok": "A",
        "Koordinat Latitude (Y)": -5.543639,
        "Koordinat Longitude (X)": 105.224253,
        "Fungsi Bangunan": "Rumah Tinggal",
        "Klasifikasi": "Hunian",
        "Jumlah Lantai": 1,
        "Material Dominan": "Pasang Bata",
        "Sistem Stuktur Tampak": "Rangka Beton Bertulang",
        "Tipe Atap": "Kombinasi",
        "Material Penutup Atap": "Genteng",
        "Dinding Luar": "Bata Plaster",
        "Kondisi Visual": "Baik",
        "Kode Material": "MCF (batu bata bertulang)",
        "Kode Sistem Struktur": "LFINF",
        "Tingkat Keyakinan": "Tinggi",
        "Dokumetasi": null,
        "Kode Fungsi": "F01",
        "Klasifikasi Fungsi": "Hunian",
        "KODE MATERIAL": "MCF",
        "KODE SISTEM STRUKTUR": "LFINF",
        "KODE TIPE ATAP": "RSH8",
        "KODE MATERIAL PENUTUP ATAP": "RMT1",
        "KODE DINDING LUAR": "EWMA",
        "KODE KONDISI VISUAL ": "CV1",
        "JUMLAH LANTAI": "HEX:1",
        "TAKSONOMI": "MCF/LFINF/RSH8/RMT1/EWMA/CV1/HEX:1",
        "KODE SIGKAT": "MCF \\LFINF\\HEX:1",
        "LUAS_M2": 114.070265935,
        "Koefisien": 1.0,
        "Nilai Exposure": 572632734.9937,
        "Klasifikasi Rentang Exposure": "Rp14.611.983,05 - Rp638.909.581,39",
        "koreksi_koordinat": "TIDAK"
      },
      "geometry": {
        "type": "Point",
        "coordinates": [
          105.224253,
          -5.543639
        ]
      }
    },
    {
      "type": "Feature",
      "properties": {
        "Nomor": 74,
        "NO": 74,
        "ID Bangunan": "Blok A (SDI-A01-053)",
        "Blok": "A",
        "Koordinat Latitude (Y)": -5.543795,
        "Koordinat Longitude (X)": 105.224212,
        "Fungsi Bangunan": "Rumah Tinggal",
        "Klasifikasi": "Hunian",
        "Jumlah Lantai": 1,
        "Material Dominan": "Kayu",
        "Sistem Stuktur Tampak": "Rangka Kayu",
        "Tipe Atap": "Pelana",
        "Material Penutup Atap": "Asbes",
        "Dinding Luar": "Kayu",
        "Kondisi Visual": "Sedang",
        "Kode Material": "W (kayu)",
        "Kode Sistem Struktur": "LPB",
        "Tingkat Keyakinan": "Tinggi",
        "Dokumetasi": null,
        "Kode Fungsi": "F01",
        "Klasifikasi Fungsi": "Hunian",
        "KODE MATERIAL": "W",
        "KODE SISTEM STRUKTUR": "LPB",
        "KODE TIPE ATAP": "RSH2",
        "KODE MATERIAL PENUTUP ATAP": "RMT6",
        "KODE DINDING LUAR": "EWW",
        "KODE KONDISI VISUAL ": "CV2",
        "JUMLAH LANTAI": "HEX:1",
        "TAKSONOMI": "W/LPB/RSH2/RMT6/EWW/CV2/HEX:1",
        "KODE SIGKAT": "W \\LPB\\HEX:1",
        "LUAS_M2": 54.9159474966,
        "Koefisien": 1.0,
        "Nilai Exposure": 275678056.43293196,
        "Klasifikasi Rentang Exposure": "Rp14.611.983,05 - Rp638.909.581,39",
        "koreksi_koordinat": "TIDAK"
      },
      "geometry": {
        "type": "Point",
        "coordinates": [
          105.224212,
          -5.543795
        ]
      }
    },
    {
      "type": "Feature",
      "properties": {
        "Nomor": 75,
        "NO": 75,
        "ID Bangunan": "Blok A (SDI-A01-054)",
        "Blok": "A",
        "Koordinat Latitude (Y)": -5.543731,
        "Koordinat Longitude (X)": 105.224134,
        "Fungsi Bangunan": "Rumah Tinggal",
        "Klasifikasi": "Hunian",
        "Jumlah Lantai": 1,
        "Material Dominan": "Pasang Bata",
        "Sistem Stuktur Tampak": "Rangka Beton Bertulang",
        "Tipe Atap": "Pelana",
        "Material Penutup Atap": "Genteng",
        "Dinding Luar": "Bata Plaster",
        "Kondisi Visual": "Baik",
        "Kode Material": "MCF (batu bata bertulang)",
        "Kode Sistem Struktur": "LFINF",
        "Tingkat Keyakinan": "Tinggi",
        "Dokumetasi": null,
        "Kode Fungsi": "F01",
        "Klasifikasi Fungsi": "Hunian",
        "KODE MATERIAL": "MCF",
        "KODE SISTEM STRUKTUR": "LFINF",
        "KODE TIPE ATAP": "RSH2",
        "KODE MATERIAL PENUTUP ATAP": "RMT1",
        "KODE DINDING LUAR": "EWMA",
        "KODE KONDISI VISUAL ": "CV1",
        "JUMLAH LANTAI": "HEX:1",
        "TAKSONOMI": "MCF/LFINF/RSH2/RMT1/EWMA/CV1/HEX:1",
        "KODE SIGKAT": "MCF \\LFINF\\HEX:1",
        "LUAS_M2": 124.096310858,
        "Koefisien": 1.0,
        "Nilai Exposure": 622963480.50716,
        "Klasifikasi Rentang Exposure": "Rp14.611.983,05 - Rp638.909.581,39",
        "koreksi_koordinat": "TIDAK"
      },
      "geometry": {
        "type": "Point",
        "coordinates": [
          105.224134,
          -5.543731
        ]
      }
    },
    {
      "type": "Feature",
      "properties": {
        "Nomor": 76,
        "NO": 76,
        "ID Bangunan": "Blok A (SDI-A01-055)",
        "Blok": "A",
        "Koordinat Latitude (Y)": -5.543758,
        "Koordinat Longitude (X)": 105.223987,
        "Fungsi Bangunan": "Rumah Tinggal",
        "Klasifikasi": "Hunian",
        "Jumlah Lantai": 1,
        "Material Dominan": "Pasang Bata",
        "Sistem Stuktur Tampak": "Rangka Beton Bertulang",
        "Tipe Atap": "Pelana",
        "Material Penutup Atap": "Genteng",
        "Dinding Luar": "Bata Ekspos",
        "Kondisi Visual": "Sedang",
        "Kode Material": "MCF (batu bata bertulang)",
        "Kode Sistem Struktur": "LFINF",
        "Tingkat Keyakinan": "Tinggi",
        "Dokumetasi": null,
        "Kode Fungsi": "F01",
        "Klasifikasi Fungsi": "Hunian",
        "KODE MATERIAL": "MCF",
        "KODE SISTEM STRUKTUR": "LFINF",
        "KODE TIPE ATAP": "RSH2",
        "KODE MATERIAL PENUTUP ATAP": "RMT1",
        "KODE DINDING LUAR": "EWMA",
        "KODE KONDISI VISUAL ": "CV2",
        "JUMLAH LANTAI": "HEX:1",
        "TAKSONOMI": "MCF/LFINF/RSH2/RMT1/EWMA/CV2/HEX:1",
        "KODE SIGKAT": "MCF \\LFINF\\HEX:1",
        "LUAS_M2": 69.5176474816,
        "Koefisien": 1.0,
        "Nilai Exposure": 348978590.357632,
        "Klasifikasi Rentang Exposure": "Rp14.611.983,05 - Rp638.909.581,39",
        "koreksi_koordinat": "TIDAK"
      },
      "geometry": {
        "type": "Point",
        "coordinates": [
          105.223987,
          -5.543758
        ]
      }
    },
    {
      "type": "Feature",
      "properties": {
        "Nomor": 77,
        "NO": 77,
        "ID Bangunan": "Blok A (SDI-A01-056)",
        "Blok": "A",
        "Koordinat Latitude (Y)": -5.543726,
        "Koordinat Longitude (X)": 105.223877,
        "Fungsi Bangunan": "Rumah Tinggal",
        "Klasifikasi": "Hunian",
        "Jumlah Lantai": 1,
        "Material Dominan": "Kayu",
        "Sistem Stuktur Tampak": "Rangka Kayu",
        "Tipe Atap": "Pelana",
        "Material Penutup Atap": "Genteng",
        "Dinding Luar": "Kayu",
        "Kondisi Visual": "Sedang",
        "Kode Material": "W (kayu)",
        "Kode Sistem Struktur": "LPB",
        "Tingkat Keyakinan": "Tinggi",
        "Dokumetasi": null,
        "Kode Fungsi": "F01",
        "Klasifikasi Fungsi": "Hunian",
        "KODE MATERIAL": "W",
        "KODE SISTEM STRUKTUR": "LPB",
        "KODE TIPE ATAP": "RSH2",
        "KODE MATERIAL PENUTUP ATAP": "RMT1",
        "KODE DINDING LUAR": "EWW",
        "KODE KONDISI VISUAL ": "CV2",
        "JUMLAH LANTAI": "HEX:1",
        "TAKSONOMI": "W/LPB/RSH2/RMT1/EWW/CV2/HEX:1",
        "KODE SIGKAT": "W \\LPB\\HEX:1",
        "LUAS_M2": 63.2284232192,
        "Koefisien": 1.0,
        "Nilai Exposure": 317406684.56038404,
        "Klasifikasi Rentang Exposure": "Rp14.611.983,05 - Rp638.909.581,39",
        "koreksi_koordinat": "TIDAK"
      },
      "geometry": {
        "type": "Point",
        "coordinates": [
          105.223877,
          -5.543726
        ]
      }
    },
    {
      "type": "Feature",
      "properties": {
        "Nomor": 78,
        "NO": 78,
        "ID Bangunan": "Blok A (SDI-A01-057)",
        "Blok": "A",
        "Koordinat Latitude (Y)": -5.543616,
        "Koordinat Longitude (X)": 105.223822,
        "Fungsi Bangunan": "Rumah Tinggal",
        "Klasifikasi": "Hunian",
        "Jumlah Lantai": 1,
        "Material Dominan": "Kayu",
        "Sistem Stuktur Tampak": "Rangka Kayu",
        "Tipe Atap": "Kombinasi",
        "Material Penutup Atap": "Asbes",
        "Dinding Luar": "Kayu",
        "Kondisi Visual": "Sedang",
        "Kode Material": "W (kayu)",
        "Kode Sistem Struktur": "LPB",
        "Tingkat Keyakinan": "Tinggi",
        "Dokumetasi": null,
        "Kode Fungsi": "F01",
        "Klasifikasi Fungsi": "Hunian",
        "KODE MATERIAL": "W",
        "KODE SISTEM STRUKTUR": "LPB",
        "KODE TIPE ATAP": "RSH8",
        "KODE MATERIAL PENUTUP ATAP": "RMT6",
        "KODE DINDING LUAR": "EWW",
        "KODE KONDISI VISUAL ": "CV2",
        "JUMLAH LANTAI": "HEX:1",
        "TAKSONOMI": "W/LPB/RSH8/RMT6/EWW/CV2/HEX:1",
        "KODE SIGKAT": "W \\LPB\\HEX:1",
        "LUAS_M2": 93.5714269252,
        "Koefisien": 1.0,
        "Nilai Exposure": 469728563.164504,
        "Klasifikasi Rentang Exposure": "Rp14.611.983,05 - Rp638.909.581,39",
        "koreksi_koordinat": "TIDAK"
      },
      "geometry": {
        "type": "Point",
        "coordinates": [
          105.223822,
          -5.543616
        ]
      }
    },
    {
      "type": "Feature",
      "properties": {
        "Nomor": 79,
        "NO": 79,
        "ID Bangunan": "Blok A (SDI-A01-058)",
        "Blok": "A",
        "Koordinat Latitude (Y)": -5.543524,
        "Koordinat Longitude (X)": 105.223817,
        "Fungsi Bangunan": "Rumah Tinggal",
        "Klasifikasi": "Hunian",
        "Jumlah Lantai": 1,
        "Material Dominan": "Pasang Bata",
        "Sistem Stuktur Tampak": "Rangka Beton Bertulang",
        "Tipe Atap": "Pelana",
        "Material Penutup Atap": "Genteng",
        "Dinding Luar": "Bata Ekspos",
        "Kondisi Visual": "Sedang",
        "Kode Material": "MCF (batu bata bertulang)",
        "Kode Sistem Struktur": "LFINF",
        "Tingkat Keyakinan": "Tinggi",
        "Dokumetasi": null,
        "Kode Fungsi": "F01",
        "Klasifikasi Fungsi": "Hunian",
        "KODE MATERIAL": "MCF",
        "KODE SISTEM STRUKTUR": "LFINF",
        "KODE TIPE ATAP": "RSH2",
        "KODE MATERIAL PENUTUP ATAP": "RMT1",
        "KODE DINDING LUAR": "EWMA",
        "KODE KONDISI VISUAL ": "CV2",
        "JUMLAH LANTAI": "HEX:1",
        "TAKSONOMI": "MCF/LFINF/RSH2/RMT1/EWMA/CV2/HEX:1",
        "KODE SIGKAT": "MCF \\LFINF\\HEX:1",
        "LUAS_M2": 66.9628266427,
        "Koefisien": 1.0,
        "Nilai Exposure": 336153389.746354,
        "Klasifikasi Rentang Exposure": "Rp14.611.983,05 - Rp638.909.581,39",
        "koreksi_koordinat": "TIDAK"
      },
      "geometry": {
        "type": "Point",
        "coordinates": [
          105.223817,
          -5.543524
        ]
      }
    },
    {
      "type": "Feature",
      "properties": {
        "Nomor": 80,
        "NO": 80,
        "ID Bangunan": "Blok A (SDI-A01-059)",
        "Blok": "A",
        "Koordinat Latitude (Y)": -5.543556,
        "Koordinat Longitude (X)": 105.223694,
        "Fungsi Bangunan": "Rumah Tinggal",
        "Klasifikasi": "Hunian",
        "Jumlah Lantai": 1,
        "Material Dominan": "Kayu",
        "Sistem Stuktur Tampak": "Rangka Kayu",
        "Tipe Atap": "Pelana",
        "Material Penutup Atap": "Asbes",
        "Dinding Luar": "Kayu",
        "Kondisi Visual": "Sedang",
        "Kode Material": "W (kayu)",
        "Kode Sistem Struktur": "LPB",
        "Tingkat Keyakinan": "Tinggi",
        "Dokumetasi": null,
        "Kode Fungsi": "F01",
        "Klasifikasi Fungsi": "Hunian",
        "KODE MATERIAL": "W",
        "KODE SISTEM STRUKTUR": "LPB",
        "KODE TIPE ATAP": "RSH2",
        "KODE MATERIAL PENUTUP ATAP": "RMT6",
        "KODE DINDING LUAR": "EWW",
        "KODE KONDISI VISUAL ": "CV2",
        "JUMLAH LANTAI": "HEX:1",
        "TAKSONOMI": "W/LPB/RSH2/RMT6/EWW/CV2/HEX:1",
        "KODE SIGKAT": "W \\LPB\\HEX:1",
        "LUAS_M2": 47.1324897021,
        "Koefisien": 1.0,
        "Nilai Exposure": 236605098.304542,
        "Klasifikasi Rentang Exposure": "Rp14.611.983,05 - Rp638.909.581,39",
        "koreksi_koordinat": "TIDAK"
      },
      "geometry": {
        "type": "Point",
        "coordinates": [
          105.223694,
          -5.543556
        ]
      }
    },
    {
      "type": "Feature",
      "properties": {
        "Nomor": 81,
        "NO": 81,
        "ID Bangunan": "Blok A (SDI-A01-060)",
        "Blok": "A",
        "Koordinat Latitude (Y)": -5.543855,
        "Koordinat Longitude (X)": 105.224203,
        "Fungsi Bangunan": "Rumah Tinggal",
        "Klasifikasi": "Hunian",
        "Jumlah Lantai": 1,
        "Material Dominan": "Kayu",
        "Sistem Stuktur Tampak": "Rangka Kayu",
        "Tipe Atap": "Pelana",
        "Material Penutup Atap": "Asbes",
        "Dinding Luar": "Kayu",
        "Kondisi Visual": "Sedang",
        "Kode Material": "W (kayu)",
        "Kode Sistem Struktur": "LPB",
        "Tingkat Keyakinan": "Tinggi",
        "Dokumetasi": null,
        "Kode Fungsi": "F01",
        "Klasifikasi Fungsi": "Hunian",
        "KODE MATERIAL": "W",
        "KODE SISTEM STRUKTUR": "LPB",
        "KODE TIPE ATAP": "RSH2",
        "KODE MATERIAL PENUTUP ATAP": "RMT6",
        "KODE DINDING LUAR": "EWW",
        "KODE KONDISI VISUAL ": "CV2",
        "JUMLAH LANTAI": "HEX:1",
        "TAKSONOMI": "W/LPB/RSH2/RMT6/EWW/CV2/HEX:1",
        "KODE SIGKAT": "W \\LPB\\HEX:1",
        "LUAS_M2": 54.9159474966,
        "Koefisien": 1.0,
        "Nilai Exposure": 275678056.43293196,
        "Klasifikasi Rentang Exposure": "Rp14.611.983,05 - Rp638.909.581,39",
        "koreksi_koordinat": "TIDAK"
      },
      "geometry": {
        "type": "Point",
        "coordinates": [
          105.224203,
          -5.543855
        ]
      }
    },
    {
      "type": "Feature",
      "properties": {
        "Nomor": 82,
        "NO": 82,
        "ID Bangunan": "Blok A (SDI-A01-061)",
        "Blok": "A",
        "Koordinat Latitude (Y)": -5.543846,
        "Koordinat Longitude (X)": 105.224313,
        "Fungsi Bangunan": "Rumah Tinggal",
        "Klasifikasi": "Hunian",
        "Jumlah Lantai": 1,
        "Material Dominan": "Pasang Bata",
        "Sistem Stuktur Tampak": "Rangka Beton Bertulang",
        "Tipe Atap": "Pelana",
        "Material Penutup Atap": "Genteng",
        "Dinding Luar": "Campuran",
        "Kondisi Visual": "Sedang",
        "Kode Material": "MCF (batu bata bertulang)",
        "Kode Sistem Struktur": "LFINF",
        "Tingkat Keyakinan": "Tinggi",
        "Dokumetasi": null,
        "Kode Fungsi": "F01",
        "Klasifikasi Fungsi": "Hunian",
        "KODE MATERIAL": "MCF",
        "KODE SISTEM STRUKTUR": "LFINF",
        "KODE TIPE ATAP": "RSH2",
        "KODE MATERIAL PENUTUP ATAP": "RMT1",
        "KODE DINDING LUAR": "EWO",
        "KODE KONDISI VISUAL ": "CV2",
        "JUMLAH LANTAI": "HEX:1",
        "TAKSONOMI": "MCF/LFINF/RSH2/RMT1/EWO/CV2/HEX:1",
        "KODE SIGKAT": "MCF \\LFINF\\HEX:1",
        "LUAS_M2": 110.873958292,
        "Koefisien": 1.0,
        "Nilai Exposure": 556587270.62584,
        "Klasifikasi Rentang Exposure": "Rp14.611.983,05 - Rp638.909.581,39",
        "koreksi_koordinat": "TIDAK"
      },
      "geometry": {
        "type": "Point",
        "coordinates": [
          105.224313,
          -5.543846
        ]
      }
    },
    {
      "type": "Feature",
      "properties": {
        "Nomor": 83,
        "NO": 83,
        "ID Bangunan": "Blok A (SDI-A01-062)",
        "Blok": "A",
        "Koordinat Latitude (Y)": -5.543836,
        "Koordinat Longitude (X)": 105.224492,
        "Fungsi Bangunan": "Rumah Tinggal",
        "Klasifikasi": "Hunian",
        "Jumlah Lantai": 1,
        "Material Dominan": "Pasang Bata",
        "Sistem Stuktur Tampak": "Rangka Beton Bertulang",
        "Tipe Atap": "Pelana",
        "Material Penutup Atap": "Genteng",
        "Dinding Luar": "Bata Ekspos",
        "Kondisi Visual": "Sedang",
        "Kode Material": "MCF (batu bata bertulang)",
        "Kode Sistem Struktur": "LFINF",
        "Tingkat Keyakinan": "Tinggi",
        "Dokumetasi": null,
        "Kode Fungsi": "F01",
        "Klasifikasi Fungsi": "Hunian",
        "KODE MATERIAL": "MCF",
        "KODE SISTEM STRUKTUR": "LFINF",
        "KODE TIPE ATAP": "RSH2",
        "KODE MATERIAL PENUTUP ATAP": "RMT1",
        "KODE DINDING LUAR": "EWMA",
        "KODE KONDISI VISUAL ": "CV2",
        "JUMLAH LANTAI": "HEX:1",
        "TAKSONOMI": "MCF/LFINF/RSH2/RMT1/EWMA/CV2/HEX:1",
        "KODE SIGKAT": "MCF \\LFINF\\HEX:1",
        "LUAS_M2": 68.5916242863,
        "Koefisien": 1.0,
        "Nilai Exposure": 344329953.917226,
        "Klasifikasi Rentang Exposure": "Rp14.611.983,05 - Rp638.909.581,39",
        "koreksi_koordinat": "TIDAK"
      },
      "geometry": {
        "type": "Point",
        "coordinates": [
          105.224492,
          -5.543836
        ]
      }
    },
    {
      "type": "Feature",
      "properties": {
        "Nomor": 84,
        "NO": 84,
        "ID Bangunan": "SDI-B01-001",
        "Blok": "B",
        "Koordinat Latitude (Y)": -5.550771,
        "Koordinat Longitude (X)": 105.232928,
        "Fungsi Bangunan": "Rumah Tinggal",
        "Klasifikasi": "Hunian",
        "Jumlah Lantai": 1,
        "Material Dominan": "Pasang Bata",
        "Sistem Stuktur Tampak": "Dinding Pemikul",
        "Tipe Atap": "Kombinasi",
        "Material Penutup Atap": "Genteng",
        "Dinding Luar": "Bata Plaster",
        "Kondisi Visual": "Baik",
        "Kode Material": "MUR (batu bata tanpa tulang)",
        "Kode Sistem Struktur": "LWAL",
        "Tingkat Keyakinan": "Tinggi",
        "Dokumetasi": null,
        "Kode Fungsi": "F01",
        "Klasifikasi Fungsi": "Hunian",
        "KODE MATERIAL": "MUR",
        "KODE SISTEM STRUKTUR": "LWAL",
        "KODE TIPE ATAP": "RSH8",
        "KODE MATERIAL PENUTUP ATAP": "RMT1",
        "KODE DINDING LUAR": "EWMA",
        "KODE KONDISI VISUAL ": "CV1",
        "JUMLAH LANTAI": "HEX:1",
        "TAKSONOMI": "MUR/LWAL/RSH8/RMT1/EWMA/CV1/HEX:1",
        "KODE SIGKAT": "MUR \\LWAL\\HEX:1",
        "LUAS_M2": 127.272824979,
        "Koefisien": 1.0,
        "Nilai Exposure": 638909581.39458,
        "Klasifikasi Rentang Exposure": "> Rp638.909.581,39 - Rp1.136.724.268,30",
        "koreksi_koordinat": "TIDAK"
      },
      "geometry": {
        "type": "Point",
        "coordinates": [
          105.232928,
          -5.550771
        ]
      }
    },
    {
      "type": "Feature",
      "properties": {
        "Nomor": 85,
        "NO": 85,
        "ID Bangunan": "SDI-B02-002",
        "Blok": "B",
        "Koordinat Latitude (Y)": -5.550645,
        "Koordinat Longitude (X)": 105.230717,
        "Fungsi Bangunan": "Rumah Tinggal",
        "Klasifikasi": "Hunian",
        "Jumlah Lantai": 1,
        "Material Dominan": "Campuran",
        "Sistem Stuktur Tampak": "Campuran",
        "Tipe Atap": "Pelana",
        "Material Penutup Atap": "Seng",
        "Dinding Luar": "Bata Ekspos",
        "Kondisi Visual": "Sedang",
        "Kode Material": "MUR (batu bata tanpa tulang)",
        "Kode Sistem Struktur": "LWAL",
        "Tingkat Keyakinan": "Tinggi",
        "Dokumetasi": null,
        "Kode Fungsi": "F01",
        "Klasifikasi Fungsi": "Hunian",
        "KODE MATERIAL": "MUR",
        "KODE SISTEM STRUKTUR": "LWAL",
        "KODE TIPE ATAP": "RSH2",
        "KODE MATERIAL PENUTUP ATAP": "RMT2",
        "KODE DINDING LUAR": "EWMA",
        "KODE KONDISI VISUAL ": "CV2",
        "JUMLAH LANTAI": "HEX:1",
        "TAKSONOMI": "MUR/LWAL/RSH2/RMT2/EWMA/CV2/HEX:1",
        "KODE SIGKAT": "MUR \\LWAL\\HEX:1",
        "LUAS_M2": 106.157310208,
        "Koefisien": 1.0,
        "Nilai Exposure": 532909697.24416,
        "Klasifikasi Rentang Exposure": "Rp14.611.983,05 - Rp638.909.581,39",
        "koreksi_koordinat": "TIDAK"
      },
      "geometry": {
        "type": "Point",
        "coordinates": [
          105.230717,
          -5.550645
        ]
      }
    },
    {
      "type": "Feature",
      "properties": {
        "Nomor": 86,
        "NO": 86,
        "ID Bangunan": "SDI-B03–003",
        "Blok": "B",
        "Koordinat Latitude (Y)": -5.550967,
        "Koordinat Longitude (X)": 105.232818,
        "Fungsi Bangunan": "Rumah Tinggal",
        "Klasifikasi": "Hunian",
        "Jumlah Lantai": 1,
        "Material Dominan": "Beton Bertulang",
        "Sistem Stuktur Tampak": "Rangka Beton Bertulang",
        "Tipe Atap": "Pelana",
        "Material Penutup Atap": "Genteng",
        "Dinding Luar": "Bata Ekspos",
        "Kondisi Visual": "Baik",
        "Kode Material": "MCF (batu bata bertulang)",
        "Kode Sistem Struktur": "LFM",
        "Tingkat Keyakinan": "Tinggi",
        "Dokumetasi": null,
        "Kode Fungsi": "F01",
        "Klasifikasi Fungsi": "Hunian",
        "KODE MATERIAL": "MCF",
        "KODE SISTEM STRUKTUR": "LFM",
        "KODE TIPE ATAP": "RSH2",
        "KODE MATERIAL PENUTUP ATAP": "RMT1",
        "KODE DINDING LUAR": "EWMA",
        "KODE KONDISI VISUAL ": "CV1",
        "JUMLAH LANTAI": "HEX:1",
        "TAKSONOMI": "MCF/LFM/RSH2/RMT1/EWMA/CV1/HEX:1",
        "KODE SIGKAT": "MCF \\LFM\\HEX:1",
        "LUAS_M2": 230.310426428,
        "Koefisien": 1.0,
        "Nilai Exposure": 1156158340.66856,
        "Klasifikasi Rentang Exposure": "> Rp1.136.724.268,30 - Rp1.856.590.180,23",
        "koreksi_koordinat": "TIDAK"
      },
      "geometry": {
        "type": "Point",
        "coordinates": [
          105.232818,
          -5.550967
        ]
      }
    },
    {
      "type": "Feature",
      "properties": {
        "Nomor": 87,
        "NO": 87,
        "ID Bangunan": "SDI-B04-004",
        "Blok": "B",
        "Koordinat Latitude (Y)": -5.5507,
        "Koordinat Longitude (X)": 105.232827,
        "Fungsi Bangunan": "Rumah Tinggal",
        "Klasifikasi": "Hunian",
        "Jumlah Lantai": 1,
        "Material Dominan": "Beton Bertulang",
        "Sistem Stuktur Tampak": "Rangka Beton Bertulang",
        "Tipe Atap": "Kombinasi",
        "Material Penutup Atap": "Genteng",
        "Dinding Luar": "Bata Plaster",
        "Kondisi Visual": "Baik",
        "Kode Material": "MCF (batu bata bertulang)",
        "Kode Sistem Struktur": "LFM",
        "Tingkat Keyakinan": "Tinggi",
        "Dokumetasi": null,
        "Kode Fungsi": "F01",
        "Klasifikasi Fungsi": "Hunian",
        "KODE MATERIAL": "MCF",
        "KODE SISTEM STRUKTUR": "LFM",
        "KODE TIPE ATAP": "RSH8",
        "KODE MATERIAL PENUTUP ATAP": "RMT1",
        "KODE DINDING LUAR": "EWMA",
        "KODE KONDISI VISUAL ": "CV1",
        "JUMLAH LANTAI": "HEX:1",
        "TAKSONOMI": "MCF/LFM/RSH8/RMT1/EWMA/CV1/HEX:1",
        "KODE SIGKAT": "MCF \\LFM\\HEX:1",
        "LUAS_M2": 545.539448282,
        "Koefisien": 1.0,
        "Nilai Exposure": 2738608030.37564,
        "Klasifikasi Rentang Exposure": "> Rp1.856.590.180,23 - < Rp11.941.713.042,64",
        "koreksi_koordinat": "TIDAK"
      },
      "geometry": {
        "type": "Point",
        "coordinates": [
          105.232827,
          -5.5507
        ]
      }
    },
    {
      "type": "Feature",
      "properties": {
        "Nomor": 88,
        "NO": 88,
        "ID Bangunan": "Blok A (SDI-A01-065)",
        "Blok": "A",
        "Koordinat Latitude (Y)": -5.543851,
        "Koordinat Longitude (X)": 105.222161,
        "Fungsi Bangunan": "Rumah Tinggal",
        "Klasifikasi": "Hunian",
        "Jumlah Lantai": 1,
        "Material Dominan": "Kayu",
        "Sistem Stuktur Tampak": "Rangka Kayu",
        "Tipe Atap": "Pelana",
        "Material Penutup Atap": "Seng",
        "Dinding Luar": "Kayu",
        "Kondisi Visual": "Baik",
        "Kode Material": "W (kayu)",
        "Kode Sistem Struktur": "LPB",
        "Tingkat Keyakinan": "Tinggi",
        "Dokumetasi": null,
        "Kode Fungsi": "F01",
        "Klasifikasi Fungsi": "Hunian",
        "KODE MATERIAL": "W",
        "KODE SISTEM STRUKTUR": "LPB",
        "KODE TIPE ATAP": "RSH2",
        "KODE MATERIAL PENUTUP ATAP": "RMT2",
        "KODE DINDING LUAR": "EWW",
        "KODE KONDISI VISUAL ": "CV1",
        "JUMLAH LANTAI": "HEX:1",
        "TAKSONOMI": "W/LPB/RSH2/RMT2/EWW/CV1/HEX:1",
        "KODE SIGKAT": "W \\LPB\\HEX:1",
        "LUAS_M2": 88.3685580364,
        "Koefisien": 1.0,
        "Nilai Exposure": 443610161.342728,
        "Klasifikasi Rentang Exposure": "Rp14.611.983,05 - Rp638.909.581,39",
        "koreksi_koordinat": "TIDAK"
      },
      "geometry": {
        "type": "Point",
        "coordinates": [
          105.222161,
          -5.543851
        ]
      }
    },
    {
      "type": "Feature",
      "properties": {
        "Nomor": 89,
        "NO": 89,
        "ID Bangunan": "SDI-B06-006",
        "Blok": "B",
        "Koordinat Latitude (Y)": -5.550268,
        "Koordinat Longitude (X)": 105.232193,
        "Fungsi Bangunan": "Rumah Tinggal",
        "Klasifikasi": "Hunian",
        "Jumlah Lantai": 1,
        "Material Dominan": "Kayu",
        "Sistem Stuktur Tampak": "Rangka Kayu",
        "Tipe Atap": "Pelana",
        "Material Penutup Atap": "Seng",
        "Dinding Luar": "Kayu",
        "Kondisi Visual": "Sedang",
        "Kode Material": "W (kayu)",
        "Kode Sistem Struktur": "LPB",
        "Tingkat Keyakinan": "Tinggi",
        "Dokumetasi": null,
        "Kode Fungsi": "F01",
        "Klasifikasi Fungsi": "Hunian",
        "KODE MATERIAL": "W",
        "KODE SISTEM STRUKTUR": "LPB",
        "KODE TIPE ATAP": "RSH2",
        "KODE MATERIAL PENUTUP ATAP": "RMT2",
        "KODE DINDING LUAR": "EWW",
        "KODE KONDISI VISUAL ": "CV2",
        "JUMLAH LANTAI": "HEX:1",
        "TAKSONOMI": "W/LPB/RSH2/RMT2/EWW/CV2/HEX:1",
        "KODE SIGKAT": "W \\LPB\\HEX:1",
        "LUAS_M2": 91.8119460117,
        "Koefisien": 1.0,
        "Nilai Exposure": 460895968.978734,
        "Klasifikasi Rentang Exposure": "Rp14.611.983,05 - Rp638.909.581,39",
        "koreksi_koordinat": "TIDAK"
      },
      "geometry": {
        "type": "Point",
        "coordinates": [
          105.232193,
          -5.550268
        ]
      }
    },
    {
      "type": "Feature",
      "properties": {
        "Nomor": 90,
        "NO": 90,
        "ID Bangunan": "SDI-B07-007",
        "Blok": "B",
        "Koordinat Latitude (Y)": -5.550107,
        "Koordinat Longitude (X)": 105.232308,
        "Fungsi Bangunan": "Rumah Tinggal",
        "Klasifikasi": "Hunian",
        "Jumlah Lantai": 1,
        "Material Dominan": "Pasang Bata",
        "Sistem Stuktur Tampak": "Dinding Pemikul",
        "Tipe Atap": "Kombinasi",
        "Material Penutup Atap": "Genteng",
        "Dinding Luar": "Bata Plaster",
        "Kondisi Visual": "Baik",
        "Kode Material": "MUR (batu bata tanpa tulang)",
        "Kode Sistem Struktur": "LWAL",
        "Tingkat Keyakinan": "Tinggi",
        "Dokumetasi": null,
        "Kode Fungsi": "F01",
        "Klasifikasi Fungsi": "Hunian",
        "KODE MATERIAL": "MUR",
        "KODE SISTEM STRUKTUR": "LWAL",
        "KODE TIPE ATAP": "RSH8",
        "KODE MATERIAL PENUTUP ATAP": "RMT1",
        "KODE DINDING LUAR": "EWMA",
        "KODE KONDISI VISUAL ": "CV1",
        "JUMLAH LANTAI": "HEX:1",
        "TAKSONOMI": "MUR/LWAL/RSH8/RMT1/EWMA/CV1/HEX:1",
        "KODE SIGKAT": "MUR \\LWAL\\HEX:1",
        "LUAS_M2": 151.650159959,
        "Koefisien": 1.0,
        "Nilai Exposure": 761283802.9941801,
        "Klasifikasi Rentang Exposure": "> Rp638.909.581,39 - Rp1.136.724.268,30",
        "koreksi_koordinat": "TIDAK"
      },
      "geometry": {
        "type": "Point",
        "coordinates": [
          105.232308,
          -5.550107
        ]
      }
    },
    {
      "type": "Feature",
      "properties": {
        "Nomor": 91,
        "NO": 91,
        "ID Bangunan": "Blok A (SDI-A01-066)",
        "Blok": "A",
        "Koordinat Latitude (Y)": -5.543649,
        "Koordinat Longitude (X)": 105.222152,
        "Fungsi Bangunan": "Rumah Tinggal",
        "Klasifikasi": "Hunian",
        "Jumlah Lantai": 1,
        "Material Dominan": "Kayu",
        "Sistem Stuktur Tampak": "Rangka Kayu",
        "Tipe Atap": "Pelana",
        "Material Penutup Atap": "Asbes",
        "Dinding Luar": "Kayu",
        "Kondisi Visual": "Sedang",
        "Kode Material": "W (kayu)",
        "Kode Sistem Struktur": "LPB",
        "Tingkat Keyakinan": "Tinggi",
        "Dokumetasi": null,
        "Kode Fungsi": "F01",
        "Klasifikasi Fungsi": "Hunian",
        "KODE MATERIAL": "W",
        "KODE SISTEM STRUKTUR": "LPB",
        "KODE TIPE ATAP": "RSH2",
        "KODE MATERIAL PENUTUP ATAP": "RMT6",
        "KODE DINDING LUAR": "EWW",
        "KODE KONDISI VISUAL ": "CV2",
        "JUMLAH LANTAI": "HEX:1",
        "TAKSONOMI": "W/LPB/RSH2/RMT6/EWW/CV2/HEX:1",
        "KODE SIGKAT": "W \\LPB\\HEX:1",
        "LUAS_M2": 88.2135805853,
        "Koefisien": 1.0,
        "Nilai Exposure": 442832174.538206,
        "Klasifikasi Rentang Exposure": "Rp14.611.983,05 - Rp638.909.581,39",
        "koreksi_koordinat": "TIDAK"
      },
      "geometry": {
        "type": "Point",
        "coordinates": [
          105.222152,
          -5.543649
        ]
      }
    },
    {
      "type": "Feature",
      "properties": {
        "Nomor": 92,
        "NO": 92,
        "ID Bangunan": "SDI-B08-008",
        "Blok": "B",
        "Koordinat Latitude (Y)": -5.55019,
        "Koordinat Longitude (X)": 105.231946,
        "Fungsi Bangunan": "Rumah Tinggal",
        "Klasifikasi": "Hunian",
        "Jumlah Lantai": 1,
        "Material Dominan": "Pasang Bata",
        "Sistem Stuktur Tampak": "Dinding Pemikul",
        "Tipe Atap": "Pelana",
        "Material Penutup Atap": "Genteng",
        "Dinding Luar": "Bata Plaster",
        "Kondisi Visual": "Baik",
        "Kode Material": "MUR (batu bata tanpa tulang)",
        "Kode Sistem Struktur": "LWAL",
        "Tingkat Keyakinan": "Tinggi",
        "Dokumetasi": null,
        "Kode Fungsi": "F01",
        "Klasifikasi Fungsi": "Hunian",
        "KODE MATERIAL": "MUR",
        "KODE SISTEM STRUKTUR": "LWAL",
        "KODE TIPE ATAP": "RSH2",
        "KODE MATERIAL PENUTUP ATAP": "RMT1",
        "KODE DINDING LUAR": "EWMA",
        "KODE KONDISI VISUAL ": "CV1",
        "JUMLAH LANTAI": "HEX:1",
        "TAKSONOMI": "MUR/LWAL/RSH2/RMT1/EWMA/CV1/HEX:1",
        "KODE SIGKAT": "MUR \\LWAL\\HEX:1",
        "LUAS_M2": 53.2185729907,
        "Koefisien": 1.0,
        "Nilai Exposure": 267157236.41331398,
        "Klasifikasi Rentang Exposure": "Rp14.611.983,05 - Rp638.909.581,39",
        "koreksi_koordinat": "TIDAK"
      },
      "geometry": {
        "type": "Point",
        "coordinates": [
          105.231946,
          -5.55019
        ]
      }
    },
    {
      "type": "Feature",
      "properties": {
        "Nomor": 93,
        "NO": 93,
        "ID Bangunan": "SDI-B09-009",
        "Blok": "B",
        "Koordinat Latitude (Y)": -5.550052,
        "Koordinat Longitude (X)": 105.231803,
        "Fungsi Bangunan": "Rumah Tinggal",
        "Klasifikasi": "Hunian",
        "Jumlah Lantai": 1,
        "Material Dominan": "Pasang Bata",
        "Sistem Stuktur Tampak": "Dinding Pemikul",
        "Tipe Atap": "Pelana",
        "Material Penutup Atap": "Genteng",
        "Dinding Luar": "Campuran",
        "Kondisi Visual": "Baik",
        "Kode Material": "MUR (batu bata tanpa tulang)",
        "Kode Sistem Struktur": "LWAL",
        "Tingkat Keyakinan": "Tinggi",
        "Dokumetasi": null,
        "Kode Fungsi": "F01",
        "Klasifikasi Fungsi": "Hunian",
        "KODE MATERIAL": "MUR",
        "KODE SISTEM STRUKTUR": "LWAL",
        "KODE TIPE ATAP": "RSH2",
        "KODE MATERIAL PENUTUP ATAP": "RMT1",
        "KODE DINDING LUAR": "EWO",
        "KODE KONDISI VISUAL ": "CV1",
        "JUMLAH LANTAI": "HEX:1",
        "TAKSONOMI": "MUR/LWAL/RSH2/RMT1/EWO/CV1/HEX:1",
        "KODE SIGKAT": "MUR \\LWAL\\HEX:1",
        "LUAS_M2": 88.8395819545,
        "Koefisien": 1.0,
        "Nilai Exposure": 445974701.41159004,
        "Klasifikasi Rentang Exposure": "Rp14.611.983,05 - Rp638.909.581,39",
        "koreksi_koordinat": "TIDAK"
      },
      "geometry": {
        "type": "Point",
        "coordinates": [
          105.231803,
          -5.550052
        ]
      }
    },
    {
      "type": "Feature",
      "properties": {
        "Nomor": 94,
        "NO": 94,
        "ID Bangunan": "SDI-B10-010",
        "Blok": "B",
        "Koordinat Latitude (Y)": -5.549937,
        "Koordinat Longitude (X)": 105.232069,
        "Fungsi Bangunan": "Rumah Tinggal",
        "Klasifikasi": "Hunian",
        "Jumlah Lantai": 1,
        "Material Dominan": "Pasang Bata",
        "Sistem Stuktur Tampak": "Rangka Beton Bertulang",
        "Tipe Atap": "Pelana",
        "Material Penutup Atap": "Genteng",
        "Dinding Luar": "Bata Ekspos",
        "Kondisi Visual": "Sedang",
        "Kode Material": "MCF (batu bata bertulang)",
        "Kode Sistem Struktur": "LWAL",
        "Tingkat Keyakinan": "Tinggi",
        "Dokumetasi": null,
        "Kode Fungsi": "F01",
        "Klasifikasi Fungsi": "Hunian",
        "KODE MATERIAL": "MCF",
        "KODE SISTEM STRUKTUR": "LWAL",
        "KODE TIPE ATAP": "RSH2",
        "KODE MATERIAL PENUTUP ATAP": "RMT1",
        "KODE DINDING LUAR": "EWMA",
        "KODE KONDISI VISUAL ": "CV2",
        "JUMLAH LANTAI": "HEX:1",
        "TAKSONOMI": "MCF/LWAL/RSH2/RMT1/EWMA/CV2/HEX:1",
        "KODE SIGKAT": "MCF \\LWAL\\HEX:1",
        "LUAS_M2": 172.643323361,
        "Koefisien": 1.0,
        "Nilai Exposure": 866669483.27222,
        "Klasifikasi Rentang Exposure": "> Rp638.909.581,39 - Rp1.136.724.268,30",
        "koreksi_koordinat": "TIDAK"
      },
      "geometry": {
        "type": "Point",
        "coordinates": [
          105.232069,
          -5.549937
        ]
      }
    },
    {
      "type": "Feature",
      "properties": {
        "Nomor": 95,
        "NO": 95,
        "ID Bangunan": "SDI-B11-011",
        "Blok": "B",
        "Koordinat Latitude (Y)": -5.549873,
        "Koordinat Longitude (X)": 105.232184,
        "Fungsi Bangunan": "Rumah Tinggal",
        "Klasifikasi": "Hunian",
        "Jumlah Lantai": 1,
        "Material Dominan": "Pasang Bata",
        "Sistem Stuktur Tampak": "Dinding Pemikul",
        "Tipe Atap": "Pelana",
        "Material Penutup Atap": "Genteng",
        "Dinding Luar": "Campuran",
        "Kondisi Visual": "Baik",
        "Kode Material": "MUR (batu bata tanpa tulang)",
        "Kode Sistem Struktur": "LWAL",
        "Tingkat Keyakinan": "Tinggi",
        "Dokumetasi": null,
        "Kode Fungsi": "F01",
        "Klasifikasi Fungsi": "Hunian",
        "KODE MATERIAL": "MUR",
        "KODE SISTEM STRUKTUR": "LWAL",
        "KODE TIPE ATAP": "RSH2",
        "KODE MATERIAL PENUTUP ATAP": "RMT1",
        "KODE DINDING LUAR": "EWO",
        "KODE KONDISI VISUAL ": "CV1",
        "JUMLAH LANTAI": "HEX:1",
        "TAKSONOMI": "MUR/LWAL/RSH2/RMT1/EWO/CV1/HEX:1",
        "KODE SIGKAT": "MUR \\LWAL\\HEX:1",
        "LUAS_M2": 172.643323361,
        "Koefisien": 1.0,
        "Nilai Exposure": 866669483.27222,
        "Klasifikasi Rentang Exposure": "> Rp638.909.581,39 - Rp1.136.724.268,30",
        "koreksi_koordinat": "TIDAK"
      },
      "geometry": {
        "type": "Point",
        "coordinates": [
          105.232184,
          -5.549873
        ]
      }
    },
    {
      "type": "Feature",
      "properties": {
        "Nomor": 96,
        "NO": 96,
        "ID Bangunan": "SDI-B12-012",
        "Blok": "B",
        "Koordinat Latitude (Y)": -5.549721,
        "Koordinat Longitude (X)": 105.232028,
        "Fungsi Bangunan": "Rumah Tinggal",
        "Klasifikasi": "Hunian",
        "Jumlah Lantai": 1,
        "Material Dominan": "Pasang Bata",
        "Sistem Stuktur Tampak": "Dinding Pemikul",
        "Tipe Atap": "Pelana",
        "Material Penutup Atap": "Genteng",
        "Dinding Luar": "Campuran",
        "Kondisi Visual": "Sedang",
        "Kode Material": "MUR (batu bata tanpa tulang)",
        "Kode Sistem Struktur": "LWAL",
        "Tingkat Keyakinan": "Tinggi",
        "Dokumetasi": null,
        "Kode Fungsi": "F01",
        "Klasifikasi Fungsi": "Hunian",
        "KODE MATERIAL": "MUR",
        "KODE SISTEM STRUKTUR": "LWAL",
        "KODE TIPE ATAP": "RSH2",
        "KODE MATERIAL PENUTUP ATAP": "RMT1",
        "KODE DINDING LUAR": "EWO",
        "KODE KONDISI VISUAL ": "CV2",
        "JUMLAH LANTAI": "HEX:1",
        "TAKSONOMI": "MUR/LWAL/RSH2/RMT1/EWO/CV2/HEX:1",
        "KODE SIGKAT": "MUR \\LWAL\\HEX:1",
        "LUAS_M2": 233.158145223,
        "Koefisien": 1.0,
        "Nilai Exposure": 1170453889.01946,
        "Klasifikasi Rentang Exposure": "> Rp1.136.724.268,30 - Rp1.856.590.180,23",
        "koreksi_koordinat": "TIDAK"
      },
      "geometry": {
        "type": "Point",
        "coordinates": [
          105.232028,
          -5.549721
        ]
      }
    },
    {
      "type": "Feature",
      "properties": {
        "Nomor": 97,
        "NO": 97,
        "ID Bangunan": "SDI-B13-013",
        "Blok": "B",
        "Koordinat Latitude (Y)": -5.549804,
        "Koordinat Longitude (X)": 105.232212,
        "Fungsi Bangunan": "Rumah Tinggal",
        "Klasifikasi": "Hunian",
        "Jumlah Lantai": 1,
        "Material Dominan": "Beton Bertulang",
        "Sistem Stuktur Tampak": "Rangka Beton Bertulang",
        "Tipe Atap": "Pelana",
        "Material Penutup Atap": "Genteng",
        "Dinding Luar": "Bata Plaster",
        "Kondisi Visual": "Baik",
        "Kode Material": "MCF (batu bata bertulang)",
        "Kode Sistem Struktur": "LFM",
        "Tingkat Keyakinan": "Tinggi",
        "Dokumetasi": null,
        "Kode Fungsi": "F01",
        "Klasifikasi Fungsi": "Hunian",
        "KODE MATERIAL": "MCF",
        "KODE SISTEM STRUKTUR": "LFM",
        "KODE TIPE ATAP": "RSH2",
        "KODE MATERIAL PENUTUP ATAP": "RMT1",
        "KODE DINDING LUAR": "EWMA",
        "KODE KONDISI VISUAL ": "CV1",
        "JUMLAH LANTAI": "HEX:1",
        "TAKSONOMI": "MCF/LFM/RSH2/RMT1/EWMA/CV1/HEX:1",
        "KODE SIGKAT": "MCF \\LFM\\HEX:1",
        "LUAS_M2": 172.643323361,
        "Koefisien": 1.0,
        "Nilai Exposure": 866669483.27222,
        "Klasifikasi Rentang Exposure": "> Rp638.909.581,39 - Rp1.136.724.268,30",
        "koreksi_koordinat": "TIDAK"
      },
      "geometry": {
        "type": "Point",
        "coordinates": [
          105.232212,
          -5.549804
        ]
      }
    },
    {
      "type": "Feature",
      "properties": {
        "Nomor": 98,
        "NO": 98,
        "ID Bangunan": "SDI-B14-014",
        "Blok": "B",
        "Koordinat Latitude (Y)": -5.549762,
        "Koordinat Longitude (X)": 105.232244,
        "Fungsi Bangunan": "Rumah Tinggal",
        "Klasifikasi": "Hunian",
        "Jumlah Lantai": 1,
        "Material Dominan": "Pasang Bata",
        "Sistem Stuktur Tampak": "Dinding Pemikul",
        "Tipe Atap": "Miring Satu Arah",
        "Material Penutup Atap": "Seng",
        "Dinding Luar": "Bata Ekspos",
        "Kondisi Visual": "Sedang Dibangun",
        "Kode Material": "MUR (batu bata tanpa tulang)",
        "Kode Sistem Struktur": "LWAL",
        "Tingkat Keyakinan": "Tinggi",
        "Dokumetasi": null,
        "Kode Fungsi": "F01",
        "Klasifikasi Fungsi": "Hunian",
        "KODE MATERIAL": "MUR",
        "KODE SISTEM STRUKTUR": "LWAL",
        "KODE TIPE ATAP": "RSH5",
        "KODE MATERIAL PENUTUP ATAP": "RMT2",
        "KODE DINDING LUAR": "EWMA",
        "KODE KONDISI VISUAL ": "CV5",
        "JUMLAH LANTAI": "HEX:1",
        "TAKSONOMI": "MUR/LWAL/RSH5/RMT2/EWMA/CV5/HEX:1",
        "KODE SIGKAT": "MUR \\LWAL\\HEX:1",
        "LUAS_M2": 181.359795665,
        "Koefisien": 1.0,
        "Nilai Exposure": 910426174.2383001,
        "Klasifikasi Rentang Exposure": "> Rp638.909.581,39 - Rp1.136.724.268,30",
        "koreksi_koordinat": "TIDAK"
      },
      "geometry": {
        "type": "Point",
        "coordinates": [
          105.232244,
          -5.549762
        ]
      }
    },
    {
      "type": "Feature",
      "properties": {
        "Nomor": 99,
        "NO": 99,
        "ID Bangunan": "SDI-B15-015",
        "Blok": "B",
        "Koordinat Latitude (Y)": -5.54973,
        "Koordinat Longitude (X)": 105.231863,
        "Fungsi Bangunan": "Rumah Tinggal",
        "Klasifikasi": "Hunian",
        "Jumlah Lantai": 1,
        "Material Dominan": "Pasang Bata",
        "Sistem Stuktur Tampak": "Dinding Pemikul",
        "Tipe Atap": "Pelana",
        "Material Penutup Atap": "Genteng",
        "Dinding Luar": "Bata Plaster",
        "Kondisi Visual": "Baik",
        "Kode Material": "MUR (batu bata tanpa tulang)",
        "Kode Sistem Struktur": "LWAL",
        "Tingkat Keyakinan": "Tinggi",
        "Dokumetasi": null,
        "Kode Fungsi": "F01",
        "Klasifikasi Fungsi": "Hunian",
        "KODE MATERIAL": "MUR",
        "KODE SISTEM STRUKTUR": "LWAL",
        "KODE TIPE ATAP": "RSH2",
        "KODE MATERIAL PENUTUP ATAP": "RMT1",
        "KODE DINDING LUAR": "EWMA",
        "KODE KONDISI VISUAL ": "CV1",
        "JUMLAH LANTAI": "HEX:1",
        "TAKSONOMI": "MUR/LWAL/RSH2/RMT1/EWMA/CV1/HEX:1",
        "KODE SIGKAT": "MUR \\LWAL\\HEX:1",
        "LUAS_M2": 195.966972915,
        "Koefisien": 1.0,
        "Nilai Exposure": 983754204.0333,
        "Klasifikasi Rentang Exposure": "> Rp638.909.581,39 - Rp1.136.724.268,30",
        "koreksi_koordinat": "TIDAK"
      },
      "geometry": {
        "type": "Point",
        "coordinates": [
          105.231863,
          -5.54973
        ]
      }
    },
    {
      "type": "Feature",
      "properties": {
        "Nomor": 100,
        "NO": 100,
        "ID Bangunan": "SDI-B16-016",
        "Blok": "B",
        "Koordinat Latitude (Y)": -5.549597,
        "Koordinat Longitude (X)": 105.231675,
        "Fungsi Bangunan": "Rumah Tinggal",
        "Klasifikasi": "Hunian",
        "Jumlah Lantai": 1,
        "Material Dominan": "Pasang Bata",
        "Sistem Stuktur Tampak": "Dinding Pemikul",
        "Tipe Atap": "Pelana",
        "Material Penutup Atap": "Seng",
        "Dinding Luar": "Bata Ekspos",
        "Kondisi Visual": "Sedang",
        "Kode Material": "MUR (batu bata tanpa tulang)",
        "Kode Sistem Struktur": "LWAL",
        "Tingkat Keyakinan": "Tinggi",
        "Dokumetasi": null,
        "Kode Fungsi": "F01",
        "Klasifikasi Fungsi": "Hunian",
        "KODE MATERIAL": "MUR",
        "KODE SISTEM STRUKTUR": "LWAL",
        "KODE TIPE ATAP": "RSH2",
        "KODE MATERIAL PENUTUP ATAP": "RMT2",
        "KODE DINDING LUAR": "EWMA",
        "KODE KONDISI VISUAL ": "CV2",
        "JUMLAH LANTAI": "HEX:1",
        "TAKSONOMI": "MUR/LWAL/RSH2/RMT2/EWMA/CV2/HEX:1",
        "KODE SIGKAT": "MUR \\LWAL\\HEX:1",
        "LUAS_M2": 14.0466248724,
        "Koefisien": 1.0,
        "Nilai Exposure": 70514056.859448,
        "Klasifikasi Rentang Exposure": "Rp14.611.983,05 - Rp638.909.581,39",
        "koreksi_koordinat": "TIDAK"
      },
      "geometry": {
        "type": "Point",
        "coordinates": [
          105.231675,
          -5.549597
        ]
      }
    },
    {
      "type": "Feature",
      "properties": {
        "Nomor": 101,
        "NO": 101,
        "ID Bangunan": "SDI-B17-017",
        "Blok": "B",
        "Koordinat Latitude (Y)": -5.549482,
        "Koordinat Longitude (X)": 105.2315,
        "Fungsi Bangunan": "Rumah Tinggal",
        "Klasifikasi": "Hunian",
        "Jumlah Lantai": 1,
        "Material Dominan": "Pasang Bata",
        "Sistem Stuktur Tampak": "Rangka Beton Bertulang",
        "Tipe Atap": "Pelana",
        "Material Penutup Atap": "Seng",
        "Dinding Luar": "Bata Plaster",
        "Kondisi Visual": "Baik",
        "Kode Material": "MCF (batu bata bertulang)",
        "Kode Sistem Struktur": "LFINF",
        "Tingkat Keyakinan": "Tinggi",
        "Dokumetasi": null,
        "Kode Fungsi": "F01",
        "Klasifikasi Fungsi": "Hunian",
        "KODE MATERIAL": "MCF",
        "KODE SISTEM STRUKTUR": "LFINF",
        "KODE TIPE ATAP": "RSH2",
        "KODE MATERIAL PENUTUP ATAP": "RMT2",
        "KODE DINDING LUAR": "EWMA",
        "KODE KONDISI VISUAL ": "CV1",
        "JUMLAH LANTAI": "HEX:1",
        "TAKSONOMI": "MCF/LFINF/RSH2/RMT2/EWMA/CV1/HEX:1",
        "KODE SIGKAT": "MCF \\LFINF\\HEX:1",
        "LUAS_M2": 298.624813282,
        "Koefisien": 1.0,
        "Nilai Exposure": 1499096562.6756399,
        "Klasifikasi Rentang Exposure": "> Rp1.136.724.268,30 - Rp1.856.590.180,23",
        "koreksi_koordinat": "TIDAK"
      },
      "geometry": {
        "type": "Point",
        "coordinates": [
          105.2315,
          -5.549482
        ]
      }
    },
    {
      "type": "Feature",
      "properties": {
        "Nomor": 102,
        "NO": 102,
        "ID Bangunan": "SDI-B18-018",
        "Blok": "B",
        "Koordinat Latitude (Y)": -5.549436,
        "Koordinat Longitude (X)": 105.231152,
        "Fungsi Bangunan": "Rumah Tinggal",
        "Klasifikasi": "Hunian",
        "Jumlah Lantai": 1,
        "Material Dominan": "Pasang Bata",
        "Sistem Stuktur Tampak": "Rangka Beton Bertulang",
        "Tipe Atap": "Pelana",
        "Material Penutup Atap": "Genteng",
        "Dinding Luar": "Bata Ekspos",
        "Kondisi Visual": "Baik",
        "Kode Material": "MCF (batu bata bertulang)",
        "Kode Sistem Struktur": "LFINF",
        "Tingkat Keyakinan": "Tinggi",
        "Dokumetasi": null,
        "Kode Fungsi": "F01",
        "Klasifikasi Fungsi": "Hunian",
        "KODE MATERIAL": "MCF",
        "KODE SISTEM STRUKTUR": "LFINF",
        "KODE TIPE ATAP": "RSH2",
        "KODE MATERIAL PENUTUP ATAP": "RMT1",
        "KODE DINDING LUAR": "EWMA",
        "KODE KONDISI VISUAL ": "CV1",
        "JUMLAH LANTAI": "HEX:1",
        "TAKSONOMI": "MCF/LFINF/RSH2/RMT1/EWMA/CV1/HEX:1",
        "KODE SIGKAT": "MCF \\LFINF\\HEX:1",
        "LUAS_M2": 93.6502273305,
        "Koefisien": 1.0,
        "Nilai Exposure": 470124141.19911003,
        "Klasifikasi Rentang Exposure": "Rp14.611.983,05 - Rp638.909.581,39",
        "koreksi_koordinat": "TIDAK"
      },
      "geometry": {
        "type": "Point",
        "coordinates": [
          105.231152,
          -5.549436
        ]
      }
    },
    {
      "type": "Feature",
      "properties": {
        "Nomor": 103,
        "NO": 103,
        "ID Bangunan": "SDI-B19-019",
        "Blok": "B",
        "Koordinat Latitude (Y)": -5.549284,
        "Koordinat Longitude (X)": 105.231014,
        "Fungsi Bangunan": "Rumah Tinggal",
        "Klasifikasi": "Hunian",
        "Jumlah Lantai": 1,
        "Material Dominan": "Pasang Bata",
        "Sistem Stuktur Tampak": "Dinding Pemikul",
        "Tipe Atap": "Pelana",
        "Material Penutup Atap": "Genteng dan Seng",
        "Dinding Luar": "Bata Ekspos",
        "Kondisi Visual": "Baik",
        "Kode Material": "MUR (batu bata tanpa tulang)",
        "Kode Sistem Struktur": "LWAL",
        "Tingkat Keyakinan": "Tinggi",
        "Dokumetasi": null,
        "Kode Fungsi": "F01",
        "Klasifikasi Fungsi": "Hunian",
        "KODE MATERIAL": "MUR",
        "KODE SISTEM STRUKTUR": "LWAL",
        "KODE TIPE ATAP": "RSH2",
        "KODE MATERIAL PENUTUP ATAP": "RMT1+RMT6",
        "KODE DINDING LUAR": "EWMA",
        "KODE KONDISI VISUAL ": "CV1",
        "JUMLAH LANTAI": "HEX:1",
        "TAKSONOMI": "MUR/LWAL/RSH2/RMT1+RMT6/EWMA/CV1/HEX:1",
        "KODE SIGKAT": "MUR \\LWAL\\HEX:1",
        "LUAS_M2": 96.6033116628,
        "Koefisien": 1.0,
        "Nilai Exposure": 484948624.547256,
        "Klasifikasi Rentang Exposure": "Rp14.611.983,05 - Rp638.909.581,39",
        "koreksi_koordinat": "TIDAK"
      },
      "geometry": {
        "type": "Point",
        "coordinates": [
          105.231014,
          -5.549284
        ]
      }
    },
    {
      "type": "Feature",
      "properties": {
        "Nomor": 104,
        "NO": 104,
        "ID Bangunan": "SDI-B20-020",
        "Blok": "B",
        "Koordinat Latitude (Y)": -5.548889,
        "Koordinat Longitude (X)": 105.231023,
        "Fungsi Bangunan": "Rumah Tinggal",
        "Klasifikasi": "Hunian",
        "Jumlah Lantai": 1,
        "Material Dominan": "Pasang Bata",
        "Sistem Stuktur Tampak": "Dinding Pemikul",
        "Tipe Atap": "Limasan",
        "Material Penutup Atap": "Genteng",
        "Dinding Luar": "Bata Ekspos",
        "Kondisi Visual": "Baik",
        "Kode Material": "MUR (batu bata tanpa tulang)",
        "Kode Sistem Struktur": "LWAL",
        "Tingkat Keyakinan": "Tinggi",
        "Dokumetasi": null,
        "Kode Fungsi": "F01",
        "Klasifikasi Fungsi": "Hunian",
        "KODE MATERIAL": "MUR",
        "KODE SISTEM STRUKTUR": "LWAL",
        "KODE TIPE ATAP": "RSH3",
        "KODE MATERIAL PENUTUP ATAP": "RMT1",
        "KODE DINDING LUAR": "EWMA",
        "KODE KONDISI VISUAL ": "CV1",
        "JUMLAH LANTAI": "HEX:1",
        "TAKSONOMI": "MUR/LWAL/RSH3/RMT1/EWMA/CV1/HEX:1",
        "KODE SIGKAT": "MUR \\LWAL\\HEX:1",
        "LUAS_M2": 102.91603615,
        "Koefisien": 1.0,
        "Nilai Exposure": 516638501.473,
        "Klasifikasi Rentang Exposure": "Rp14.611.983,05 - Rp638.909.581,39",
        "koreksi_koordinat": "TIDAK"
      },
      "geometry": {
        "type": "Point",
        "coordinates": [
          105.231023,
          -5.548889
        ]
      }
    },
    {
      "type": "Feature",
      "properties": {
        "Nomor": 105,
        "NO": 105,
        "ID Bangunan": "SDI-B21-021",
        "Blok": "B",
        "Koordinat Latitude (Y)": -5.548801,
        "Koordinat Longitude (X)": 105.230849,
        "Fungsi Bangunan": "Rumah Tinggal",
        "Klasifikasi": "Hunian",
        "Jumlah Lantai": 1,
        "Material Dominan": "Pasang Bata",
        "Sistem Stuktur Tampak": "Rangka Beton Bertulang",
        "Tipe Atap": "Limasan",
        "Material Penutup Atap": "Genteng",
        "Dinding Luar": "Bata Plaster",
        "Kondisi Visual": "Baik",
        "Kode Material": "MCF (batu bata bertulang)",
        "Kode Sistem Struktur": "LFINF",
        "Tingkat Keyakinan": "Tinggi",
        "Dokumetasi": null,
        "Kode Fungsi": "F01",
        "Klasifikasi Fungsi": "Hunian",
        "KODE MATERIAL": "MCF",
        "KODE SISTEM STRUKTUR": "LFINF",
        "KODE TIPE ATAP": "RSH3",
        "KODE MATERIAL PENUTUP ATAP": "RMT1",
        "KODE DINDING LUAR": "EWMA",
        "KODE KONDISI VISUAL ": "CV1",
        "JUMLAH LANTAI": "HEX:1",
        "TAKSONOMI": "MCF/LFINF/RSH3/RMT1/EWMA/CV1/HEX:1",
        "KODE SIGKAT": "MCF \\LFINF\\HEX:1",
        "LUAS_M2": 204.756892553,
        "Koefisien": 1.0,
        "Nilai Exposure": 1027879600.61606,
        "Klasifikasi Rentang Exposure": "> Rp638.909.581,39 - Rp1.136.724.268,30",
        "koreksi_koordinat": "TIDAK"
      },
      "geometry": {
        "type": "Point",
        "coordinates": [
          105.230849,
          -5.548801
        ]
      }
    },
    {
      "type": "Feature",
      "properties": {
        "Nomor": 106,
        "NO": 106,
        "ID Bangunan": "SDI-B22-022",
        "Blok": "B",
        "Koordinat Latitude (Y)": -5.548208,
        "Koordinat Longitude (X)": 105.230619,
        "Fungsi Bangunan": "Rumah Tinggal",
        "Klasifikasi": "Hunian",
        "Jumlah Lantai": 1,
        "Material Dominan": "Beton Bertulang",
        "Sistem Stuktur Tampak": "Rangka Beton Bertulang",
        "Tipe Atap": "Limasan",
        "Material Penutup Atap": "Genteng",
        "Dinding Luar": "Bata Plaster",
        "Kondisi Visual": "Baik",
        "Kode Material": "MCF (batu bata bertulang)",
        "Kode Sistem Struktur": "LFINF",
        "Tingkat Keyakinan": "Tinggi",
        "Dokumetasi": null,
        "Kode Fungsi": "F01",
        "Klasifikasi Fungsi": "Hunian",
        "KODE MATERIAL": "MCF",
        "KODE SISTEM STRUKTUR": "LFINF",
        "KODE TIPE ATAP": "RSH3",
        "KODE MATERIAL PENUTUP ATAP": "RMT1",
        "KODE DINDING LUAR": "EWMA",
        "KODE KONDISI VISUAL ": "CV1",
        "JUMLAH LANTAI": "HEX:1",
        "TAKSONOMI": "MCF/LFINF/RSH3/RMT1/EWMA/CV1/HEX:1",
        "KODE SIGKAT": "MCF \\LFINF\\HEX:1",
        "LUAS_M2": 209.180434289,
        "Koefisien": 1.0,
        "Nilai Exposure": 1050085780.13078,
        "Klasifikasi Rentang Exposure": "> Rp638.909.581,39 - Rp1.136.724.268,30",
        "koreksi_koordinat": "TIDAK"
      },
      "geometry": {
        "type": "Point",
        "coordinates": [
          105.230619,
          -5.548208
        ]
      }
    },
    {
      "type": "Feature",
      "properties": {
        "Nomor": 107,
        "NO": 107,
        "ID Bangunan": "SDI-B25-025",
        "Blok": "B",
        "Koordinat Latitude (Y)": -5.548061,
        "Koordinat Longitude (X)": 105.230142,
        "Fungsi Bangunan": "Rumah Tinggal",
        "Klasifikasi": "Hunian",
        "Jumlah Lantai": 1,
        "Material Dominan": "Pasang Bata",
        "Sistem Stuktur Tampak": "Dinding Pemikul",
        "Tipe Atap": "Pelana",
        "Material Penutup Atap": "Asbes",
        "Dinding Luar": "Bata Ekspos",
        "Kondisi Visual": "Baik",
        "Kode Material": "MUR (batu bata tanpa tulang)",
        "Kode Sistem Struktur": "LWAL",
        "Tingkat Keyakinan": "Tinggi",
        "Dokumetasi": null,
        "Kode Fungsi": "F01",
        "Klasifikasi Fungsi": "Hunian",
        "KODE MATERIAL": "MUR",
        "KODE SISTEM STRUKTUR": "LWAL",
        "KODE TIPE ATAP": "RSH2",
        "KODE MATERIAL PENUTUP ATAP": "RMT6",
        "KODE DINDING LUAR": "EWMA",
        "KODE KONDISI VISUAL ": "CV1",
        "JUMLAH LANTAI": "HEX:1",
        "TAKSONOMI": "MUR/LWAL/RSH2/RMT6/EWMA/CV1/HEX:1",
        "KODE SIGKAT": "MUR \\LWAL\\HEX:1",
        "LUAS_M2": 162.584629557,
        "Koefisien": 1.0,
        "Nilai Exposure": 816174840.37614,
        "Klasifikasi Rentang Exposure": "> Rp638.909.581,39 - Rp1.136.724.268,30",
        "koreksi_koordinat": "TIDAK"
      },
      "geometry": {
        "type": "Point",
        "coordinates": [
          105.230142,
          -5.548061
        ]
      }
    },
    {
      "type": "Feature",
      "properties": {
        "Nomor": 108,
        "NO": 108,
        "ID Bangunan": "SDI-B26-026",
        "Blok": "B",
        "Koordinat Latitude (Y)": -5.5479,
        "Koordinat Longitude (X)": 105.230174,
        "Fungsi Bangunan": "Rumah Tinggal",
        "Klasifikasi": "Hunian",
        "Jumlah Lantai": 1,
        "Material Dominan": "Kayu",
        "Sistem Stuktur Tampak": "Rangka Kayu",
        "Tipe Atap": "Pelana",
        "Material Penutup Atap": "Genteng",
        "Dinding Luar": "Kayu",
        "Kondisi Visual": "Baik",
        "Kode Material": "W (kayu)",
        "Kode Sistem Struktur": "LPB",
        "Tingkat Keyakinan": "Tinggi",
        "Dokumetasi": null,
        "Kode Fungsi": "F01",
        "Klasifikasi Fungsi": "Hunian",
        "KODE MATERIAL": "W",
        "KODE SISTEM STRUKTUR": "LPB",
        "KODE TIPE ATAP": "RSH2",
        "KODE MATERIAL PENUTUP ATAP": "RMT1",
        "KODE DINDING LUAR": "EWW",
        "KODE KONDISI VISUAL ": "CV1",
        "JUMLAH LANTAI": "HEX:1",
        "TAKSONOMI": "W/LPB/RSH2/RMT1/EWW/CV1/HEX:1",
        "KODE SIGKAT": "W \\LPB\\HEX:1",
        "LUAS_M2": 58.6271421366,
        "Koefisien": 1.0,
        "Nilai Exposure": 294308253.525732,
        "Klasifikasi Rentang Exposure": "Rp14.611.983,05 - Rp638.909.581,39",
        "koreksi_koordinat": "TIDAK"
      },
      "geometry": {
        "type": "Point",
        "coordinates": [
          105.230174,
          -5.5479
        ]
      }
    },
    {
      "type": "Feature",
      "properties": {
        "Nomor": 109,
        "NO": 109,
        "ID Bangunan": "SDI-B27-027",
        "Blok": "B",
        "Koordinat Latitude (Y)": -5.547569,
        "Koordinat Longitude (X)": 105.230619,
        "Fungsi Bangunan": "Rumah Tinggal",
        "Klasifikasi": "Hunian",
        "Jumlah Lantai": 1,
        "Material Dominan": "Pasang Bata",
        "Sistem Stuktur Tampak": "Rangka Beton Bertulang",
        "Tipe Atap": "Limasan",
        "Material Penutup Atap": "Genteng",
        "Dinding Luar": "Bata Plaster",
        "Kondisi Visual": "Baik",
        "Kode Material": "MCF (batu bata bertulang)",
        "Kode Sistem Struktur": "LFINF",
        "Tingkat Keyakinan": "Tinggi",
        "Dokumetasi": null,
        "Kode Fungsi": "F01",
        "Klasifikasi Fungsi": "Hunian",
        "KODE MATERIAL": "MCF",
        "KODE SISTEM STRUKTUR": "LFINF",
        "KODE TIPE ATAP": "RSH3",
        "KODE MATERIAL PENUTUP ATAP": "RMT1",
        "KODE DINDING LUAR": "EWMA",
        "KODE KONDISI VISUAL ": "CV1",
        "JUMLAH LANTAI": "HEX:1",
        "TAKSONOMI": "MCF/LFINF/RSH3/RMT1/EWMA/CV1/HEX:1",
        "KODE SIGKAT": "MCF \\LFINF\\HEX:1",
        "LUAS_M2": 212.872204415,
        "Koefisien": 1.0,
        "Nilai Exposure": 1068618466.1633,
        "Klasifikasi Rentang Exposure": "> Rp638.909.581,39 - Rp1.136.724.268,30",
        "koreksi_koordinat": "TIDAK"
      },
      "geometry": {
        "type": "Point",
        "coordinates": [
          105.230619,
          -5.547569
        ]
      }
    },
    {
      "type": "Feature",
      "properties": {
        "Nomor": 110,
        "NO": 110,
        "ID Bangunan": "SDI-B28-028",
        "Blok": "B",
        "Koordinat Latitude (Y)": -5.547334,
        "Koordinat Longitude (X)": 105.230398,
        "Fungsi Bangunan": "Rumah Tinggal",
        "Klasifikasi": "Hunian",
        "Jumlah Lantai": 1,
        "Material Dominan": "Pasang Bata",
        "Sistem Stuktur Tampak": "Rangka Beton Bertulang",
        "Tipe Atap": "Limasan",
        "Material Penutup Atap": "Genteng",
        "Dinding Luar": "Bata Plaster",
        "Kondisi Visual": "Baik",
        "Kode Material": "MCF (batu bata bertulang)",
        "Kode Sistem Struktur": "LFINF",
        "Tingkat Keyakinan": "Tinggi",
        "Dokumetasi": null,
        "Kode Fungsi": "F01",
        "Klasifikasi Fungsi": "Hunian",
        "KODE MATERIAL": "MCF",
        "KODE SISTEM STRUKTUR": "LFINF",
        "KODE TIPE ATAP": "RSH3",
        "KODE MATERIAL PENUTUP ATAP": "RMT1",
        "KODE DINDING LUAR": "EWMA",
        "KODE KONDISI VISUAL ": "CV1",
        "JUMLAH LANTAI": "HEX:1",
        "TAKSONOMI": "MCF/LFINF/RSH3/RMT1/EWMA/CV1/HEX:1",
        "KODE SIGKAT": "MCF \\LFINF\\HEX:1",
        "LUAS_M2": 369.83868132,
        "Koefisien": 1.0,
        "Nilai Exposure": 1856590180.2264,
        "Klasifikasi Rentang Exposure": "> Rp1.136.724.268,30 - Rp1.856.590.180,23",
        "koreksi_koordinat": "TIDAK"
      },
      "geometry": {
        "type": "Point",
        "coordinates": [
          105.230398,
          -5.547334
        ]
      }
    },
    {
      "type": "Feature",
      "properties": {
        "Nomor": 111,
        "NO": 111,
        "ID Bangunan": "SDI-B29-029",
        "Blok": "B",
        "Koordinat Latitude (Y)": -5.54721,
        "Koordinat Longitude (X)": 105.230408,
        "Fungsi Bangunan": "Rumah Tinggal",
        "Klasifikasi": "Hunian",
        "Jumlah Lantai": 1,
        "Material Dominan": "Pasang Bata",
        "Sistem Stuktur Tampak": "Rangka Beton Bertulang",
        "Tipe Atap": "Limasan",
        "Material Penutup Atap": "Genteng",
        "Dinding Luar": "Bata Plaster",
        "Kondisi Visual": "Baik",
        "Kode Material": "MCF (batu bata bertulang)",
        "Kode Sistem Struktur": "LFINF",
        "Tingkat Keyakinan": "Tinggi",
        "Dokumetasi": null,
        "Kode Fungsi": "F01",
        "Klasifikasi Fungsi": "Hunian",
        "KODE MATERIAL": "MCF",
        "KODE SISTEM STRUKTUR": "LFINF",
        "KODE TIPE ATAP": "RSH3",
        "KODE MATERIAL PENUTUP ATAP": "RMT1",
        "KODE DINDING LUAR": "EWMA",
        "KODE KONDISI VISUAL ": "CV1",
        "JUMLAH LANTAI": "HEX:1",
        "TAKSONOMI": "MCF/LFINF/RSH3/RMT1/EWMA/CV1/HEX:1",
        "KODE SIGKAT": "MCF \\LFINF\\HEX:1",
        "LUAS_M2": 369.83868132,
        "Koefisien": 1.0,
        "Nilai Exposure": 1856590180.2264,
        "Klasifikasi Rentang Exposure": "> Rp1.136.724.268,30 - Rp1.856.590.180,23",
        "koreksi_koordinat": "TIDAK"
      },
      "geometry": {
        "type": "Point",
        "coordinates": [
          105.230408,
          -5.54721
        ]
      }
    },
    {
      "type": "Feature",
      "properties": {
        "Nomor": 112,
        "NO": 112,
        "ID Bangunan": "SDI-B30-030",
        "Blok": "B",
        "Koordinat Latitude (Y)": -5.547468,
        "Koordinat Longitude (X)": 105.230252,
        "Fungsi Bangunan": "Rumah Tinggal",
        "Klasifikasi": "Hunian",
        "Jumlah Lantai": 1,
        "Material Dominan": "Pasang Bata",
        "Sistem Stuktur Tampak": "Dinding Pemikul",
        "Tipe Atap": "Pelana",
        "Material Penutup Atap": "Genteng",
        "Dinding Luar": "Bata Ekspos",
        "Kondisi Visual": "Baik",
        "Kode Material": "MUR (batu bata tanpa tulang)",
        "Kode Sistem Struktur": "LWAL",
        "Tingkat Keyakinan": "Tinggi",
        "Dokumetasi": null,
        "Kode Fungsi": "F01",
        "Klasifikasi Fungsi": "Hunian",
        "KODE MATERIAL": "MUR",
        "KODE SISTEM STRUKTUR": "LWAL",
        "KODE TIPE ATAP": "RSH2",
        "KODE MATERIAL PENUTUP ATAP": "RMT1",
        "KODE DINDING LUAR": "EWMA",
        "KODE KONDISI VISUAL ": "CV1",
        "JUMLAH LANTAI": "HEX:1",
        "TAKSONOMI": "MUR/LWAL/RSH2/RMT1/EWMA/CV1/HEX:1",
        "KODE SIGKAT": "MUR \\LWAL\\HEX:1",
        "LUAS_M2": 122.376229956,
        "Koefisien": 1.0,
        "Nilai Exposure": 614328674.37912,
        "Klasifikasi Rentang Exposure": "Rp14.611.983,05 - Rp638.909.581,39",
        "koreksi_koordinat": "TIDAK"
      },
      "geometry": {
        "type": "Point",
        "coordinates": [
          105.230252,
          -5.547468
        ]
      }
    },
    {
      "type": "Feature",
      "properties": {
        "Nomor": 113,
        "NO": 113,
        "ID Bangunan": "SDI-B31-031",
        "Blok": "B",
        "Koordinat Latitude (Y)": -5.547339,
        "Koordinat Longitude (X)": 105.230192,
        "Fungsi Bangunan": "Rumah Tinggal",
        "Klasifikasi": "Hunian",
        "Jumlah Lantai": 1,
        "Material Dominan": "Pasang Bata",
        "Sistem Stuktur Tampak": "Dinding Pemikul",
        "Tipe Atap": "Limasan",
        "Material Penutup Atap": "Genteng",
        "Dinding Luar": "Bata Plaster",
        "Kondisi Visual": "Baik",
        "Kode Material": "MUR (batu bata tanpa tulang)",
        "Kode Sistem Struktur": "LWAL",
        "Tingkat Keyakinan": "Tinggi",
        "Dokumetasi": null,
        "Kode Fungsi": "F01",
        "Klasifikasi Fungsi": "Hunian",
        "KODE MATERIAL": "MUR",
        "KODE SISTEM STRUKTUR": "LWAL",
        "KODE TIPE ATAP": "RSH3",
        "KODE MATERIAL PENUTUP ATAP": "RMT1",
        "KODE DINDING LUAR": "EWMA",
        "KODE KONDISI VISUAL ": "CV1",
        "JUMLAH LANTAI": "HEX:1",
        "TAKSONOMI": "MUR/LWAL/RSH3/RMT1/EWMA/CV1/HEX:1",
        "KODE SIGKAT": "MUR \\LWAL\\HEX:1",
        "LUAS_M2": 182.5979899,
        "Koefisien": 1.0,
        "Nilai Exposure": 916641909.298,
        "Klasifikasi Rentang Exposure": "> Rp638.909.581,39 - Rp1.136.724.268,30",
        "koreksi_koordinat": "TIDAK"
      },
      "geometry": {
        "type": "Point",
        "coordinates": [
          105.230192,
          -5.547339
        ]
      }
    },
    {
      "type": "Feature",
      "properties": {
        "Nomor": 114,
        "NO": 114,
        "ID Bangunan": "SDI-B32-032",
        "Blok": "B",
        "Koordinat Latitude (Y)": -5.54756,
        "Koordinat Longitude (X)": 105.22988,
        "Fungsi Bangunan": "Rumah Tinggal",
        "Klasifikasi": "Hunian",
        "Jumlah Lantai": 1,
        "Material Dominan": "Kayu",
        "Sistem Stuktur Tampak": "Rangka Kayu",
        "Tipe Atap": "Pelana",
        "Material Penutup Atap": "Seng",
        "Dinding Luar": "Kayu",
        "Kondisi Visual": "Baik",
        "Kode Material": "W (kayu)",
        "Kode Sistem Struktur": "LPB",
        "Tingkat Keyakinan": "Tinggi",
        "Dokumetasi": null,
        "Kode Fungsi": "F01",
        "Klasifikasi Fungsi": "Hunian",
        "KODE MATERIAL": "W",
        "KODE SISTEM STRUKTUR": "LPB",
        "KODE TIPE ATAP": "RSH2",
        "KODE MATERIAL PENUTUP ATAP": "RMT2",
        "KODE DINDING LUAR": "EWW",
        "KODE KONDISI VISUAL ": "CV1",
        "JUMLAH LANTAI": "HEX:1",
        "TAKSONOMI": "W/LPB/RSH2/RMT2/EWW/CV1/HEX:1",
        "KODE SIGKAT": "W \\LPB\\HEX:1",
        "LUAS_M2": 164.25174283,
        "Koefisien": 1.0,
        "Nilai Exposure": 824543749.0066,
        "Klasifikasi Rentang Exposure": "> Rp638.909.581,39 - Rp1.136.724.268,30",
        "koreksi_koordinat": "TIDAK"
      },
      "geometry": {
        "type": "Point",
        "coordinates": [
          105.22988,
          -5.54756
        ]
      }
    },
    {
      "type": "Feature",
      "properties": {
        "Nomor": 115,
        "NO": 115,
        "ID Bangunan": "SDI-B33-033",
        "Blok": "B",
        "Koordinat Latitude (Y)": -5.547275,
        "Koordinat Longitude (X)": 105.230151,
        "Fungsi Bangunan": "Rumah Tinggal",
        "Klasifikasi": "Hunian",
        "Jumlah Lantai": 1,
        "Material Dominan": "Pasang Bata",
        "Sistem Stuktur Tampak": "Dinding Pemikul",
        "Tipe Atap": "Pelana",
        "Material Penutup Atap": "Genteng",
        "Dinding Luar": "Bata Ekspos",
        "Kondisi Visual": "Baik",
        "Kode Material": "MUR (batu bata tanpa tulang)",
        "Kode Sistem Struktur": "LWAL",
        "Tingkat Keyakinan": "Tinggi",
        "Dokumetasi": null,
        "Kode Fungsi": "F01",
        "Klasifikasi Fungsi": "Hunian",
        "KODE MATERIAL": "MUR",
        "KODE SISTEM STRUKTUR": "LWAL",
        "KODE TIPE ATAP": "RSH2",
        "KODE MATERIAL PENUTUP ATAP": "RMT1",
        "KODE DINDING LUAR": "EWMA",
        "KODE KONDISI VISUAL ": "CV1",
        "JUMLAH LANTAI": "HEX:1",
        "TAKSONOMI": "MUR/LWAL/RSH2/RMT1/EWMA/CV1/HEX:1",
        "KODE SIGKAT": "MUR \\LWAL\\HEX:1",
        "LUAS_M2": 182.5979899,
        "Koefisien": 1.0,
        "Nilai Exposure": 916641909.298,
        "Klasifikasi Rentang Exposure": "> Rp638.909.581,39 - Rp1.136.724.268,30",
        "koreksi_koordinat": "TIDAK"
      },
      "geometry": {
        "type": "Point",
        "coordinates": [
          105.230151,
          -5.547275
        ]
      }
    },
    {
      "type": "Feature",
      "properties": {
        "Nomor": 116,
        "NO": 116,
        "ID Bangunan": "SDI-B34-034",
        "Blok": "B",
        "Koordinat Latitude (Y)": -5.547261,
        "Koordinat Longitude (X)": 105.229898,
        "Fungsi Bangunan": "Rumah Tinggal",
        "Klasifikasi": "Hunian",
        "Jumlah Lantai": 1,
        "Material Dominan": "Pasang Bata",
        "Sistem Stuktur Tampak": "Dinding Pemikul",
        "Tipe Atap": "Pelana",
        "Material Penutup Atap": "Seng",
        "Dinding Luar": "Bata Ekspos",
        "Kondisi Visual": "Baik",
        "Kode Material": "MUR (batu bata tanpa tulang)",
        "Kode Sistem Struktur": "LWAL",
        "Tingkat Keyakinan": "Tinggi",
        "Dokumetasi": null,
        "Kode Fungsi": "F01",
        "Klasifikasi Fungsi": "Hunian",
        "KODE MATERIAL": "MUR",
        "KODE SISTEM STRUKTUR": "LWAL",
        "KODE TIPE ATAP": "RSH2",
        "KODE MATERIAL PENUTUP ATAP": "RMT2",
        "KODE DINDING LUAR": "EWMA",
        "KODE KONDISI VISUAL ": "CV1",
        "JUMLAH LANTAI": "HEX:1",
        "TAKSONOMI": "MUR/LWAL/RSH2/RMT2/EWMA/CV1/HEX:1",
        "KODE SIGKAT": "MUR \\LWAL\\HEX:1",
        "LUAS_M2": 115.76374452,
        "Koefisien": 1.0,
        "Nilai Exposure": 581133997.4904,
        "Klasifikasi Rentang Exposure": "Rp14.611.983,05 - Rp638.909.581,39",
        "koreksi_koordinat": "TIDAK"
      },
      "geometry": {
        "type": "Point",
        "coordinates": [
          105.229898,
          -5.547261
        ]
      }
    },
    {
      "type": "Feature",
      "properties": {
        "Nomor": 117,
        "NO": 117,
        "ID Bangunan": "SDI-B38-038",
        "Blok": "B",
        "Koordinat Latitude (Y)": -5.547103,
        "Koordinat Longitude (X)": 105.229749,
        "Fungsi Bangunan": "Rumah Tinggal",
        "Klasifikasi": "Hunian",
        "Jumlah Lantai": 1,
        "Material Dominan": "Pasang Bata",
        "Sistem Stuktur Tampak": "Rangka Beton Bertulang",
        "Tipe Atap": "Pelana",
        "Material Penutup Atap": "Seng",
        "Dinding Luar": "Bata Plaster",
        "Kondisi Visual": "Baik",
        "Kode Material": "MUR (batu bata tanpa tulang)",
        "Kode Sistem Struktur": "LWAL",
        "Tingkat Keyakinan": "Tinggi",
        "Dokumetasi": null,
        "Kode Fungsi": "F01",
        "Klasifikasi Fungsi": "Hunian",
        "KODE MATERIAL": "MUR",
        "KODE SISTEM STRUKTUR": "LWAL",
        "KODE TIPE ATAP": "RSH2",
        "KODE MATERIAL PENUTUP ATAP": "RMT2",
        "KODE DINDING LUAR": "EWMA",
        "KODE KONDISI VISUAL ": "CV1",
        "JUMLAH LANTAI": "HEX:1",
        "TAKSONOMI": "MUR/LWAL/RSH2/RMT2/EWMA/CV1/HEX:1",
        "KODE SIGKAT": "MUR \\LWAL\\HEX:1",
        "LUAS_M2": 348.146227104,
        "Koefisien": 1.0,
        "Nilai Exposure": 1747694060.06208,
        "Klasifikasi Rentang Exposure": "> Rp1.136.724.268,30 - Rp1.856.590.180,23",
        "koreksi_koordinat": "TIDAK"
      },
      "geometry": {
        "type": "Point",
        "coordinates": [
          105.229749,
          -5.547103
        ]
      }
    },
    {
      "type": "Feature",
      "properties": {
        "Nomor": 118,
        "NO": 118,
        "ID Bangunan": "SDI-B36-036",
        "Blok": "B",
        "Koordinat Latitude (Y)": -5.547335,
        "Koordinat Longitude (X)": 105.229536,
        "Fungsi Bangunan": "Rumah Tinggal",
        "Klasifikasi": "Hunian",
        "Jumlah Lantai": 1,
        "Material Dominan": "Pasang Bata",
        "Sistem Stuktur Tampak": "Rangka Beton Bertulang",
        "Tipe Atap": "Limasan",
        "Material Penutup Atap": "Genteng",
        "Dinding Luar": "Bata Ekspos",
        "Kondisi Visual": "Baik",
        "Kode Material": "MCF (batu bata bertulang)",
        "Kode Sistem Struktur": "LFINF",
        "Tingkat Keyakinan": "Tinggi",
        "Dokumetasi": null,
        "Kode Fungsi": "F01",
        "Klasifikasi Fungsi": "Hunian",
        "KODE MATERIAL": "MCF",
        "KODE SISTEM STRUKTUR": "LFINF",
        "KODE TIPE ATAP": "RSH3",
        "KODE MATERIAL PENUTUP ATAP": "RMT1",
        "KODE DINDING LUAR": "EWMA",
        "KODE KONDISI VISUAL ": "CV1",
        "JUMLAH LANTAI": "HEX:1",
        "TAKSONOMI": "MCF/LFINF/RSH3/RMT1/EWMA/CV1/HEX:1",
        "KODE SIGKAT": "MCF \\LFINF\\HEX:1",
        "LUAS_M2": 120.956886836,
        "Koefisien": 1.0,
        "Nilai Exposure": 607203571.91672,
        "Klasifikasi Rentang Exposure": "Rp14.611.983,05 - Rp638.909.581,39",
        "koreksi_koordinat": "TIDAK"
      },
      "geometry": {
        "type": "Point",
        "coordinates": [
          105.229536,
          -5.547335
        ]
      }
    },
    {
      "type": "Feature",
      "properties": {
        "Nomor": 119,
        "NO": 119,
        "ID Bangunan": "SDI-B39-039",
        "Blok": "B",
        "Koordinat Latitude (Y)": -5.547385,
        "Koordinat Longitude (X)": 105.22938,
        "Fungsi Bangunan": "Rumah Tinggal",
        "Klasifikasi": "Hunian",
        "Jumlah Lantai": 1,
        "Material Dominan": "Pasang Bata",
        "Sistem Stuktur Tampak": "Rangka Beton Bertulang",
        "Tipe Atap": "Limasan",
        "Material Penutup Atap": "Genteng",
        "Dinding Luar": "Bata Plaster",
        "Kondisi Visual": "Baik",
        "Kode Material": "MCF (batu bata bertulang)",
        "Kode Sistem Struktur": "LFINF",
        "Tingkat Keyakinan": "Tinggi",
        "Dokumetasi": null,
        "Kode Fungsi": "F01",
        "Klasifikasi Fungsi": "Hunian",
        "KODE MATERIAL": "MCF",
        "KODE SISTEM STRUKTUR": "LFINF",
        "KODE TIPE ATAP": "RSH3",
        "KODE MATERIAL PENUTUP ATAP": "RMT1",
        "KODE DINDING LUAR": "EWMA",
        "KODE KONDISI VISUAL ": "CV1",
        "JUMLAH LANTAI": "HEX:1",
        "TAKSONOMI": "MCF/LFINF/RSH3/RMT1/EWMA/CV1/HEX:1",
        "KODE SIGKAT": "MCF \\LFINF\\HEX:1",
        "LUAS_M2": 124.492022518,
        "Koefisien": 1.0,
        "Nilai Exposure": 624949953.04036,
        "Klasifikasi Rentang Exposure": "Rp14.611.983,05 - Rp638.909.581,39",
        "koreksi_koordinat": "TIDAK"
      },
      "geometry": {
        "type": "Point",
        "coordinates": [
          105.22938,
          -5.547385
        ]
      }
    },
    {
      "type": "Feature",
      "properties": {
        "Nomor": 120,
        "NO": 120,
        "ID Bangunan": "SDIB40-040",
        "Blok": "B",
        "Koordinat Latitude (Y)": -5.547404,
        "Koordinat Longitude (X)": 105.229224,
        "Fungsi Bangunan": "Rumah Tinggal",
        "Klasifikasi": "Hunian",
        "Jumlah Lantai": 2,
        "Material Dominan": "Pasang Bata",
        "Sistem Stuktur Tampak": "Rangka Beton Bertulang",
        "Tipe Atap": "Pelana",
        "Material Penutup Atap": "Seng",
        "Dinding Luar": "Bata Ekspos",
        "Kondisi Visual": "Baik",
        "Kode Material": "MCF (batu bata bertulang)",
        "Kode Sistem Struktur": "LFINF",
        "Tingkat Keyakinan": "Tinggi",
        "Dokumetasi": null,
        "Kode Fungsi": "F01",
        "Klasifikasi Fungsi": "Hunian",
        "KODE MATERIAL": "MCF",
        "KODE SISTEM STRUKTUR": "LFINF",
        "KODE TIPE ATAP": "RSH2",
        "KODE MATERIAL PENUTUP ATAP": "RMT2",
        "KODE DINDING LUAR": "EWMA",
        "KODE KONDISI VISUAL ": "CV1",
        "JUMLAH LANTAI": "HEX:2",
        "TAKSONOMI": "MCF/LFINF/RSH2/RMT2/EWMA/CV1/HEX:2",
        "KODE SIGKAT": "MCF \\LFINF\\HEX:2",
        "LUAS_M2": 86.3498222983,
        "Koefisien": 1.09,
        "Nilai Exposure": 472488957.65183794,
        "Klasifikasi Rentang Exposure": "Rp14.611.983,05 - Rp638.909.581,39",
        "koreksi_koordinat": "TIDAK"
      },
      "geometry": {
        "type": "Point",
        "coordinates": [
          105.229224,
          -5.547404
        ]
      }
    },
    {
      "type": "Feature",
      "properties": {
        "Nomor": 121,
        "NO": 121,
        "ID Bangunan": "SDI-B41-041",
        "Blok": "B",
        "Koordinat Latitude (Y)": -5.547427,
        "Koordinat Longitude (X)": 105.229334,
        "Fungsi Bangunan": "Rumah Tinggal",
        "Klasifikasi": "Hunian",
        "Jumlah Lantai": 1,
        "Material Dominan": "Pasang Bata",
        "Sistem Stuktur Tampak": "Dinding Pemikul",
        "Tipe Atap": "Pelana",
        "Material Penutup Atap": "Seng",
        "Dinding Luar": "Bata Ekspos",
        "Kondisi Visual": "Sedang",
        "Kode Material": "MUR (batu bata tanpa tulang)",
        "Kode Sistem Struktur": "LWAL",
        "Tingkat Keyakinan": "Tinggi",
        "Dokumetasi": null,
        "Kode Fungsi": "F01",
        "Klasifikasi Fungsi": "Hunian",
        "KODE MATERIAL": "MUR",
        "KODE SISTEM STRUKTUR": "LWAL",
        "KODE TIPE ATAP": "RSH2",
        "KODE MATERIAL PENUTUP ATAP": "RMT2",
        "KODE DINDING LUAR": "EWMA",
        "KODE KONDISI VISUAL ": "CV2",
        "JUMLAH LANTAI": "HEX:1",
        "TAKSONOMI": "MUR/LWAL/RSH2/RMT2/EWMA/CV2/HEX:1",
        "KODE SIGKAT": "MUR \\LWAL\\HEX:1",
        "LUAS_M2": 173.414553392,
        "Koefisien": 1.0,
        "Nilai Exposure": 870541058.0278399,
        "Klasifikasi Rentang Exposure": "> Rp638.909.581,39 - Rp1.136.724.268,30",
        "koreksi_koordinat": "TIDAK"
      },
      "geometry": {
        "type": "Point",
        "coordinates": [
          105.229334,
          -5.547427
        ]
      }
    },
    {
      "type": "Feature",
      "properties": {
        "Nomor": 122,
        "NO": 122,
        "ID Bangunan": "SDI-B43-043",
        "Blok": "B",
        "Koordinat Latitude (Y)": -5.547018,
        "Koordinat Longitude (X)": 105.229164,
        "Fungsi Bangunan": "Rumah Tinggal",
        "Klasifikasi": "Hunian",
        "Jumlah Lantai": 1,
        "Material Dominan": "Pasang Bata",
        "Sistem Stuktur Tampak": "Rangka Beton Bertulang",
        "Tipe Atap": "Limasan",
        "Material Penutup Atap": "Genteng",
        "Dinding Luar": "Bata Plaster",
        "Kondisi Visual": "Sedang",
        "Kode Material": "MCF (batu bata bertulang)",
        "Kode Sistem Struktur": "LFINF",
        "Tingkat Keyakinan": "Tinggi",
        "Dokumetasi": null,
        "Kode Fungsi": "F01",
        "Klasifikasi Fungsi": "Hunian",
        "KODE MATERIAL": "MCF",
        "KODE SISTEM STRUKTUR": "LFINF",
        "KODE TIPE ATAP": "RSH3",
        "KODE MATERIAL PENUTUP ATAP": "RMT1",
        "KODE DINDING LUAR": "EWMA",
        "KODE KONDISI VISUAL ": "CV2",
        "JUMLAH LANTAI": "HEX:1",
        "TAKSONOMI": "MCF/LFINF/RSH3/RMT1/EWMA/CV2/HEX:1",
        "KODE SIGKAT": "MCF \\LFINF\\HEX:1",
        "LUAS_M2": 12.6397370388,
        "Koefisien": 1.0,
        "Nilai Exposure": 63451479.934776,
        "Klasifikasi Rentang Exposure": "Rp14.611.983,05 - Rp638.909.581,39",
        "koreksi_koordinat": "TIDAK"
      },
      "geometry": {
        "type": "Point",
        "coordinates": [
          105.229164,
          -5.547018
        ]
      }
    },
    {
      "type": "Feature",
      "properties": {
        "Nomor": 123,
        "NO": 123,
        "ID Bangunan": "SDI-B46-046",
        "Blok": "B",
        "Koordinat Latitude (Y)": -5.547202,
        "Koordinat Longitude (X)": 105.228921,
        "Fungsi Bangunan": "Rumah Tinggal",
        "Klasifikasi": "Hunian",
        "Jumlah Lantai": 1,
        "Material Dominan": "Pasang Bata",
        "Sistem Stuktur Tampak": "Dinding Pemikul",
        "Tipe Atap": "Limasan",
        "Material Penutup Atap": "Genteng",
        "Dinding Luar": "Bata Plaster",
        "Kondisi Visual": "Sedang",
        "Kode Material": "MUR (batu bata tanpa tulang)",
        "Kode Sistem Struktur": "LWAL",
        "Tingkat Keyakinan": "Tinggi",
        "Dokumetasi": null,
        "Kode Fungsi": "F01",
        "Klasifikasi Fungsi": "Hunian",
        "KODE MATERIAL": "MUR",
        "KODE SISTEM STRUKTUR": "LWAL",
        "KODE TIPE ATAP": "RSH3",
        "KODE MATERIAL PENUTUP ATAP": "RMT1",
        "KODE DINDING LUAR": "EWMA",
        "KODE KONDISI VISUAL ": "CV2",
        "JUMLAH LANTAI": "HEX:1",
        "TAKSONOMI": "MUR/LWAL/RSH3/RMT1/EWMA/CV2/HEX:1",
        "KODE SIGKAT": "MUR \\LWAL\\HEX:1",
        "LUAS_M2": 273.803139077,
        "Koefisien": 1.0,
        "Nilai Exposure": 1374491758.1665401,
        "Klasifikasi Rentang Exposure": "> Rp1.136.724.268,30 - Rp1.856.590.180,23",
        "koreksi_koordinat": "TIDAK"
      },
      "geometry": {
        "type": "Point",
        "coordinates": [
          105.228921,
          -5.547202
        ]
      }
    },
    {
      "type": "Feature",
      "properties": {
        "Nomor": 124,
        "NO": 124,
        "ID Bangunan": "SDI-B47-047",
        "Blok": "B",
        "Koordinat Latitude (Y)": -5.547459,
        "Koordinat Longitude (X)": 105.229219,
        "Fungsi Bangunan": "Rumah Tinggal",
        "Klasifikasi": "Hunian",
        "Jumlah Lantai": 1,
        "Material Dominan": "Pasang Bata",
        "Sistem Stuktur Tampak": "Dinding Pemikul",
        "Tipe Atap": "Pelana",
        "Material Penutup Atap": "Genteng",
        "Dinding Luar": "Bata Ekspos",
        "Kondisi Visual": "Baik",
        "Kode Material": "MUR (batu bata tanpa tulang)",
        "Kode Sistem Struktur": "LWAL",
        "Tingkat Keyakinan": "Tinggi",
        "Dokumetasi": null,
        "Kode Fungsi": "F01",
        "Klasifikasi Fungsi": "Hunian",
        "KODE MATERIAL": "MUR",
        "KODE SISTEM STRUKTUR": "LWAL",
        "KODE TIPE ATAP": "RSH2",
        "KODE MATERIAL PENUTUP ATAP": "RMT1",
        "KODE DINDING LUAR": "EWMA",
        "KODE KONDISI VISUAL ": "CV1",
        "JUMLAH LANTAI": "HEX:1",
        "TAKSONOMI": "MUR/LWAL/RSH2/RMT1/EWMA/CV1/HEX:1",
        "KODE SIGKAT": "MUR \\LWAL\\HEX:1",
        "LUAS_M2": 186.490377879,
        "Koefisien": 1.0,
        "Nilai Exposure": 936181696.95258,
        "Klasifikasi Rentang Exposure": "> Rp638.909.581,39 - Rp1.136.724.268,30",
        "koreksi_koordinat": "TIDAK"
      },
      "geometry": {
        "type": "Point",
        "coordinates": [
          105.229219,
          -5.547459
        ]
      }
    },
    {
      "type": "Feature",
      "properties": {
        "Nomor": 125,
        "NO": 125,
        "ID Bangunan": "SDI-B48-048",
        "Blok": "B",
        "Koordinat Latitude (Y)": -5.547583,
        "Koordinat Longitude (X)": 105.229219,
        "Fungsi Bangunan": "Rumah Tinggal",
        "Klasifikasi": "Hunian",
        "Jumlah Lantai": 1,
        "Material Dominan": "Pasang Bata",
        "Sistem Stuktur Tampak": "Rangka Beton Bertulang",
        "Tipe Atap": "Limasan",
        "Material Penutup Atap": "Genteng",
        "Dinding Luar": "Bata Plaster",
        "Kondisi Visual": "Baik",
        "Kode Material": "MCF (batu bata bertulang)",
        "Kode Sistem Struktur": "LFINF",
        "Tingkat Keyakinan": "Tinggi",
        "Dokumetasi": null,
        "Kode Fungsi": "F01",
        "Klasifikasi Fungsi": "Hunian",
        "KODE MATERIAL": "MCF",
        "KODE SISTEM STRUKTUR": "LFINF",
        "KODE TIPE ATAP": "RSH3",
        "KODE MATERIAL PENUTUP ATAP": "RMT1",
        "KODE DINDING LUAR": "EWMA",
        "KODE KONDISI VISUAL ": "CV1",
        "JUMLAH LANTAI": "HEX:1",
        "TAKSONOMI": "MCF/LFINF/RSH3/RMT1/EWMA/CV1/HEX:1",
        "KODE SIGKAT": "MCF \\LFINF\\HEX:1",
        "LUAS_M2": 246.368616114,
        "Koefisien": 1.0,
        "Nilai Exposure": 1236770452.8922799,
        "Klasifikasi Rentang Exposure": "> Rp1.136.724.268,30 - Rp1.856.590.180,23",
        "koreksi_koordinat": "TIDAK"
      },
      "geometry": {
        "type": "Point",
        "coordinates": [
          105.229219,
          -5.547583
        ]
      }
    },
    {
      "type": "Feature",
      "properties": {
        "Nomor": 126,
        "NO": 126,
        "ID Bangunan": "SDI-B49-049",
        "Blok": "B",
        "Koordinat Latitude (Y)": -5.54758,
        "Koordinat Longitude (X)": 105.228956,
        "Fungsi Bangunan": "Rumah Tinggal",
        "Klasifikasi": "Hunian",
        "Jumlah Lantai": 1,
        "Material Dominan": "Pasang Bata",
        "Sistem Stuktur Tampak": "Dinding Pemikul",
        "Tipe Atap": "Pelana",
        "Material Penutup Atap": "Genteng",
        "Dinding Luar": "Bata Plaster",
        "Kondisi Visual": "Baik",
        "Kode Material": "MUR (batu bata tanpa tulang)",
        "Kode Sistem Struktur": "LWAL",
        "Tingkat Keyakinan": "Tinggi",
        "Dokumetasi": null,
        "Kode Fungsi": "F01",
        "Klasifikasi Fungsi": "Hunian",
        "KODE MATERIAL": "MUR",
        "KODE SISTEM STRUKTUR": "LWAL",
        "KODE TIPE ATAP": "RSH2",
        "KODE MATERIAL PENUTUP ATAP": "RMT1",
        "KODE DINDING LUAR": "EWMA",
        "KODE KONDISI VISUAL ": "CV1",
        "JUMLAH LANTAI": "HEX:1",
        "TAKSONOMI": "MUR/LWAL/RSH2/RMT1/EWMA/CV1/HEX:1",
        "KODE SIGKAT": "MUR \\LWAL\\HEX:1",
        "LUAS_M2": 186.490377879,
        "Koefisien": 1.0,
        "Nilai Exposure": 936181696.95258,
        "Klasifikasi Rentang Exposure": "> Rp638.909.581,39 - Rp1.136.724.268,30",
        "koreksi_koordinat": "TIDAK"
      },
      "geometry": {
        "type": "Point",
        "coordinates": [
          105.228956,
          -5.54758
        ]
      }
    },
    {
      "type": "Feature",
      "properties": {
        "Nomor": 127,
        "NO": 127,
        "ID Bangunan": "SDI-B50-050",
        "Blok": "B",
        "Koordinat Latitude (Y)": -5.547588,
        "Koordinat Longitude (X)": 105.229284,
        "Fungsi Bangunan": "Rumah Tinggal",
        "Klasifikasi": "Hunian",
        "Jumlah Lantai": 1,
        "Material Dominan": "Pasang Bata",
        "Sistem Stuktur Tampak": "Dinding Pemikul",
        "Tipe Atap": "Limasan",
        "Material Penutup Atap": "Genteng",
        "Dinding Luar": "Bata Ekspos",
        "Kondisi Visual": "Baik",
        "Kode Material": "MUR (batu bata tanpa tulang)",
        "Kode Sistem Struktur": "LWAL",
        "Tingkat Keyakinan": "Tinggi",
        "Dokumetasi": null,
        "Kode Fungsi": "F01",
        "Klasifikasi Fungsi": "Hunian",
        "KODE MATERIAL": "MUR",
        "KODE SISTEM STRUKTUR": "LWAL",
        "KODE TIPE ATAP": "RSH3",
        "KODE MATERIAL PENUTUP ATAP": "RMT1",
        "KODE DINDING LUAR": "EWMA",
        "KODE KONDISI VISUAL ": "CV1",
        "JUMLAH LANTAI": "HEX:1",
        "TAKSONOMI": "MUR/LWAL/RSH3/RMT1/EWMA/CV1/HEX:1",
        "KODE SIGKAT": "MUR \\LWAL\\HEX:1",
        "LUAS_M2": 192.412773818,
        "Koefisien": 1.0,
        "Nilai Exposure": 965912124.56636,
        "Klasifikasi Rentang Exposure": "> Rp638.909.581,39 - Rp1.136.724.268,30",
        "koreksi_koordinat": "TIDAK"
      },
      "geometry": {
        "type": "Point",
        "coordinates": [
          105.229284,
          -5.547588
        ]
      }
    },
    {
      "type": "Feature",
      "properties": {
        "Nomor": 128,
        "NO": 128,
        "ID Bangunan": "SDI-B51-051",
        "Blok": "B",
        "Koordinat Latitude (Y)": -5.547832,
        "Koordinat Longitude (X)": 105.228996,
        "Fungsi Bangunan": "Rumah Tinggal",
        "Klasifikasi": "Hunian",
        "Jumlah Lantai": 1,
        "Material Dominan": "Pasang Bata",
        "Sistem Stuktur Tampak": "Rangka Beton Bertulang",
        "Tipe Atap": "Limasan",
        "Material Penutup Atap": "Genteng",
        "Dinding Luar": "Bata Plaster",
        "Kondisi Visual": "Baik",
        "Kode Material": "MCF (batu bata bertulang)",
        "Kode Sistem Struktur": "LFINF",
        "Tingkat Keyakinan": "Tinggi",
        "Dokumetasi": null,
        "Kode Fungsi": "F01",
        "Klasifikasi Fungsi": "Hunian",
        "KODE MATERIAL": "MCF",
        "KODE SISTEM STRUKTUR": "LFINF",
        "KODE TIPE ATAP": "RSH3",
        "KODE MATERIAL PENUTUP ATAP": "RMT1",
        "KODE DINDING LUAR": "EWMA",
        "KODE KONDISI VISUAL ": "CV1",
        "JUMLAH LANTAI": "HEX:1",
        "TAKSONOMI": "MCF/LFINF/RSH3/RMT1/EWMA/CV1/HEX:1",
        "KODE SIGKAT": "MCF \\LFINF\\HEX:1",
        "LUAS_M2": 192.412773818,
        "Koefisien": 1.0,
        "Nilai Exposure": 965912124.56636,
        "Klasifikasi Rentang Exposure": "> Rp638.909.581,39 - Rp1.136.724.268,30",
        "koreksi_koordinat": "TIDAK"
      },
      "geometry": {
        "type": "Point",
        "coordinates": [
          105.228996,
          -5.547832
        ]
      }
    },
    {
      "type": "Feature",
      "properties": {
        "Nomor": 129,
        "NO": 129,
        "ID Bangunan": "SDI-B52-052",
        "Blok": "B",
        "Koordinat Latitude (Y)": -5.547896,
        "Koordinat Longitude (X)": 105.229004,
        "Fungsi Bangunan": "Rumah Tinggal",
        "Klasifikasi": "Hunian",
        "Jumlah Lantai": 1,
        "Material Dominan": "Pasang Bata",
        "Sistem Stuktur Tampak": "Dinding Pemikul",
        "Tipe Atap": "Limasan",
        "Material Penutup Atap": "Genteng",
        "Dinding Luar": "Bata Ekspos",
        "Kondisi Visual": "Baik",
        "Kode Material": "MUR (batu bata tanpa tulang)",
        "Kode Sistem Struktur": "LWAL",
        "Tingkat Keyakinan": "Tinggi",
        "Dokumetasi": null,
        "Kode Fungsi": "F01",
        "Klasifikasi Fungsi": "Hunian",
        "KODE MATERIAL": "MUR",
        "KODE SISTEM STRUKTUR": "LWAL",
        "KODE TIPE ATAP": "RSH3",
        "KODE MATERIAL PENUTUP ATAP": "RMT1",
        "KODE DINDING LUAR": "EWMA",
        "KODE KONDISI VISUAL ": "CV1",
        "JUMLAH LANTAI": "HEX:1",
        "TAKSONOMI": "MUR/LWAL/RSH3/RMT1/EWMA/CV1/HEX:1",
        "KODE SIGKAT": "MUR \\LWAL\\HEX:1",
        "LUAS_M2": 129.369952759,
        "Koefisien": 1.0,
        "Nilai Exposure": 649437162.85018,
        "Klasifikasi Rentang Exposure": "> Rp638.909.581,39 - Rp1.136.724.268,30",
        "koreksi_koordinat": "TIDAK"
      },
      "geometry": {
        "type": "Point",
        "coordinates": [
          105.229004,
          -5.547896
        ]
      }
    },
    {
      "type": "Feature",
      "properties": {
        "Nomor": 130,
        "NO": 130,
        "ID Bangunan": "SDI-B53-053",
        "Blok": "B",
        "Koordinat Latitude (Y)": -5.548117,
        "Koordinat Longitude (X)": 105.228903,
        "Fungsi Bangunan": "Rumah Tinggal",
        "Klasifikasi": "Hunian",
        "Jumlah Lantai": 1,
        "Material Dominan": "Kayu",
        "Sistem Stuktur Tampak": "Rangka Kayu",
        "Tipe Atap": "Pelana",
        "Material Penutup Atap": "Genteng",
        "Dinding Luar": "Kayu",
        "Kondisi Visual": "Baik",
        "Kode Material": "W (kayu)",
        "Kode Sistem Struktur": "LPB",
        "Tingkat Keyakinan": "Tinggi",
        "Dokumetasi": null,
        "Kode Fungsi": "F01",
        "Klasifikasi Fungsi": "Hunian",
        "KODE MATERIAL": "W",
        "KODE SISTEM STRUKTUR": "LPB",
        "KODE TIPE ATAP": "RSH2",
        "KODE MATERIAL PENUTUP ATAP": "RMT1",
        "KODE DINDING LUAR": "EWW",
        "KODE KONDISI VISUAL ": "CV1",
        "JUMLAH LANTAI": "HEX:1",
        "TAKSONOMI": "W/LPB/RSH2/RMT1/EWW/CV1/HEX:1",
        "KODE SIGKAT": "W \\LPB\\HEX:1",
        "LUAS_M2": 217.584564715,
        "Koefisien": 1.0,
        "Nilai Exposure": 1092274514.8693,
        "Klasifikasi Rentang Exposure": "> Rp638.909.581,39 - Rp1.136.724.268,30",
        "koreksi_koordinat": "TIDAK"
      },
      "geometry": {
        "type": "Point",
        "coordinates": [
          105.228903,
          -5.548117
        ]
      }
    },
    {
      "type": "Feature",
      "properties": {
        "Nomor": 131,
        "NO": 131,
        "ID Bangunan": "SDI-B54-054",
        "Blok": "B",
        "Koordinat Latitude (Y)": -5.548098,
        "Koordinat Longitude (X)": 105.229119,
        "Fungsi Bangunan": "Rumah Tinggal",
        "Klasifikasi": "Hunian",
        "Jumlah Lantai": 1,
        "Material Dominan": "Pasang Bata",
        "Sistem Stuktur Tampak": "Rangka Beton Bertulang",
        "Tipe Atap": "Limasan",
        "Material Penutup Atap": "Genteng",
        "Dinding Luar": "Bata Plaster",
        "Kondisi Visual": "Baik",
        "Kode Material": "MCF (batu bata bertulang)",
        "Kode Sistem Struktur": "LFINF",
        "Tingkat Keyakinan": "Tinggi",
        "Dokumetasi": null,
        "Kode Fungsi": "F01",
        "Klasifikasi Fungsi": "Hunian",
        "KODE MATERIAL": "MCF",
        "KODE SISTEM STRUKTUR": "LFINF",
        "KODE TIPE ATAP": "RSH3",
        "KODE MATERIAL PENUTUP ATAP": "RMT1",
        "KODE DINDING LUAR": "EWMA",
        "KODE KONDISI VISUAL ": "CV1",
        "JUMLAH LANTAI": "HEX:1",
        "TAKSONOMI": "MCF/LFINF/RSH3/RMT1/EWMA/CV1/HEX:1",
        "KODE SIGKAT": "MCF \\LFINF\\HEX:1",
        "LUAS_M2": 117.158166446,
        "Koefisien": 1.0,
        "Nilai Exposure": 588133995.55892,
        "Klasifikasi Rentang Exposure": "Rp14.611.983,05 - Rp638.909.581,39",
        "koreksi_koordinat": "TIDAK"
      },
      "geometry": {
        "type": "Point",
        "coordinates": [
          105.229119,
          -5.548098
        ]
      }
    },
    {
      "type": "Feature",
      "properties": {
        "Nomor": 132,
        "NO": 132,
        "ID Bangunan": "SDI-B55-055",
        "Blok": "B",
        "Koordinat Latitude (Y)": -5.547974,
        "Koordinat Longitude (X)": 105.22938,
        "Fungsi Bangunan": "Rumah Tinggal",
        "Klasifikasi": "Hunian",
        "Jumlah Lantai": 1,
        "Material Dominan": "Pasang Bata",
        "Sistem Stuktur Tampak": "Dinding Pemikul",
        "Tipe Atap": "Pelana",
        "Material Penutup Atap": "Seng",
        "Dinding Luar": "Bata Ekspos",
        "Kondisi Visual": "Baik",
        "Kode Material": "MUR (batu bata tanpa tulang)",
        "Kode Sistem Struktur": "LWAL",
        "Tingkat Keyakinan": "Tinggi",
        "Dokumetasi": null,
        "Kode Fungsi": "F01",
        "Klasifikasi Fungsi": "Hunian",
        "KODE MATERIAL": "MUR",
        "KODE SISTEM STRUKTUR": "LWAL",
        "KODE TIPE ATAP": "RSH2",
        "KODE MATERIAL PENUTUP ATAP": "RMT2",
        "KODE DINDING LUAR": "EWMA",
        "KODE KONDISI VISUAL ": "CV1",
        "JUMLAH LANTAI": "HEX:1",
        "TAKSONOMI": "MUR/LWAL/RSH2/RMT2/EWMA/CV1/HEX:1",
        "KODE SIGKAT": "MUR \\LWAL\\HEX:1",
        "LUAS_M2": 100.143525128,
        "Koefisien": 1.0,
        "Nilai Exposure": 502720496.14255995,
        "Klasifikasi Rentang Exposure": "Rp14.611.983,05 - Rp638.909.581,39",
        "koreksi_koordinat": "TIDAK"
      },
      "geometry": {
        "type": "Point",
        "coordinates": [
          105.22938,
          -5.547974
        ]
      }
    },
    {
      "type": "Feature",
      "properties": {
        "Nomor": 133,
        "NO": 133,
        "ID Bangunan": "SDI-B56-056",
        "Blok": "B",
        "Koordinat Latitude (Y)": -5.54819,
        "Koordinat Longitude (X)": 105.229141,
        "Fungsi Bangunan": "Rumah Tinggal",
        "Klasifikasi": "Hunian",
        "Jumlah Lantai": 1,
        "Material Dominan": "Pasang Bata",
        "Sistem Stuktur Tampak": "Dinding Pemikul",
        "Tipe Atap": "Limasan",
        "Material Penutup Atap": "Genteng",
        "Dinding Luar": "Bata Ekspos",
        "Kondisi Visual": "Baik",
        "Kode Material": "MUR (batu bata tanpa tulang)",
        "Kode Sistem Struktur": "LWAL",
        "Tingkat Keyakinan": "Tinggi",
        "Dokumetasi": null,
        "Kode Fungsi": "F01",
        "Klasifikasi Fungsi": "Hunian",
        "KODE MATERIAL": "MUR",
        "KODE SISTEM STRUKTUR": "LWAL",
        "KODE TIPE ATAP": "RSH3",
        "KODE MATERIAL PENUTUP ATAP": "RMT1",
        "KODE DINDING LUAR": "EWMA",
        "KODE KONDISI VISUAL ": "CV1",
        "JUMLAH LANTAI": "HEX:1",
        "TAKSONOMI": "MUR/LWAL/RSH3/RMT1/EWMA/CV1/HEX:1",
        "KODE SIGKAT": "MUR \\LWAL\\HEX:1",
        "LUAS_M2": 93.7126530467,
        "Koefisien": 1.0,
        "Nilai Exposure": 470437518.294434,
        "Klasifikasi Rentang Exposure": "Rp14.611.983,05 - Rp638.909.581,39",
        "koreksi_koordinat": "TIDAK"
      },
      "geometry": {
        "type": "Point",
        "coordinates": [
          105.229141,
          -5.54819
        ]
      }
    },
    {
      "type": "Feature",
      "properties": {
        "Nomor": 134,
        "NO": 134,
        "ID Bangunan": "SDI-B57-057",
        "Blok": "B",
        "Koordinat Latitude (Y)": -5.548084,
        "Koordinat Longitude (X)": 105.229435,
        "Fungsi Bangunan": "Rumah Tinggal",
        "Klasifikasi": "Hunian",
        "Jumlah Lantai": 1,
        "Material Dominan": "Pasang Bata",
        "Sistem Stuktur Tampak": "Rangka Beton Bertulang",
        "Tipe Atap": "Pelana",
        "Material Penutup Atap": "Genteng",
        "Dinding Luar": "Bata Plaster",
        "Kondisi Visual": "Sedang",
        "Kode Material": "MCF (batu bata bertulang)",
        "Kode Sistem Struktur": "LFINF",
        "Tingkat Keyakinan": "Tinggi",
        "Dokumetasi": null,
        "Kode Fungsi": "F01",
        "Klasifikasi Fungsi": "Hunian",
        "KODE MATERIAL": "MCF",
        "KODE SISTEM STRUKTUR": "LFINF",
        "KODE TIPE ATAP": "RSH2",
        "KODE MATERIAL PENUTUP ATAP": "RMT1",
        "KODE DINDING LUAR": "EWMA",
        "KODE KONDISI VISUAL ": "CV2",
        "JUMLAH LANTAI": "HEX:1",
        "TAKSONOMI": "MCF/LFINF/RSH2/RMT1/EWMA/CV2/HEX:1",
        "KODE SIGKAT": "MCF \\LFINF\\HEX:1",
        "LUAS_M2": 205.467693531,
        "Koefisien": 1.0,
        "Nilai Exposure": 1031447821.5256201,
        "Klasifikasi Rentang Exposure": "> Rp638.909.581,39 - Rp1.136.724.268,30",
        "koreksi_koordinat": "TIDAK"
      },
      "geometry": {
        "type": "Point",
        "coordinates": [
          105.229435,
          -5.548084
        ]
      }
    },
    {
      "type": "Feature",
      "properties": {
        "Nomor": 135,
        "NO": 135,
        "ID Bangunan": "SDI-B58-058",
        "Blok": "B",
        "Koordinat Latitude (Y)": -5.54825,
        "Koordinat Longitude (X)": 105.22921,
        "Fungsi Bangunan": "Rumah Tinggal",
        "Klasifikasi": "Hunian",
        "Jumlah Lantai": 1,
        "Material Dominan": "Pasang Bata",
        "Sistem Stuktur Tampak": "Dinding Pemikul",
        "Tipe Atap": "Limasan",
        "Material Penutup Atap": "Genteng",
        "Dinding Luar": "Bata Plaster",
        "Kondisi Visual": "Sedang",
        "Kode Material": "MUR (batu bata tanpa tulang)",
        "Kode Sistem Struktur": "LWAL",
        "Tingkat Keyakinan": "Tinggi",
        "Dokumetasi": null,
        "Kode Fungsi": "F01",
        "Klasifikasi Fungsi": "Hunian",
        "KODE MATERIAL": "MUR",
        "KODE SISTEM STRUKTUR": "LWAL",
        "KODE TIPE ATAP": "RSH3",
        "KODE MATERIAL PENUTUP ATAP": "RMT1",
        "KODE DINDING LUAR": "EWMA",
        "KODE KONDISI VISUAL ": "CV2",
        "JUMLAH LANTAI": "HEX:1",
        "TAKSONOMI": "MUR/LWAL/RSH3/RMT1/EWMA/CV2/HEX:1",
        "KODE SIGKAT": "MUR \\LWAL\\HEX:1",
        "LUAS_M2": 205.467693531,
        "Koefisien": 1.0,
        "Nilai Exposure": 1031447821.5256201,
        "Klasifikasi Rentang Exposure": "> Rp638.909.581,39 - Rp1.136.724.268,30",
        "koreksi_koordinat": "TIDAK"
      },
      "geometry": {
        "type": "Point",
        "coordinates": [
          105.22921,
          -5.54825
        ]
      }
    },
    {
      "type": "Feature",
      "properties": {
        "Nomor": 136,
        "NO": 136,
        "ID Bangunan": "SDI-B59-059",
        "Blok": "B",
        "Koordinat Latitude (Y)": -5.548333,
        "Koordinat Longitude (X)": 105.229174,
        "Fungsi Bangunan": "Rumah Tinggal",
        "Klasifikasi": "Hunian",
        "Jumlah Lantai": 1,
        "Material Dominan": "Pasang Bata",
        "Sistem Stuktur Tampak": "Dinding Pemikul",
        "Tipe Atap": "Limasan",
        "Material Penutup Atap": "Genteng",
        "Dinding Luar": "Bata Ekspos",
        "Kondisi Visual": "Baik",
        "Kode Material": "MUR (batu bata tanpa tulang)",
        "Kode Sistem Struktur": "LWAL",
        "Tingkat Keyakinan": "Tinggi",
        "Dokumetasi": null,
        "Kode Fungsi": "F01",
        "Klasifikasi Fungsi": "Hunian",
        "KODE MATERIAL": "MUR",
        "KODE SISTEM STRUKTUR": "LWAL",
        "KODE TIPE ATAP": "RSH3",
        "KODE MATERIAL PENUTUP ATAP": "RMT1",
        "KODE DINDING LUAR": "EWMA",
        "KODE KONDISI VISUAL ": "CV1",
        "JUMLAH LANTAI": "HEX:1",
        "TAKSONOMI": "MUR/LWAL/RSH3/RMT1/EWMA/CV1/HEX:1",
        "KODE SIGKAT": "MUR \\LWAL\\HEX:1",
        "LUAS_M2": 93.7126530467,
        "Koefisien": 1.0,
        "Nilai Exposure": 470437518.294434,
        "Klasifikasi Rentang Exposure": "Rp14.611.983,05 - Rp638.909.581,39",
        "koreksi_koordinat": "TIDAK"
      },
      "geometry": {
        "type": "Point",
        "coordinates": [
          105.229174,
          -5.548333
        ]
      }
    },
    {
      "type": "Feature",
      "properties": {
        "Nomor": 137,
        "NO": 137,
        "ID Bangunan": "SDI-B60-060",
        "Blok": "B",
        "Koordinat Latitude (Y)": -5.548204,
        "Koordinat Longitude (X)": 105.229486,
        "Fungsi Bangunan": "Rumah Tinggal",
        "Klasifikasi": "Hunian",
        "Jumlah Lantai": 1,
        "Material Dominan": "Pasang Bata",
        "Sistem Stuktur Tampak": "Rangka Beton Bertulang",
        "Tipe Atap": "Limasan",
        "Material Penutup Atap": "Genteng",
        "Dinding Luar": "Bata Plaster",
        "Kondisi Visual": "Baik",
        "Kode Material": "MCF (batu bata bertulang)",
        "Kode Sistem Struktur": "LFINF",
        "Tingkat Keyakinan": "Tinggi",
        "Dokumetasi": null,
        "Kode Fungsi": "F01",
        "Klasifikasi Fungsi": "Hunian",
        "KODE MATERIAL": "MCF",
        "KODE SISTEM STRUKTUR": "LFINF",
        "KODE TIPE ATAP": "RSH3",
        "KODE MATERIAL PENUTUP ATAP": "RMT1",
        "KODE DINDING LUAR": "EWMA",
        "KODE KONDISI VISUAL ": "CV1",
        "JUMLAH LANTAI": "HEX:1",
        "TAKSONOMI": "MCF/LFINF/RSH3/RMT1/EWMA/CV1/HEX:1",
        "KODE SIGKAT": "MCF \\LFINF\\HEX:1",
        "LUAS_M2": 164.787967369,
        "Koefisien": 1.0,
        "Nilai Exposure": 827235596.19238,
        "Klasifikasi Rentang Exposure": "> Rp638.909.581,39 - Rp1.136.724.268,30",
        "koreksi_koordinat": "TIDAK"
      },
      "geometry": {
        "type": "Point",
        "coordinates": [
          105.229486,
          -5.548204
        ]
      }
    },
    {
      "type": "Feature",
      "properties": {
        "Nomor": 138,
        "NO": 138,
        "ID Bangunan": "SDI-B62-062",
        "Blok": "B",
        "Koordinat Latitude (Y)": -5.548319,
        "Koordinat Longitude (X)": 105.229513,
        "Fungsi Bangunan": "Rumah Tinggal",
        "Klasifikasi": "Hunian",
        "Jumlah Lantai": 1,
        "Material Dominan": "Pasang Bata",
        "Sistem Stuktur Tampak": "Rangka Beton Bertulang",
        "Tipe Atap": "Limasan",
        "Material Penutup Atap": "Genteng",
        "Dinding Luar": "Bata Plaster",
        "Kondisi Visual": "Baik",
        "Kode Material": "MCF (batu bata bertulang)",
        "Kode Sistem Struktur": "LFINF",
        "Tingkat Keyakinan": "Tinggi",
        "Dokumetasi": null,
        "Kode Fungsi": "F01",
        "Klasifikasi Fungsi": "Hunian",
        "KODE MATERIAL": "MCF",
        "KODE SISTEM STRUKTUR": "LFINF",
        "KODE TIPE ATAP": "RSH3",
        "KODE MATERIAL PENUTUP ATAP": "RMT1",
        "KODE DINDING LUAR": "EWMA",
        "KODE KONDISI VISUAL ": "CV1",
        "JUMLAH LANTAI": "HEX:1",
        "TAKSONOMI": "MCF/LFINF/RSH3/RMT1/EWMA/CV1/HEX:1",
        "KODE SIGKAT": "MCF \\LFINF\\HEX:1",
        "LUAS_M2": 114.365483399,
        "Koefisien": 1.0,
        "Nilai Exposure": 574114726.66298,
        "Klasifikasi Rentang Exposure": "Rp14.611.983,05 - Rp638.909.581,39",
        "koreksi_koordinat": "Y_POSITIF_DIBALIK"
      },
      "geometry": {
        "type": "Point",
        "coordinates": [
          105.229513,
          -5.548319
        ]
      }
    },
    {
      "type": "Feature",
      "properties": {
        "Nomor": 139,
        "NO": 139,
        "ID Bangunan": "SDI-B63-063",
        "Blok": "B",
        "Koordinat Latitude (Y)": -5.548613,
        "Koordinat Longitude (X)": 105.229302,
        "Fungsi Bangunan": "Rumah Tinggal",
        "Klasifikasi": "Hunian",
        "Jumlah Lantai": 1,
        "Material Dominan": "Pasang Bata",
        "Sistem Stuktur Tampak": "Dinding Pemikul",
        "Tipe Atap": "Pelana",
        "Material Penutup Atap": "Genteng",
        "Dinding Luar": "Bata Ekspos",
        "Kondisi Visual": "Baik",
        "Kode Material": "MUR (batu bata tanpa tulang)",
        "Kode Sistem Struktur": "LWAL",
        "Tingkat Keyakinan": "Tinggi",
        "Dokumetasi": null,
        "Kode Fungsi": "F01",
        "Klasifikasi Fungsi": "Hunian",
        "KODE MATERIAL": "MUR",
        "KODE SISTEM STRUKTUR": "LWAL",
        "KODE TIPE ATAP": "RSH2",
        "KODE MATERIAL PENUTUP ATAP": "RMT1",
        "KODE DINDING LUAR": "EWMA",
        "KODE KONDISI VISUAL ": "CV1",
        "JUMLAH LANTAI": "HEX:1",
        "TAKSONOMI": "MUR/LWAL/RSH2/RMT1/EWMA/CV1/HEX:1",
        "KODE SIGKAT": "MUR \\LWAL\\HEX:1",
        "LUAS_M2": 236.78384401,
        "Koefisien": 1.0,
        "Nilai Exposure": 1188654896.9301999,
        "Klasifikasi Rentang Exposure": "> Rp1.136.724.268,30 - Rp1.856.590.180,23",
        "koreksi_koordinat": "TIDAK"
      },
      "geometry": {
        "type": "Point",
        "coordinates": [
          105.229302,
          -5.548613
        ]
      }
    },
    {
      "type": "Feature",
      "properties": {
        "Nomor": 140,
        "NO": 140,
        "ID Bangunan": "SDI-B64-064",
        "Blok": "B",
        "Koordinat Latitude (Y)": -5.548696,
        "Koordinat Longitude (X)": 105.229779,
        "Fungsi Bangunan": "Rumah Tinggal",
        "Klasifikasi": "Hunian",
        "Jumlah Lantai": 1,
        "Material Dominan": "Pasang Bata",
        "Sistem Stuktur Tampak": "Rangka Beton Bertulang",
        "Tipe Atap": "Limasan",
        "Material Penutup Atap": "Genteng",
        "Dinding Luar": "Bata Ekspos",
        "Kondisi Visual": "Baik",
        "Kode Material": "MCF (batu bata bertulang)",
        "Kode Sistem Struktur": "LFINF",
        "Tingkat Keyakinan": "Tinggi",
        "Dokumetasi": null,
        "Kode Fungsi": "F01",
        "Klasifikasi Fungsi": "Hunian",
        "KODE MATERIAL": "MCF",
        "KODE SISTEM STRUKTUR": "LFINF",
        "KODE TIPE ATAP": "RSH3",
        "KODE MATERIAL PENUTUP ATAP": "RMT1",
        "KODE DINDING LUAR": "EWMA",
        "KODE KONDISI VISUAL ": "CV1",
        "JUMLAH LANTAI": "HEX:1",
        "TAKSONOMI": "MCF/LFINF/RSH3/RMT1/EWMA/CV1/HEX:1",
        "KODE SIGKAT": "MCF \\LFINF\\HEX:1",
        "LUAS_M2": 57.5269317837,
        "Koefisien": 1.0,
        "Nilai Exposure": 288785197.554174,
        "Klasifikasi Rentang Exposure": "Rp14.611.983,05 - Rp638.909.581,39",
        "koreksi_koordinat": "TIDAK"
      },
      "geometry": {
        "type": "Point",
        "coordinates": [
          105.229779,
          -5.548696
        ]
      }
    },
    {
      "type": "Feature",
      "properties": {
        "Nomor": 141,
        "NO": 141,
        "ID Bangunan": "SDI-B65-065",
        "Blok": "B",
        "Koordinat Latitude (Y)": -5.548843,
        "Koordinat Longitude (X)": 105.22944,
        "Fungsi Bangunan": "Rumah Tinggal",
        "Klasifikasi": "Hunian",
        "Jumlah Lantai": 1,
        "Material Dominan": "Pasang Bata",
        "Sistem Stuktur Tampak": "Dinding Pemikul",
        "Tipe Atap": "Pelana",
        "Material Penutup Atap": "Genteng",
        "Dinding Luar": "Bata Ekspos",
        "Kondisi Visual": "Baik",
        "Kode Material": "MUR (batu bata tanpa tulang)",
        "Kode Sistem Struktur": "LWAL",
        "Tingkat Keyakinan": "Tinggi",
        "Dokumetasi": null,
        "Kode Fungsi": "F01",
        "Klasifikasi Fungsi": "Hunian",
        "KODE MATERIAL": "MUR",
        "KODE SISTEM STRUKTUR": "LWAL",
        "KODE TIPE ATAP": "RSH2",
        "KODE MATERIAL PENUTUP ATAP": "RMT1",
        "KODE DINDING LUAR": "EWMA",
        "KODE KONDISI VISUAL ": "CV1",
        "JUMLAH LANTAI": "HEX:1",
        "TAKSONOMI": "MUR/LWAL/RSH2/RMT1/EWMA/CV1/HEX:1",
        "KODE SIGKAT": "MUR \\LWAL\\HEX:1",
        "LUAS_M2": 183.902376596,
        "Koefisien": 1.0,
        "Nilai Exposure": 923189930.5119201,
        "Klasifikasi Rentang Exposure": "> Rp638.909.581,39 - Rp1.136.724.268,30",
        "koreksi_koordinat": "TIDAK"
      },
      "geometry": {
        "type": "Point",
        "coordinates": [
          105.22944,
          -5.548843
        ]
      }
    },
    {
      "type": "Feature",
      "properties": {
        "Nomor": 142,
        "NO": 142,
        "ID Bangunan": "SDI-B66-066",
        "Blok": "B",
        "Koordinat Latitude (Y)": -5.548816,
        "Koordinat Longitude (X)": 105.229825,
        "Fungsi Bangunan": "Rumah Tinggal",
        "Klasifikasi": "Hunian",
        "Jumlah Lantai": 1,
        "Material Dominan": "Pasang Bata",
        "Sistem Stuktur Tampak": "Rangka Beton Bertulang",
        "Tipe Atap": "Limasan",
        "Material Penutup Atap": "Genteng",
        "Dinding Luar": "Bata Plaster",
        "Kondisi Visual": "Baik",
        "Kode Material": "MCF (batu bata bertulang)",
        "Kode Sistem Struktur": "LFINF",
        "Tingkat Keyakinan": "Tinggi",
        "Dokumetasi": null,
        "Kode Fungsi": "F01",
        "Klasifikasi Fungsi": "Hunian",
        "KODE MATERIAL": "MCF",
        "KODE SISTEM STRUKTUR": "LFINF",
        "KODE TIPE ATAP": "RSH3",
        "KODE MATERIAL PENUTUP ATAP": "RMT1",
        "KODE DINDING LUAR": "EWMA",
        "KODE KONDISI VISUAL ": "CV1",
        "JUMLAH LANTAI": "HEX:1",
        "TAKSONOMI": "MCF/LFINF/RSH3/RMT1/EWMA/CV1/HEX:1",
        "KODE SIGKAT": "MCF \\LFINF\\HEX:1",
        "LUAS_M2": 420.26217736,
        "Koefisien": 1.0,
        "Nilai Exposure": 2109716130.3472002,
        "Klasifikasi Rentang Exposure": "> Rp1.856.590.180,23 - < Rp11.941.713.042,64",
        "koreksi_koordinat": "TIDAK"
      },
      "geometry": {
        "type": "Point",
        "coordinates": [
          105.229825,
          -5.548816
        ]
      }
    },
    {
      "type": "Feature",
      "properties": {
        "Nomor": 143,
        "NO": 143,
        "ID Bangunan": "SDI-B67-067",
        "Blok": "B",
        "Koordinat Latitude (Y)": -5.549023,
        "Koordinat Longitude (X)": 105.2295,
        "Fungsi Bangunan": "Rumah Tinggal",
        "Klasifikasi": "Hunian",
        "Jumlah Lantai": 1,
        "Material Dominan": "Pasang Bata",
        "Sistem Stuktur Tampak": "Rangka Beton Bertulang",
        "Tipe Atap": "Pelana",
        "Material Penutup Atap": "Seng",
        "Dinding Luar": "Bata Plaster",
        "Kondisi Visual": "Baik",
        "Kode Material": "MCF (batu bata bertulang)",
        "Kode Sistem Struktur": "LFINF",
        "Tingkat Keyakinan": "Tinggi",
        "Dokumetasi": null,
        "Kode Fungsi": "F01",
        "Klasifikasi Fungsi": "Hunian",
        "KODE MATERIAL": "MCF",
        "KODE SISTEM STRUKTUR": "LFINF",
        "KODE TIPE ATAP": "RSH2",
        "KODE MATERIAL PENUTUP ATAP": "RMT2",
        "KODE DINDING LUAR": "EWMA",
        "KODE KONDISI VISUAL ": "CV1",
        "JUMLAH LANTAI": "HEX:1",
        "TAKSONOMI": "MCF/LFINF/RSH2/RMT2/EWMA/CV1/HEX:1",
        "KODE SIGKAT": "MCF \\LFINF\\HEX:1",
        "LUAS_M2": 166.325319912,
        "Koefisien": 1.0,
        "Nilai Exposure": 834953105.95824,
        "Klasifikasi Rentang Exposure": "> Rp638.909.581,39 - Rp1.136.724.268,30",
        "koreksi_koordinat": "TIDAK"
      },
      "geometry": {
        "type": "Point",
        "coordinates": [
          105.2295,
          -5.549023
        ]
      }
    },
    {
      "type": "Feature",
      "properties": {
        "Nomor": 144,
        "NO": 144,
        "ID Bangunan": "SDI-B68-068",
        "Blok": "B",
        "Koordinat Latitude (Y)": -5.548871,
        "Koordinat Longitude (X)": 105.22983,
        "Fungsi Bangunan": "Rumah Tinggal",
        "Klasifikasi": "Hunian",
        "Jumlah Lantai": 1,
        "Material Dominan": "Pasang Bata",
        "Sistem Stuktur Tampak": "Rangka Beton Bertulang",
        "Tipe Atap": "Limasan",
        "Material Penutup Atap": "Genteng",
        "Dinding Luar": "Bata Ekspos",
        "Kondisi Visual": "Baik",
        "Kode Material": "MCF (batu bata bertulang)",
        "Kode Sistem Struktur": "LFINF",
        "Tingkat Keyakinan": "Tinggi",
        "Dokumetasi": null,
        "Kode Fungsi": "F01",
        "Klasifikasi Fungsi": "Hunian",
        "KODE MATERIAL": "MCF",
        "KODE SISTEM STRUKTUR": "LFINF",
        "KODE TIPE ATAP": "RSH3",
        "KODE MATERIAL PENUTUP ATAP": "RMT1",
        "KODE DINDING LUAR": "EWMA",
        "KODE KONDISI VISUAL ": "CV1",
        "JUMLAH LANTAI": "HEX:1",
        "TAKSONOMI": "MCF/LFINF/RSH3/RMT1/EWMA/CV1/HEX:1",
        "KODE SIGKAT": "MCF \\LFINF\\HEX:1",
        "LUAS_M2": 420.26217736,
        "Koefisien": 1.0,
        "Nilai Exposure": 2109716130.3472002,
        "Klasifikasi Rentang Exposure": "> Rp1.856.590.180,23 - < Rp11.941.713.042,64",
        "koreksi_koordinat": "TIDAK"
      },
      "geometry": {
        "type": "Point",
        "coordinates": [
          105.22983,
          -5.548871
        ]
      }
    },
    {
      "type": "Feature",
      "properties": {
        "Nomor": 145,
        "NO": 145,
        "ID Bangunan": "SDI-B69-069",
        "Blok": "B",
        "Koordinat Latitude (Y)": -5.549046,
        "Koordinat Longitude (X)": 105.229568,
        "Fungsi Bangunan": "Rumah Tinggal",
        "Klasifikasi": "Hunian",
        "Jumlah Lantai": 1,
        "Material Dominan": "Pasang Bata",
        "Sistem Stuktur Tampak": "Rangka Beton Bertulang",
        "Tipe Atap": "Pelana",
        "Material Penutup Atap": "Asbes",
        "Dinding Luar": "Bata Plaster",
        "Kondisi Visual": "Baik",
        "Kode Material": "MCF (batu bata bertulang)",
        "Kode Sistem Struktur": "LFINF",
        "Tingkat Keyakinan": "Tinggi",
        "Dokumetasi": null,
        "Kode Fungsi": "F01",
        "Klasifikasi Fungsi": "Hunian",
        "KODE MATERIAL": "MCF",
        "KODE SISTEM STRUKTUR": "LFINF",
        "KODE TIPE ATAP": "RSH2",
        "KODE MATERIAL PENUTUP ATAP": "RMT6",
        "KODE DINDING LUAR": "EWMA",
        "KODE KONDISI VISUAL ": "CV1",
        "JUMLAH LANTAI": "HEX:1",
        "TAKSONOMI": "MCF/LFINF/RSH2/RMT6/EWMA/CV1/HEX:1",
        "KODE SIGKAT": "MCF \\LFINF\\HEX:1",
        "LUAS_M2": 204.323455009,
        "Koefisien": 1.0,
        "Nilai Exposure": 1025703744.1451801,
        "Klasifikasi Rentang Exposure": "> Rp638.909.581,39 - Rp1.136.724.268,30",
        "koreksi_koordinat": "TIDAK"
      },
      "geometry": {
        "type": "Point",
        "coordinates": [
          105.229568,
          -5.549046
        ]
      }
    },
    {
      "type": "Feature",
      "properties": {
        "Nomor": 146,
        "NO": 146,
        "ID Bangunan": "SDI-B70-070",
        "Blok": "B",
        "Koordinat Latitude (Y)": -5.54917,
        "Koordinat Longitude (X)": 105.229949,
        "Fungsi Bangunan": "Rumah Tinggal",
        "Klasifikasi": "Hunian",
        "Jumlah Lantai": 1,
        "Material Dominan": "Pasang Bata",
        "Sistem Stuktur Tampak": "Rangka Beton Bertulang",
        "Tipe Atap": "Limasan",
        "Material Penutup Atap": "Genteng",
        "Dinding Luar": "Bata Ekspos",
        "Kondisi Visual": "Baik",
        "Kode Material": "MCF (batu bata bertulang)",
        "Kode Sistem Struktur": "LFINF",
        "Tingkat Keyakinan": "Tinggi",
        "Dokumetasi": null,
        "Kode Fungsi": "F01",
        "Klasifikasi Fungsi": "Hunian",
        "KODE MATERIAL": "MCF",
        "KODE SISTEM STRUKTUR": "LFINF",
        "KODE TIPE ATAP": "RSH3",
        "KODE MATERIAL PENUTUP ATAP": "RMT1",
        "KODE DINDING LUAR": "EWMA",
        "KODE KONDISI VISUAL ": "CV1",
        "JUMLAH LANTAI": "HEX:1",
        "TAKSONOMI": "MCF/LFINF/RSH3/RMT1/EWMA/CV1/HEX:1",
        "KODE SIGKAT": "MCF \\LFINF\\HEX:1",
        "LUAS_M2": 156.555268656,
        "Koefisien": 1.0,
        "Nilai Exposure": 785907448.65312,
        "Klasifikasi Rentang Exposure": "> Rp638.909.581,39 - Rp1.136.724.268,30",
        "koreksi_koordinat": "TIDAK"
      },
      "geometry": {
        "type": "Point",
        "coordinates": [
          105.229949,
          -5.54917
        ]
      }
    },
    {
      "type": "Feature",
      "properties": {
        "Nomor": 147,
        "NO": 147,
        "ID Bangunan": "SDI-B71-071",
        "Blok": "B",
        "Koordinat Latitude (Y)": -5.549266,
        "Koordinat Longitude (X)": 105.230027,
        "Fungsi Bangunan": "Rumah Tinggal",
        "Klasifikasi": "Hunian",
        "Jumlah Lantai": 1,
        "Material Dominan": "Pasang Bata",
        "Sistem Stuktur Tampak": "Rangka Beton Bertulang",
        "Tipe Atap": "Limasan",
        "Material Penutup Atap": "Genteng",
        "Dinding Luar": "Bata Plaster",
        "Kondisi Visual": "Baik",
        "Kode Material": "MCF (batu bata bertulang)",
        "Kode Sistem Struktur": "LFINF",
        "Tingkat Keyakinan": "Tinggi",
        "Dokumetasi": null,
        "Kode Fungsi": "F01",
        "Klasifikasi Fungsi": "Hunian",
        "KODE MATERIAL": "MCF",
        "KODE SISTEM STRUKTUR": "LFINF",
        "KODE TIPE ATAP": "RSH3",
        "KODE MATERIAL PENUTUP ATAP": "RMT1",
        "KODE DINDING LUAR": "EWMA",
        "KODE KONDISI VISUAL ": "CV1",
        "JUMLAH LANTAI": "HEX:1",
        "TAKSONOMI": "MCF/LFINF/RSH3/RMT1/EWMA/CV1/HEX:1",
        "KODE SIGKAT": "MCF \\LFINF\\HEX:1",
        "LUAS_M2": 148.449206355,
        "Koefisien": 1.0,
        "Nilai Exposure": 745215015.9021,
        "Klasifikasi Rentang Exposure": "> Rp638.909.581,39 - Rp1.136.724.268,30",
        "koreksi_koordinat": "TIDAK"
      },
      "geometry": {
        "type": "Point",
        "coordinates": [
          105.230027,
          -5.549266
        ]
      }
    },
    {
      "type": "Feature",
      "properties": {
        "Nomor": 148,
        "NO": 148,
        "ID Bangunan": "SDI-B72-072",
        "Blok": "B",
        "Koordinat Latitude (Y)": -5.549473,
        "Koordinat Longitude (X)": 105.230257,
        "Fungsi Bangunan": "Rumah Tinggal",
        "Klasifikasi": "Hunian",
        "Jumlah Lantai": 1,
        "Material Dominan": "Pasang Bata",
        "Sistem Stuktur Tampak": "Rangka Beton Bertulang",
        "Tipe Atap": "Limasan",
        "Material Penutup Atap": "Genteng",
        "Dinding Luar": "Bata Plaster",
        "Kondisi Visual": "Baik",
        "Kode Material": "MCF (batu bata bertulang)",
        "Kode Sistem Struktur": "LFINF",
        "Tingkat Keyakinan": "Tinggi",
        "Dokumetasi": null,
        "Kode Fungsi": "F01",
        "Klasifikasi Fungsi": "Hunian",
        "KODE MATERIAL": "MCF",
        "KODE SISTEM STRUKTUR": "LFINF",
        "KODE TIPE ATAP": "RSH3",
        "KODE MATERIAL PENUTUP ATAP": "RMT1",
        "KODE DINDING LUAR": "EWMA",
        "KODE KONDISI VISUAL ": "CV1",
        "JUMLAH LANTAI": "HEX:1",
        "TAKSONOMI": "MCF/LFINF/RSH3/RMT1/EWMA/CV1/HEX:1",
        "KODE SIGKAT": "MCF \\LFINF\\HEX:1",
        "LUAS_M2": 167.237822892,
        "Koefisien": 1.0,
        "Nilai Exposure": 839533870.91784,
        "Klasifikasi Rentang Exposure": "> Rp638.909.581,39 - Rp1.136.724.268,30",
        "koreksi_koordinat": "TIDAK"
      },
      "geometry": {
        "type": "Point",
        "coordinates": [
          105.230257,
          -5.549473
        ]
      }
    },
    {
      "type": "Feature",
      "properties": {
        "Nomor": 149,
        "NO": 149,
        "ID Bangunan": "SDI-B73-073",
        "Blok": "B",
        "Koordinat Latitude (Y)": -5.549694,
        "Koordinat Longitude (X)": 105.230216,
        "Fungsi Bangunan": "Rumah Tinggal",
        "Klasifikasi": "Hunian",
        "Jumlah Lantai": 1,
        "Material Dominan": "Pasang Bata",
        "Sistem Stuktur Tampak": "Rangka Beton Bertulang",
        "Tipe Atap": "Limasan",
        "Material Penutup Atap": "Genteng",
        "Dinding Luar": "Bata Plaster",
        "Kondisi Visual": "Baik",
        "Kode Material": "MCF (batu bata bertulang)",
        "Kode Sistem Struktur": "LFINF",
        "Tingkat Keyakinan": "Tinggi",
        "Dokumetasi": null,
        "Kode Fungsi": "F01",
        "Klasifikasi Fungsi": "Hunian",
        "KODE MATERIAL": "MCF",
        "KODE SISTEM STRUKTUR": "LFINF",
        "KODE TIPE ATAP": "RSH3",
        "KODE MATERIAL PENUTUP ATAP": "RMT1",
        "KODE DINDING LUAR": "EWMA",
        "KODE KONDISI VISUAL ": "CV1",
        "JUMLAH LANTAI": "HEX:1",
        "TAKSONOMI": "MCF/LFINF/RSH3/RMT1/EWMA/CV1/HEX:1",
        "KODE SIGKAT": "MCF \\LFINF\\HEX:1",
        "LUAS_M2": 162.299154749,
        "Koefisien": 1.0,
        "Nilai Exposure": 814741756.83998,
        "Klasifikasi Rentang Exposure": "> Rp638.909.581,39 - Rp1.136.724.268,30",
        "koreksi_koordinat": "TIDAK"
      },
      "geometry": {
        "type": "Point",
        "coordinates": [
          105.230216,
          -5.549694
        ]
      }
    },
    {
      "type": "Feature",
      "properties": {
        "Nomor": 150,
        "NO": 150,
        "ID Bangunan": "SDI-B74-074",
        "Blok": "B",
        "Koordinat Latitude (Y)": -5.55003,
        "Koordinat Longitude (X)": 105.230124,
        "Fungsi Bangunan": "Rumah Tinggal",
        "Klasifikasi": "Hunian",
        "Jumlah Lantai": 1,
        "Material Dominan": "Pasang Bata",
        "Sistem Stuktur Tampak": "Rangka Beton Bertulang",
        "Tipe Atap": "Limasan",
        "Material Penutup Atap": "Genteng",
        "Dinding Luar": "Bata Plaster",
        "Kondisi Visual": "Baik",
        "Kode Material": "MCF (batu bata bertulang)",
        "Kode Sistem Struktur": "LFINF",
        "Tingkat Keyakinan": "Tinggi",
        "Dokumetasi": null,
        "Kode Fungsi": "F01",
        "Klasifikasi Fungsi": "Hunian",
        "KODE MATERIAL": "MCF",
        "KODE SISTEM STRUKTUR": "LFINF",
        "KODE TIPE ATAP": "RSH3",
        "KODE MATERIAL PENUTUP ATAP": "RMT1",
        "KODE DINDING LUAR": "EWMA",
        "KODE KONDISI VISUAL ": "CV1",
        "JUMLAH LANTAI": "HEX:1",
        "TAKSONOMI": "MCF/LFINF/RSH3/RMT1/EWMA/CV1/HEX:1",
        "KODE SIGKAT": "MCF \\LFINF\\HEX:1",
        "LUAS_M2": 32.894654566,
        "Koefisien": 1.0,
        "Nilai Exposure": 165131165.92132,
        "Klasifikasi Rentang Exposure": "Rp14.611.983,05 - Rp638.909.581,39",
        "koreksi_koordinat": "TIDAK"
      },
      "geometry": {
        "type": "Point",
        "coordinates": [
          105.230124,
          -5.55003
        ]
      }
    },
    {
      "type": "Feature",
      "properties": {
        "Nomor": 151,
        "NO": 151,
        "ID Bangunan": "SDI-B75-075",
        "Blok": "B",
        "Koordinat Latitude (Y)": -5.549896,
        "Koordinat Longitude (X)": 105.230372,
        "Fungsi Bangunan": "Rumah Tinggal",
        "Klasifikasi": "Hunian",
        "Jumlah Lantai": 1,
        "Material Dominan": "Pasang Bata",
        "Sistem Stuktur Tampak": "Dinding Pemikul",
        "Tipe Atap": "Pelana",
        "Material Penutup Atap": "Seng",
        "Dinding Luar": "Bata Ekspos",
        "Kondisi Visual": "Baik",
        "Kode Material": "MUR (batu bata tanpa tulang)",
        "Kode Sistem Struktur": "LWAL",
        "Tingkat Keyakinan": "Tinggi",
        "Dokumetasi": null,
        "Kode Fungsi": "F01",
        "Klasifikasi Fungsi": "Hunian",
        "KODE MATERIAL": "MUR",
        "KODE SISTEM STRUKTUR": "LWAL",
        "KODE TIPE ATAP": "RSH2",
        "KODE MATERIAL PENUTUP ATAP": "RMT2",
        "KODE DINDING LUAR": "EWMA",
        "KODE KONDISI VISUAL ": "CV1",
        "JUMLAH LANTAI": "HEX:1",
        "TAKSONOMI": "MUR/LWAL/RSH2/RMT2/EWMA/CV1/HEX:1",
        "KODE SIGKAT": "MUR \\LWAL\\HEX:1",
        "LUAS_M2": 183.288201103,
        "Koefisien": 1.0,
        "Nilai Exposure": 920106769.53706,
        "Klasifikasi Rentang Exposure": "> Rp638.909.581,39 - Rp1.136.724.268,30",
        "koreksi_koordinat": "TIDAK"
      },
      "geometry": {
        "type": "Point",
        "coordinates": [
          105.230372,
          -5.549896
        ]
      }
    },
    {
      "type": "Feature",
      "properties": {
        "Nomor": 152,
        "NO": 152,
        "ID Bangunan": "SDI-B76-076",
        "Blok": "B",
        "Koordinat Latitude (Y)": -5.550168,
        "Koordinat Longitude (X)": 105.230193,
        "Fungsi Bangunan": "Rumah Tinggal",
        "Klasifikasi": "Hunian",
        "Jumlah Lantai": 1,
        "Material Dominan": "Pasang Bata",
        "Sistem Stuktur Tampak": "Rangka Beton Bertulang",
        "Tipe Atap": "Limasan",
        "Material Penutup Atap": "Genteng",
        "Dinding Luar": "Bata Plaster",
        "Kondisi Visual": "Baik",
        "Kode Material": "MCF (batu bata bertulang)",
        "Kode Sistem Struktur": "LFINF",
        "Tingkat Keyakinan": "Tinggi",
        "Dokumetasi": null,
        "Kode Fungsi": "F01",
        "Klasifikasi Fungsi": "Hunian",
        "KODE MATERIAL": "MCF",
        "KODE SISTEM STRUKTUR": "LFINF",
        "KODE TIPE ATAP": "RSH3",
        "KODE MATERIAL PENUTUP ATAP": "RMT1",
        "KODE DINDING LUAR": "EWMA",
        "KODE KONDISI VISUAL ": "CV1",
        "JUMLAH LANTAI": "HEX:1",
        "TAKSONOMI": "MCF/LFINF/RSH3/RMT1/EWMA/CV1/HEX:1",
        "KODE SIGKAT": "MCF \\LFINF\\HEX:1",
        "LUAS_M2": 162.411293322,
        "Koefisien": 1.0,
        "Nilai Exposure": 815304692.4764401,
        "Klasifikasi Rentang Exposure": "> Rp638.909.581,39 - Rp1.136.724.268,30",
        "koreksi_koordinat": "TIDAK"
      },
      "geometry": {
        "type": "Point",
        "coordinates": [
          105.230193,
          -5.550168
        ]
      }
    },
    {
      "type": "Feature",
      "properties": {
        "Nomor": 153,
        "NO": 153,
        "ID Bangunan": "SDI-B77-077",
        "Blok": "B",
        "Koordinat Latitude (Y)": -5.550444,
        "Koordinat Longitude (X)": 105.230156,
        "Fungsi Bangunan": "Rumah Tinggal",
        "Klasifikasi": "Hunian",
        "Jumlah Lantai": 1,
        "Material Dominan": "Pasang Bata",
        "Sistem Stuktur Tampak": "Rangka Beton Bertulang",
        "Tipe Atap": "Limasan",
        "Material Penutup Atap": "Genteng",
        "Dinding Luar": "Bata Ekspos",
        "Kondisi Visual": "Baik",
        "Kode Material": "MCF (batu bata bertulang)",
        "Kode Sistem Struktur": "LFINF",
        "Tingkat Keyakinan": "Tinggi",
        "Dokumetasi": null,
        "Kode Fungsi": "F01",
        "Klasifikasi Fungsi": "Hunian",
        "KODE MATERIAL": "MCF",
        "KODE SISTEM STRUKTUR": "LFINF",
        "KODE TIPE ATAP": "RSH3",
        "KODE MATERIAL PENUTUP ATAP": "RMT1",
        "KODE DINDING LUAR": "EWMA",
        "KODE KONDISI VISUAL ": "CV1",
        "JUMLAH LANTAI": "HEX:1",
        "TAKSONOMI": "MCF/LFINF/RSH3/RMT1/EWMA/CV1/HEX:1",
        "KODE SIGKAT": "MCF \\LFINF\\HEX:1",
        "LUAS_M2": 197.467333171,
        "Koefisien": 1.0,
        "Nilai Exposure": 991286012.51842,
        "Klasifikasi Rentang Exposure": "> Rp638.909.581,39 - Rp1.136.724.268,30",
        "koreksi_koordinat": "TIDAK"
      },
      "geometry": {
        "type": "Point",
        "coordinates": [
          105.230156,
          -5.550444
        ]
      }
    },
    {
      "type": "Feature",
      "properties": {
        "Nomor": 154,
        "NO": 154,
        "ID Bangunan": "SDI-B78-078",
        "Blok": "B",
        "Koordinat Latitude (Y)": -5.550103,
        "Koordinat Longitude (X)": 105.230587,
        "Fungsi Bangunan": "Rumah Tinggal",
        "Klasifikasi": "Hunian",
        "Jumlah Lantai": 1,
        "Material Dominan": "Pasang Bata",
        "Sistem Stuktur Tampak": "Rangka Beton Bertulang",
        "Tipe Atap": "Limasan",
        "Material Penutup Atap": "Genteng",
        "Dinding Luar": "Bata Plaster",
        "Kondisi Visual": "Baik",
        "Kode Material": "MCF (batu bata bertulang)",
        "Kode Sistem Struktur": "LFINF",
        "Tingkat Keyakinan": "Tinggi",
        "Dokumetasi": null,
        "Kode Fungsi": "F01",
        "Klasifikasi Fungsi": "Hunian",
        "KODE MATERIAL": "MCF",
        "KODE SISTEM STRUKTUR": "LFINF",
        "KODE TIPE ATAP": "RSH3",
        "KODE MATERIAL PENUTUP ATAP": "RMT1",
        "KODE DINDING LUAR": "EWMA",
        "KODE KONDISI VISUAL ": "CV1",
        "JUMLAH LANTAI": "HEX:1",
        "TAKSONOMI": "MCF/LFINF/RSH3/RMT1/EWMA/CV1/HEX:1",
        "KODE SIGKAT": "MCF \\LFINF\\HEX:1",
        "LUAS_M2": 255.108480189,
        "Koefisien": 1.0,
        "Nilai Exposure": 1280644570.54878,
        "Klasifikasi Rentang Exposure": "> Rp1.136.724.268,30 - Rp1.856.590.180,23",
        "koreksi_koordinat": "TIDAK"
      },
      "geometry": {
        "type": "Point",
        "coordinates": [
          105.230587,
          -5.550103
        ]
      }
    },
    {
      "type": "Feature",
      "properties": {
        "Nomor": 155,
        "NO": 155,
        "ID Bangunan": "SDI-B79-079",
        "Blok": "B",
        "Koordinat Latitude (Y)": -5.550204,
        "Koordinat Longitude (X)": 105.230638,
        "Fungsi Bangunan": "Rumah Tinggal",
        "Klasifikasi": "Hunian",
        "Jumlah Lantai": 1,
        "Material Dominan": "Pasang Bata",
        "Sistem Stuktur Tampak": "Rangka Beton Bertulang",
        "Tipe Atap": "Limasan",
        "Material Penutup Atap": "Genteng",
        "Dinding Luar": "Bata Plaster",
        "Kondisi Visual": "Baik",
        "Kode Material": "MCF (batu bata bertulang)",
        "Kode Sistem Struktur": "LFINF",
        "Tingkat Keyakinan": "Tinggi",
        "Dokumetasi": null,
        "Kode Fungsi": "F01",
        "Klasifikasi Fungsi": "Hunian",
        "KODE MATERIAL": "MCF",
        "KODE SISTEM STRUKTUR": "LFINF",
        "KODE TIPE ATAP": "RSH3",
        "KODE MATERIAL PENUTUP ATAP": "RMT1",
        "KODE DINDING LUAR": "EWMA",
        "KODE KONDISI VISUAL ": "CV1",
        "JUMLAH LANTAI": "HEX:1",
        "TAKSONOMI": "MCF/LFINF/RSH3/RMT1/EWMA/CV1/HEX:1",
        "KODE SIGKAT": "MCF \\LFINF\\HEX:1",
        "LUAS_M2": 179.090243587,
        "Koefisien": 1.0,
        "Nilai Exposure": 899033022.80674,
        "Klasifikasi Rentang Exposure": "> Rp638.909.581,39 - Rp1.136.724.268,30",
        "koreksi_koordinat": "TIDAK"
      },
      "geometry": {
        "type": "Point",
        "coordinates": [
          105.230638,
          -5.550204
        ]
      }
    },
    {
      "type": "Feature",
      "properties": {
        "Nomor": 156,
        "NO": 156,
        "ID Bangunan": "SDI-B80-080",
        "Blok": "B",
        "Koordinat Latitude (Y)": -5.550338,
        "Koordinat Longitude (X)": 105.230372,
        "Fungsi Bangunan": "Rumah Tinggal",
        "Klasifikasi": "Hunian",
        "Jumlah Lantai": 1,
        "Material Dominan": "Pasang Bata",
        "Sistem Stuktur Tampak": "Rangka Beton Bertulang",
        "Tipe Atap": "Pelana",
        "Material Penutup Atap": "Genteng",
        "Dinding Luar": "Bata Ekspos",
        "Kondisi Visual": "Baik",
        "Kode Material": "MCF (batu bata bertulang)",
        "Kode Sistem Struktur": "LFINF",
        "Tingkat Keyakinan": "Tinggi",
        "Dokumetasi": null,
        "Kode Fungsi": "F01",
        "Klasifikasi Fungsi": "Hunian",
        "KODE MATERIAL": "MCF",
        "KODE SISTEM STRUKTUR": "LFINF",
        "KODE TIPE ATAP": "RSH2",
        "KODE MATERIAL PENUTUP ATAP": "RMT1",
        "KODE DINDING LUAR": "EWMA",
        "KODE KONDISI VISUAL ": "CV1",
        "JUMLAH LANTAI": "HEX:1",
        "TAKSONOMI": "MCF/LFINF/RSH2/RMT1/EWMA/CV1/HEX:1",
        "KODE SIGKAT": "MCF \\LFINF\\HEX:1",
        "LUAS_M2": 232.718853864,
        "Koefisien": 1.0,
        "Nilai Exposure": 1168248646.39728,
        "Klasifikasi Rentang Exposure": "> Rp1.136.724.268,30 - Rp1.856.590.180,23",
        "koreksi_koordinat": "TIDAK"
      },
      "geometry": {
        "type": "Point",
        "coordinates": [
          105.230372,
          -5.550338
        ]
      }
    },
    {
      "type": "Feature",
      "properties": {
        "Nomor": 157,
        "NO": 157,
        "ID Bangunan": "SDI-B81-081",
        "Blok": "B",
        "Koordinat Latitude (Y)": -5.550531,
        "Koordinat Longitude (X)": 105.230542,
        "Fungsi Bangunan": "Rumah Tinggal",
        "Klasifikasi": "Hunian",
        "Jumlah Lantai": 1,
        "Material Dominan": "Beton Bertulang",
        "Sistem Stuktur Tampak": "Rangka Beton Bertulang",
        "Tipe Atap": "Pelana",
        "Material Penutup Atap": "Genteng dan Asbes",
        "Dinding Luar": "Bata Plaster",
        "Kondisi Visual": "Baik",
        "Kode Material": "MCF (batu bata bertulang)",
        "Kode Sistem Struktur": "LFINF",
        "Tingkat Keyakinan": "Tinggi",
        "Dokumetasi": null,
        "Kode Fungsi": "F01",
        "Klasifikasi Fungsi": "Hunian",
        "KODE MATERIAL": "MCF",
        "KODE SISTEM STRUKTUR": "LFINF",
        "KODE TIPE ATAP": "RSH2",
        "KODE MATERIAL PENUTUP ATAP": "RMT1+RMT6",
        "KODE DINDING LUAR": "EWMA",
        "KODE KONDISI VISUAL ": "CV1",
        "JUMLAH LANTAI": "HEX:1",
        "TAKSONOMI": "MCF/LFINF/RSH2/RMT1+RMT6/EWMA/CV1/HEX:1",
        "KODE SIGKAT": "MCF \\LFINF\\HEX:1",
        "LUAS_M2": 106.157310208,
        "Koefisien": 1.0,
        "Nilai Exposure": 532909697.24416,
        "Klasifikasi Rentang Exposure": "Rp14.611.983,05 - Rp638.909.581,39",
        "koreksi_koordinat": "TIDAK"
      },
      "geometry": {
        "type": "Point",
        "coordinates": [
          105.230542,
          -5.550531
        ]
      }
    },
    {
      "type": "Feature",
      "properties": {
        "Nomor": 158,
        "NO": 158,
        "ID Bangunan": "SDI-B82-082",
        "Blok": "B",
        "Koordinat Latitude (Y)": -5.550586,
        "Koordinat Longitude (X)": 105.230647,
        "Fungsi Bangunan": "Rumah Tinggal",
        "Klasifikasi": "Hunian",
        "Jumlah Lantai": 1,
        "Material Dominan": "Pasang Bata",
        "Sistem Stuktur Tampak": "Rangka Beton Bertulang",
        "Tipe Atap": "Limasan",
        "Material Penutup Atap": "Genteng",
        "Dinding Luar": "Bata Plaster",
        "Kondisi Visual": "Baik",
        "Kode Material": "MCF (batu bata bertulang)",
        "Kode Sistem Struktur": "LFINF",
        "Tingkat Keyakinan": "Tinggi",
        "Dokumetasi": null,
        "Kode Fungsi": "F01",
        "Klasifikasi Fungsi": "Hunian",
        "KODE MATERIAL": "MCF",
        "KODE SISTEM STRUKTUR": "LFINF",
        "KODE TIPE ATAP": "RSH3",
        "KODE MATERIAL PENUTUP ATAP": "RMT1",
        "KODE DINDING LUAR": "EWMA",
        "KODE KONDISI VISUAL ": "CV1",
        "JUMLAH LANTAI": "HEX:1",
        "TAKSONOMI": "MCF/LFINF/RSH3/RMT1/EWMA/CV1/HEX:1",
        "KODE SIGKAT": "MCF \\LFINF\\HEX:1",
        "LUAS_M2": 152.670942765,
        "Koefisien": 1.0,
        "Nilai Exposure": 766408132.6803,
        "Klasifikasi Rentang Exposure": "> Rp638.909.581,39 - Rp1.136.724.268,30",
        "koreksi_koordinat": "TIDAK"
      },
      "geometry": {
        "type": "Point",
        "coordinates": [
          105.230647,
          -5.550586
        ]
      }
    },
    {
      "type": "Feature",
      "properties": {
        "Nomor": 159,
        "NO": 159,
        "ID Bangunan": "SDI-B83-083",
        "Blok": "B",
        "Koordinat Latitude (Y)": -5.550443,
        "Koordinat Longitude (X)": 105.230895,
        "Fungsi Bangunan": "Rumah Tinggal",
        "Klasifikasi": "Hunian",
        "Jumlah Lantai": 1,
        "Material Dominan": "Pasang Bata",
        "Sistem Stuktur Tampak": "Rangka Beton Bertulang",
        "Tipe Atap": "Pelana",
        "Material Penutup Atap": "Genteng",
        "Dinding Luar": "Bata Ekspos",
        "Kondisi Visual": "Baik",
        "Kode Material": "MUR (batu bata tanpa tulang)",
        "Kode Sistem Struktur": "LWAL",
        "Tingkat Keyakinan": "Tinggi",
        "Dokumetasi": null,
        "Kode Fungsi": "F01",
        "Klasifikasi Fungsi": "Hunian",
        "KODE MATERIAL": "MUR",
        "KODE SISTEM STRUKTUR": "LWAL",
        "KODE TIPE ATAP": "RSH2",
        "KODE MATERIAL PENUTUP ATAP": "RMT1",
        "KODE DINDING LUAR": "EWMA",
        "KODE KONDISI VISUAL ": "CV1",
        "JUMLAH LANTAI": "HEX:1",
        "TAKSONOMI": "MUR/LWAL/RSH2/RMT1/EWMA/CV1/HEX:1",
        "KODE SIGKAT": "MUR \\LWAL\\HEX:1",
        "LUAS_M2": 189.550226475,
        "Koefisien": 1.0,
        "Nilai Exposure": 951542136.9044999,
        "Klasifikasi Rentang Exposure": "> Rp638.909.581,39 - Rp1.136.724.268,30",
        "koreksi_koordinat": "TIDAK"
      },
      "geometry": {
        "type": "Point",
        "coordinates": [
          105.230895,
          -5.550443
        ]
      }
    },
    {
      "type": "Feature",
      "properties": {
        "Nomor": 160,
        "NO": 160,
        "ID Bangunan": "SDI-B84-084",
        "Blok": "B",
        "Koordinat Latitude (Y)": -5.55088,
        "Koordinat Longitude (X)": 105.23073,
        "Fungsi Bangunan": "Rumah Tinggal",
        "Klasifikasi": "Hunian",
        "Jumlah Lantai": 1,
        "Material Dominan": "Pasang Bata",
        "Sistem Stuktur Tampak": "Rangka Beton Bertulang",
        "Tipe Atap": "Limasan",
        "Material Penutup Atap": "Genteng",
        "Dinding Luar": "Bata Plaster",
        "Kondisi Visual": "Baik",
        "Kode Material": "MCF (batu bata bertulang)",
        "Kode Sistem Struktur": "LFINF",
        "Tingkat Keyakinan": "Tinggi",
        "Dokumetasi": null,
        "Kode Fungsi": "F01",
        "Klasifikasi Fungsi": "Hunian",
        "KODE MATERIAL": "MCF",
        "KODE SISTEM STRUKTUR": "LFINF",
        "KODE TIPE ATAP": "RSH3",
        "KODE MATERIAL PENUTUP ATAP": "RMT1",
        "KODE DINDING LUAR": "EWMA",
        "KODE KONDISI VISUAL ": "CV1",
        "JUMLAH LANTAI": "HEX:1",
        "TAKSONOMI": "MCF/LFINF/RSH3/RMT1/EWMA/CV1/HEX:1",
        "KODE SIGKAT": "MCF \\LFINF\\HEX:1",
        "LUAS_M2": 247.773469785,
        "Koefisien": 1.0,
        "Nilai Exposure": 1243822818.3207,
        "Klasifikasi Rentang Exposure": "> Rp1.136.724.268,30 - Rp1.856.590.180,23",
        "koreksi_koordinat": "TIDAK"
      },
      "geometry": {
        "type": "Point",
        "coordinates": [
          105.23073,
          -5.55088
        ]
      }
    },
    {
      "type": "Feature",
      "properties": {
        "Nomor": 161,
        "NO": 161,
        "ID Bangunan": "SDI-B85-085",
        "Blok": "B",
        "Koordinat Latitude (Y)": -5.550696,
        "Koordinat Longitude (X)": 105.231088,
        "Fungsi Bangunan": "Rumah Tinggal",
        "Klasifikasi": "Hunian",
        "Jumlah Lantai": 1,
        "Material Dominan": "Pasang Bata",
        "Sistem Stuktur Tampak": "Dinding Pemikul",
        "Tipe Atap": "Pelana",
        "Material Penutup Atap": "Seng",
        "Dinding Luar": "Bata Plaster",
        "Kondisi Visual": "Baik",
        "Kode Material": "MUR (batu bata tanpa tulang)",
        "Kode Sistem Struktur": "LFINF",
        "Tingkat Keyakinan": "Tinggi",
        "Dokumetasi": null,
        "Kode Fungsi": "F01",
        "Klasifikasi Fungsi": "Hunian",
        "KODE MATERIAL": "MUR",
        "KODE SISTEM STRUKTUR": "LFINF",
        "KODE TIPE ATAP": "RSH2",
        "KODE MATERIAL PENUTUP ATAP": "RMT2",
        "KODE DINDING LUAR": "EWMA",
        "KODE KONDISI VISUAL ": "CV1",
        "JUMLAH LANTAI": "HEX:1",
        "TAKSONOMI": "MUR/LFINF/RSH2/RMT2/EWMA/CV1/HEX:1",
        "KODE SIGKAT": "MUR \\LFINF\\HEX:1",
        "LUAS_M2": 69.7196695485,
        "Koefisien": 1.0,
        "Nilai Exposure": 349992741.13346994,
        "Klasifikasi Rentang Exposure": "Rp14.611.983,05 - Rp638.909.581,39",
        "koreksi_koordinat": "TIDAK"
      },
      "geometry": {
        "type": "Point",
        "coordinates": [
          105.231088,
          -5.550696
        ]
      }
    },
    {
      "type": "Feature",
      "properties": {
        "Nomor": 162,
        "NO": 162,
        "ID Bangunan": "SDI-B86-086",
        "Blok": "B",
        "Koordinat Latitude (Y)": -5.5506,
        "Koordinat Longitude (X)": 105.230955,
        "Fungsi Bangunan": "Rumah Tinggal",
        "Klasifikasi": "Hunian",
        "Jumlah Lantai": 1,
        "Material Dominan": "Pasang Bata",
        "Sistem Stuktur Tampak": "Dinding Pemikul",
        "Tipe Atap": "Pelana",
        "Material Penutup Atap": "Seng",
        "Dinding Luar": "Bata Plaster",
        "Kondisi Visual": "Baik",
        "Kode Material": "MUR (batu bata tanpa tulang)",
        "Kode Sistem Struktur": "LWAL",
        "Tingkat Keyakinan": "Tinggi",
        "Dokumetasi": null,
        "Kode Fungsi": "F01",
        "Klasifikasi Fungsi": "Hunian",
        "KODE MATERIAL": "MUR",
        "KODE SISTEM STRUKTUR": "LWAL",
        "KODE TIPE ATAP": "RSH2",
        "KODE MATERIAL PENUTUP ATAP": "RMT2",
        "KODE DINDING LUAR": "EWMA",
        "KODE KONDISI VISUAL ": "CV1",
        "JUMLAH LANTAI": "HEX:1",
        "TAKSONOMI": "MUR/LWAL/RSH2/RMT2/EWMA/CV1/HEX:1",
        "KODE SIGKAT": "MUR \\LWAL\\HEX:1",
        "LUAS_M2": 227.611758104,
        "Koefisien": 1.0,
        "Nilai Exposure": 1142611025.68208,
        "Klasifikasi Rentang Exposure": "> Rp1.136.724.268,30 - Rp1.856.590.180,23",
        "koreksi_koordinat": "TIDAK"
      },
      "geometry": {
        "type": "Point",
        "coordinates": [
          105.230955,
          -5.5506
        ]
      }
    },
    {
      "type": "Feature",
      "properties": {
        "Nomor": 163,
        "NO": 163,
        "ID Bangunan": "SDI-B87-087",
        "Blok": "B",
        "Koordinat Latitude (Y)": -5.55088,
        "Koordinat Longitude (X)": 105.231152,
        "Fungsi Bangunan": "Rumah Tinggal",
        "Klasifikasi": "Hunian",
        "Jumlah Lantai": 1,
        "Material Dominan": "Pasang Bata",
        "Sistem Stuktur Tampak": "Dinding Pemikul",
        "Tipe Atap": "Pelana",
        "Material Penutup Atap": "Genteng",
        "Dinding Luar": "Bata Plaster",
        "Kondisi Visual": "Baik",
        "Kode Material": "MUR (batu bata tanpa tulang)",
        "Kode Sistem Struktur": "LWAL",
        "Tingkat Keyakinan": "Tinggi",
        "Dokumetasi": null,
        "Kode Fungsi": "F01",
        "Klasifikasi Fungsi": "Hunian",
        "KODE MATERIAL": "MUR",
        "KODE SISTEM STRUKTUR": "LWAL",
        "KODE TIPE ATAP": "RSH2",
        "KODE MATERIAL PENUTUP ATAP": "RMT1",
        "KODE DINDING LUAR": "EWMA",
        "KODE KONDISI VISUAL ": "CV1",
        "JUMLAH LANTAI": "HEX:1",
        "TAKSONOMI": "MUR/LWAL/RSH2/RMT1/EWMA/CV1/HEX:1",
        "KODE SIGKAT": "MUR \\LWAL\\HEX:1",
        "LUAS_M2": 165.191503896,
        "Koefisien": 1.0,
        "Nilai Exposure": 829261349.55792,
        "Klasifikasi Rentang Exposure": "> Rp638.909.581,39 - Rp1.136.724.268,30",
        "koreksi_koordinat": "TIDAK"
      },
      "geometry": {
        "type": "Point",
        "coordinates": [
          105.231152,
          -5.55088
        ]
      }
    },
    {
      "type": "Feature",
      "properties": {
        "Nomor": 164,
        "NO": 164,
        "ID Bangunan": "SDI-B89-089",
        "Blok": "B",
        "Koordinat Latitude (Y)": -5.55105,
        "Koordinat Longitude (X)": 105.231189,
        "Fungsi Bangunan": "Rumah Tinggal",
        "Klasifikasi": "Hunian",
        "Jumlah Lantai": 1,
        "Material Dominan": "Pasang Bata",
        "Sistem Stuktur Tampak": "Dinding Pemikul",
        "Tipe Atap": "Limasan",
        "Material Penutup Atap": "Genteng",
        "Dinding Luar": "Bata Plaster",
        "Kondisi Visual": "Baik",
        "Kode Material": "MUR (batu bata tanpa tulang)",
        "Kode Sistem Struktur": "LWAL",
        "Tingkat Keyakinan": "Tinggi",
        "Dokumetasi": null,
        "Kode Fungsi": "F01",
        "Klasifikasi Fungsi": "Hunian",
        "KODE MATERIAL": "MUR",
        "KODE SISTEM STRUKTUR": "LWAL",
        "KODE TIPE ATAP": "RSH3",
        "KODE MATERIAL PENUTUP ATAP": "RMT1",
        "KODE DINDING LUAR": "EWMA",
        "KODE KONDISI VISUAL ": "CV1",
        "JUMLAH LANTAI": "HEX:1",
        "TAKSONOMI": "MUR/LWAL/RSH3/RMT1/EWMA/CV1/HEX:1",
        "KODE SIGKAT": "MUR \\LWAL\\HEX:1",
        "LUAS_M2": 345.301652041,
        "Koefisien": 1.0,
        "Nilai Exposure": 1733414293.24582,
        "Klasifikasi Rentang Exposure": "> Rp1.136.724.268,30 - Rp1.856.590.180,23",
        "koreksi_koordinat": "TIDAK"
      },
      "geometry": {
        "type": "Point",
        "coordinates": [
          105.231189,
          -5.55105
        ]
      }
    },
    {
      "type": "Feature",
      "properties": {
        "Nomor": 165,
        "NO": 165,
        "ID Bangunan": "SDI-B90-090",
        "Blok": "B",
        "Koordinat Latitude (Y)": -5.551156,
        "Koordinat Longitude (X)": 105.231001,
        "Fungsi Bangunan": "Rumah Tinggal",
        "Klasifikasi": "Hunian",
        "Jumlah Lantai": 1,
        "Material Dominan": "Beton Bertulang",
        "Sistem Stuktur Tampak": "Rangka Beton Bertulang",
        "Tipe Atap": "Pelana",
        "Material Penutup Atap": "Seng",
        "Dinding Luar": "Bata Plaster",
        "Kondisi Visual": "Baik",
        "Kode Material": "MCF (batu bata bertulang)",
        "Kode Sistem Struktur": "LFINF",
        "Tingkat Keyakinan": "Tinggi",
        "Dokumetasi": null,
        "Kode Fungsi": "F01",
        "Klasifikasi Fungsi": "Hunian",
        "KODE MATERIAL": "MCF",
        "KODE SISTEM STRUKTUR": "LFINF",
        "KODE TIPE ATAP": "RSH2",
        "KODE MATERIAL PENUTUP ATAP": "RMT2",
        "KODE DINDING LUAR": "EWMA",
        "KODE KONDISI VISUAL ": "CV1",
        "JUMLAH LANTAI": "HEX:1",
        "TAKSONOMI": "MCF/LFINF/RSH2/RMT2/EWMA/CV1/HEX:1",
        "KODE SIGKAT": "MCF \\LFINF\\HEX:1",
        "LUAS_M2": 185.938636855,
        "Koefisien": 1.0,
        "Nilai Exposure": 933411957.0121,
        "Klasifikasi Rentang Exposure": "> Rp638.909.581,39 - Rp1.136.724.268,30",
        "koreksi_koordinat": "TIDAK"
      },
      "geometry": {
        "type": "Point",
        "coordinates": [
          105.231001,
          -5.551156
        ]
      }
    },
    {
      "type": "Feature",
      "properties": {
        "Nomor": 166,
        "NO": 166,
        "ID Bangunan": "SDI-B91-091",
        "Blok": "B",
        "Koordinat Latitude (Y)": -5.551073,
        "Koordinat Longitude (X)": 105.230891,
        "Fungsi Bangunan": "Rumah Tinggal",
        "Klasifikasi": "Hunian",
        "Jumlah Lantai": 1,
        "Material Dominan": "Pasang Bata",
        "Sistem Stuktur Tampak": "Rangka Beton Bertulang",
        "Tipe Atap": "Pelana",
        "Material Penutup Atap": "Seng",
        "Dinding Luar": "Bata Ekspos",
        "Kondisi Visual": "Baik",
        "Kode Material": "MCF (batu bata bertulang)",
        "Kode Sistem Struktur": "LFINF",
        "Tingkat Keyakinan": "Tinggi",
        "Dokumetasi": null,
        "Kode Fungsi": "F01",
        "Klasifikasi Fungsi": "Hunian",
        "KODE MATERIAL": "MCF",
        "KODE SISTEM STRUKTUR": "LFINF",
        "KODE TIPE ATAP": "RSH2",
        "KODE MATERIAL PENUTUP ATAP": "RMT2",
        "KODE DINDING LUAR": "EWMA",
        "KODE KONDISI VISUAL ": "CV1",
        "JUMLAH LANTAI": "HEX:1",
        "TAKSONOMI": "MCF/LFINF/RSH2/RMT2/EWMA/CV1/HEX:1",
        "KODE SIGKAT": "MCF \\LFINF\\HEX:1",
        "LUAS_M2": 308.949894584,
        "Koefisien": 1.0,
        "Nilai Exposure": 1550928470.81168,
        "Klasifikasi Rentang Exposure": "> Rp1.136.724.268,30 - Rp1.856.590.180,23",
        "koreksi_koordinat": "TIDAK"
      },
      "geometry": {
        "type": "Point",
        "coordinates": [
          105.230891,
          -5.551073
        ]
      }
    },
    {
      "type": "Feature",
      "properties": {
        "Nomor": 167,
        "NO": 167,
        "ID Bangunan": "SDI-B92-092",
        "Blok": "B",
        "Koordinat Latitude (Y)": -5.551282,
        "Koordinat Longitude (X)": 105.23106,
        "Fungsi Bangunan": "Rumah Tinggal",
        "Klasifikasi": "Hunian",
        "Jumlah Lantai": 1,
        "Material Dominan": "Pasang Bata",
        "Sistem Stuktur Tampak": "Dinding Pemikul",
        "Tipe Atap": "Pelana",
        "Material Penutup Atap": "Genteng",
        "Dinding Luar": "Bata Plaster",
        "Kondisi Visual": "Baik",
        "Kode Material": "MUR (batu bata tanpa tulang)",
        "Kode Sistem Struktur": "LWAL",
        "Tingkat Keyakinan": "Tinggi",
        "Dokumetasi": null,
        "Kode Fungsi": "F01",
        "Klasifikasi Fungsi": "Hunian",
        "KODE MATERIAL": "MUR",
        "KODE SISTEM STRUKTUR": "LWAL",
        "KODE TIPE ATAP": "RSH2",
        "KODE MATERIAL PENUTUP ATAP": "RMT1",
        "KODE DINDING LUAR": "EWMA",
        "KODE KONDISI VISUAL ": "CV1",
        "JUMLAH LANTAI": "HEX:1",
        "TAKSONOMI": "MUR/LWAL/RSH2/RMT1/EWMA/CV1/HEX:1",
        "KODE SIGKAT": "MUR \\LWAL\\HEX:1",
        "LUAS_M2": 181.555550465,
        "Koefisien": 1.0,
        "Nilai Exposure": 911408863.3343,
        "Klasifikasi Rentang Exposure": "> Rp638.909.581,39 - Rp1.136.724.268,30",
        "koreksi_koordinat": "TIDAK"
      },
      "geometry": {
        "type": "Point",
        "coordinates": [
          105.23106,
          -5.551282
        ]
      }
    },
    {
      "type": "Feature",
      "properties": {
        "Nomor": 168,
        "NO": 168,
        "ID Bangunan": "SDI-B93-093",
        "Blok": "B",
        "Koordinat Latitude (Y)": -5.551174,
        "Koordinat Longitude (X)": 105.231376,
        "Fungsi Bangunan": "Rumah Tinggal",
        "Klasifikasi": "Hunian",
        "Jumlah Lantai": 1,
        "Material Dominan": "Pasang Bata",
        "Sistem Stuktur Tampak": "Rangka Beton Bertulang",
        "Tipe Atap": "Pelana",
        "Material Penutup Atap": "Genteng",
        "Dinding Luar": "Bata Plaster",
        "Kondisi Visual": "Baik",
        "Kode Material": "MCF (batu bata bertulang)",
        "Kode Sistem Struktur": "LFINF",
        "Tingkat Keyakinan": "Tinggi",
        "Dokumetasi": null,
        "Kode Fungsi": "F01",
        "Klasifikasi Fungsi": "Hunian",
        "KODE MATERIAL": "MCF",
        "KODE SISTEM STRUKTUR": "LFINF",
        "KODE TIPE ATAP": "RSH2",
        "KODE MATERIAL PENUTUP ATAP": "RMT1",
        "KODE DINDING LUAR": "EWMA",
        "KODE KONDISI VISUAL ": "CV1",
        "JUMLAH LANTAI": "HEX:1",
        "TAKSONOMI": "MCF/LFINF/RSH2/RMT1/EWMA/CV1/HEX:1",
        "KODE SIGKAT": "MCF \\LFINF\\HEX:1",
        "LUAS_M2": 228.016920934,
        "Koefisien": 1.09,
        "Nilai Exposure": 1247662987.9666612,
        "Klasifikasi Rentang Exposure": "> Rp1.136.724.268,30 - Rp1.856.590.180,23",
        "koreksi_koordinat": "TIDAK"
      },
      "geometry": {
        "type": "Point",
        "coordinates": [
          105.231376,
          -5.551174
        ]
      }
    },
    {
      "type": "Feature",
      "properties": {
        "Nomor": 169,
        "NO": 169,
        "ID Bangunan": "SDI-B94-094",
        "Blok": "B",
        "Koordinat Latitude (Y)": -5.551312,
        "Koordinat Longitude (X)": 105.23145,
        "Fungsi Bangunan": "Rumah Tinggal",
        "Klasifikasi": "Hunian",
        "Jumlah Lantai": 2,
        "Material Dominan": "Pasang Bata",
        "Sistem Stuktur Tampak": "Rangka Beton Bertulang",
        "Tipe Atap": "Limasan",
        "Material Penutup Atap": "Asbes",
        "Dinding Luar": "Bata Ekspos",
        "Kondisi Visual": "Baik",
        "Kode Material": "MCF (batu bata bertulang)",
        "Kode Sistem Struktur": "LFINF",
        "Tingkat Keyakinan": "Tinggi",
        "Dokumetasi": null,
        "Kode Fungsi": "F01",
        "Klasifikasi Fungsi": "Hunian",
        "KODE MATERIAL": "MCF",
        "KODE SISTEM STRUKTUR": "LFINF",
        "KODE TIPE ATAP": "RSH3",
        "KODE MATERIAL PENUTUP ATAP": "RMT6",
        "KODE DINDING LUAR": "EWMA",
        "KODE KONDISI VISUAL ": "CV1",
        "JUMLAH LANTAI": "HEX:2",
        "TAKSONOMI": "MCF/LFINF/RSH3/RMT6/EWMA/CV1/HEX:2",
        "KODE SIGKAT": "MCF \\LFINF\\HEX:2",
        "LUAS_M2": 168.155266215,
        "Koefisien": 1.0,
        "Nilai Exposure": 844139436.3993001,
        "Klasifikasi Rentang Exposure": "> Rp638.909.581,39 - Rp1.136.724.268,30",
        "koreksi_koordinat": "TIDAK"
      },
      "geometry": {
        "type": "Point",
        "coordinates": [
          105.23145,
          -5.551312
        ]
      }
    },
    {
      "type": "Feature",
      "properties": {
        "Nomor": 170,
        "NO": 170,
        "ID Bangunan": "SDI-C34-034",
        "Blok": "C",
        "Koordinat Latitude (Y)": -5.553458,
        "Koordinat Longitude (X)": 105.237164,
        "Fungsi Bangunan": "Rumah Tinggal",
        "Klasifikasi": "Hunian",
        "Jumlah Lantai": 1,
        "Material Dominan": "Pasang Bata",
        "Sistem Stuktur Tampak": "Dinding Pemikul",
        "Tipe Atap": "Kombinasi",
        "Material Penutup Atap": "Genteng",
        "Dinding Luar": "Bata Plaster",
        "Kondisi Visual": "Sedang",
        "Kode Material": "MUR (batu bata tanpa tulang)",
        "Kode Sistem Struktur": "LWAL",
        "Tingkat Keyakinan": "Tinggi",
        "Dokumetasi": null,
        "Kode Fungsi": "F01",
        "Klasifikasi Fungsi": "Hunian",
        "KODE MATERIAL": "MUR",
        "KODE SISTEM STRUKTUR": "LWAL",
        "KODE TIPE ATAP": "RSH8",
        "KODE MATERIAL PENUTUP ATAP": "RMT1",
        "KODE DINDING LUAR": "EWMA",
        "KODE KONDISI VISUAL ": "CV2",
        "JUMLAH LANTAI": "HEX:1",
        "TAKSONOMI": "MUR/LWAL/RSH8/RMT1/EWMA/CV2/HEX:1",
        "KODE SIGKAT": "MUR \\LWAL\\HEX:1",
        "LUAS_M2": 143.929101207,
        "Koefisien": 1.0,
        "Nilai Exposure": 722524088.05914,
        "Klasifikasi Rentang Exposure": "> Rp638.909.581,39 - Rp1.136.724.268,30",
        "koreksi_koordinat": "TIDAK"
      },
      "geometry": {
        "type": "Point",
        "coordinates": [
          105.237164,
          -5.553458
        ]
      }
    },
    {
      "type": "Feature",
      "properties": {
        "Nomor": 171,
        "NO": 171,
        "ID Bangunan": "SDI-C35-035",
        "Blok": "C",
        "Koordinat Latitude (Y)": -5.553348,
        "Koordinat Longitude (X)": 105.237265,
        "Fungsi Bangunan": "Rumah Tinggal",
        "Klasifikasi": "Hunian",
        "Jumlah Lantai": 1,
        "Material Dominan": "Pasang Bata",
        "Sistem Stuktur Tampak": "Rangka Beton Bertulang",
        "Tipe Atap": "Pelana",
        "Material Penutup Atap": "Genteng",
        "Dinding Luar": "Bata Plaster",
        "Kondisi Visual": "Sedang",
        "Kode Material": "MCF (batu bata bertulang)",
        "Kode Sistem Struktur": "LFINF",
        "Tingkat Keyakinan": "Tinggi",
        "Dokumetasi": null,
        "Kode Fungsi": "F01",
        "Klasifikasi Fungsi": "Hunian",
        "KODE MATERIAL": "MCF",
        "KODE SISTEM STRUKTUR": "LFINF",
        "KODE TIPE ATAP": "RSH2",
        "KODE MATERIAL PENUTUP ATAP": "RMT1",
        "KODE DINDING LUAR": "EWMA",
        "KODE KONDISI VISUAL ": "CV2",
        "JUMLAH LANTAI": "HEX:1",
        "TAKSONOMI": "MCF/LFINF/RSH2/RMT1/EWMA/CV2/HEX:1",
        "KODE SIGKAT": "MCF \\LFINF\\HEX:1",
        "LUAS_M2": 128.554795318,
        "Koefisien": 1.0,
        "Nilai Exposure": 645345072.4963601,
        "Klasifikasi Rentang Exposure": "> Rp638.909.581,39 - Rp1.136.724.268,30",
        "koreksi_koordinat": "TIDAK"
      },
      "geometry": {
        "type": "Point",
        "coordinates": [
          105.237265,
          -5.553348
        ]
      }
    },
    {
      "type": "Feature",
      "properties": {
        "Nomor": 172,
        "NO": 172,
        "ID Bangunan": "SDI-C36-036",
        "Blok": "C",
        "Koordinat Latitude (Y)": -5.553357,
        "Koordinat Longitude (X)": 105.237494,
        "Fungsi Bangunan": "Rumah Tinggal",
        "Klasifikasi": "Hunian",
        "Jumlah Lantai": 1,
        "Material Dominan": "Pasang Bata",
        "Sistem Stuktur Tampak": "Rangka Beton Bertulang",
        "Tipe Atap": "Pelana",
        "Material Penutup Atap": "Genteng",
        "Dinding Luar": "Bata Plaster",
        "Kondisi Visual": "Sedang",
        "Kode Material": "MCF (batu bata bertulang)",
        "Kode Sistem Struktur": "LFINF",
        "Tingkat Keyakinan": "Tinggi",
        "Dokumetasi": null,
        "Kode Fungsi": "F01",
        "Klasifikasi Fungsi": "Hunian",
        "KODE MATERIAL": "MCF",
        "KODE SISTEM STRUKTUR": "LFINF",
        "KODE TIPE ATAP": "RSH2",
        "KODE MATERIAL PENUTUP ATAP": "RMT1",
        "KODE DINDING LUAR": "EWMA",
        "KODE KONDISI VISUAL ": "CV2",
        "JUMLAH LANTAI": "HEX:1",
        "TAKSONOMI": "MCF/LFINF/RSH2/RMT1/EWMA/CV2/HEX:1",
        "KODE SIGKAT": "MCF \\LFINF\\HEX:1",
        "LUAS_M2": 180.929549535,
        "Koefisien": 1.0,
        "Nilai Exposure": 908266338.6657001,
        "Klasifikasi Rentang Exposure": "> Rp638.909.581,39 - Rp1.136.724.268,30",
        "koreksi_koordinat": "TIDAK"
      },
      "geometry": {
        "type": "Point",
        "coordinates": [
          105.237494,
          -5.553357
        ]
      }
    },
    {
      "type": "Feature",
      "properties": {
        "Nomor": 173,
        "NO": 173,
        "ID Bangunan": "SDI-C37-037",
        "Blok": "C",
        "Koordinat Latitude (Y)": -5.553196,
        "Koordinat Longitude (X)": 105.237384,
        "Fungsi Bangunan": "Rumah Tinggal",
        "Klasifikasi": "Hunian",
        "Jumlah Lantai": 1,
        "Material Dominan": "Pasang Bata",
        "Sistem Stuktur Tampak": "Rangka Beton Bertulang",
        "Tipe Atap": "Kombinasi",
        "Material Penutup Atap": "Genteng",
        "Dinding Luar": "Bata Ekspos",
        "Kondisi Visual": "Sedang Dibangun",
        "Kode Material": "MCF (batu bata bertulang)",
        "Kode Sistem Struktur": "LFINF",
        "Tingkat Keyakinan": "Tinggi",
        "Dokumetasi": null,
        "Kode Fungsi": "F01",
        "Klasifikasi Fungsi": "Hunian",
        "KODE MATERIAL": "MCF",
        "KODE SISTEM STRUKTUR": "LFINF",
        "KODE TIPE ATAP": "RSH8",
        "KODE MATERIAL PENUTUP ATAP": "RMT1",
        "KODE DINDING LUAR": "EWMA",
        "KODE KONDISI VISUAL ": "CV5",
        "JUMLAH LANTAI": "HEX:1",
        "TAKSONOMI": "MCF/LFINF/RSH8/RMT1/EWMA/CV5/HEX:1",
        "KODE SIGKAT": "MCF \\LFINF\\HEX:1",
        "LUAS_M2": 133.088577291,
        "Koefisien": 1.0,
        "Nilai Exposure": 668104658.00082,
        "Klasifikasi Rentang Exposure": "> Rp638.909.581,39 - Rp1.136.724.268,30",
        "koreksi_koordinat": "TIDAK"
      },
      "geometry": {
        "type": "Point",
        "coordinates": [
          105.237384,
          -5.553196
        ]
      }
    },
    {
      "type": "Feature",
      "properties": {
        "Nomor": 174,
        "NO": 174,
        "ID Bangunan": "SDI-C39-039",
        "Blok": "C",
        "Koordinat Latitude (Y)": -5.553077,
        "Koordinat Longitude (X)": 105.237233,
        "Fungsi Bangunan": "Rumah Tinggal",
        "Klasifikasi": "Hunian",
        "Jumlah Lantai": 1,
        "Material Dominan": "Pasang Bata",
        "Sistem Stuktur Tampak": "Rangka Beton Bertulang",
        "Tipe Atap": "Kombinasi",
        "Material Penutup Atap": "Genteng",
        "Dinding Luar": "Bata Plaster",
        "Kondisi Visual": "Sedang",
        "Kode Material": "MCF (batu bata bertulang)",
        "Kode Sistem Struktur": "LFINF",
        "Tingkat Keyakinan": "Tinggi",
        "Dokumetasi": null,
        "Kode Fungsi": "F01",
        "Klasifikasi Fungsi": "Hunian",
        "KODE MATERIAL": "MCF",
        "KODE SISTEM STRUKTUR": "LFINF",
        "KODE TIPE ATAP": "RSH8",
        "KODE MATERIAL PENUTUP ATAP": "RMT1",
        "KODE DINDING LUAR": "EWMA",
        "KODE KONDISI VISUAL ": "CV2",
        "JUMLAH LANTAI": "HEX:1",
        "TAKSONOMI": "MCF/LFINF/RSH8/RMT1/EWMA/CV2/HEX:1",
        "KODE SIGKAT": "MCF \\LFINF\\HEX:1",
        "LUAS_M2": 109.67606305,
        "Koefisien": 1.0,
        "Nilai Exposure": 550573836.511,
        "Klasifikasi Rentang Exposure": "Rp14.611.983,05 - Rp638.909.581,39",
        "koreksi_koordinat": "TIDAK"
      },
      "geometry": {
        "type": "Point",
        "coordinates": [
          105.237233,
          -5.553077
        ]
      }
    },
    {
      "type": "Feature",
      "properties": {
        "Nomor": 175,
        "NO": 175,
        "ID Bangunan": "SDI-C40-040",
        "Blok": "C",
        "Koordinat Latitude (Y)": -5.552929,
        "Koordinat Longitude (X)": 105.237499,
        "Fungsi Bangunan": "Rumah Tinggal",
        "Klasifikasi": "Hunian",
        "Jumlah Lantai": 1,
        "Material Dominan": "Pasang Bata",
        "Sistem Stuktur Tampak": "Rangka Beton Bertulang",
        "Tipe Atap": "Pelana",
        "Material Penutup Atap": "Genteng",
        "Dinding Luar": "Campuran",
        "Kondisi Visual": "Sedang",
        "Kode Material": "MCF (batu bata bertulang)",
        "Kode Sistem Struktur": "LFINF",
        "Tingkat Keyakinan": "Tinggi",
        "Dokumetasi": null,
        "Kode Fungsi": "F01",
        "Klasifikasi Fungsi": "Hunian",
        "KODE MATERIAL": "MCF",
        "KODE SISTEM STRUKTUR": "LFINF",
        "KODE TIPE ATAP": "RSH2",
        "KODE MATERIAL PENUTUP ATAP": "RMT1",
        "KODE DINDING LUAR": "EWO",
        "KODE KONDISI VISUAL ": "CV2",
        "JUMLAH LANTAI": "HEX:1",
        "TAKSONOMI": "MCF/LFINF/RSH2/RMT1/EWO/CV2/HEX:1",
        "KODE SIGKAT": "MCF \\LFINF\\HEX:1",
        "LUAS_M2": 220.950610017,
        "Koefisien": 1.0,
        "Nilai Exposure": 1109172062.28534,
        "Klasifikasi Rentang Exposure": "> Rp638.909.581,39 - Rp1.136.724.268,30",
        "koreksi_koordinat": "TIDAK"
      },
      "geometry": {
        "type": "Point",
        "coordinates": [
          105.237499,
          -5.552929
        ]
      }
    },
    {
      "type": "Feature",
      "properties": {
        "Nomor": 176,
        "NO": 176,
        "ID Bangunan": "SDI-C41-041",
        "Blok": "C",
        "Koordinat Latitude (Y)": -5.553007,
        "Koordinat Longitude (X)": 105.237549,
        "Fungsi Bangunan": "Rumah Tinggal",
        "Klasifikasi": "Hunian",
        "Jumlah Lantai": 1,
        "Material Dominan": "Pasang Bata",
        "Sistem Stuktur Tampak": "Rangka Beton Bertulang",
        "Tipe Atap": "Pelana",
        "Material Penutup Atap": "Genteng",
        "Dinding Luar": "Campuran",
        "Kondisi Visual": "Sedang",
        "Kode Material": "MCF (batu bata bertulang)",
        "Kode Sistem Struktur": "LFINF",
        "Tingkat Keyakinan": "Tinggi",
        "Dokumetasi": null,
        "Kode Fungsi": "F01",
        "Klasifikasi Fungsi": "Hunian",
        "KODE MATERIAL": "MCF",
        "KODE SISTEM STRUKTUR": "LFINF",
        "KODE TIPE ATAP": "RSH2",
        "KODE MATERIAL PENUTUP ATAP": "RMT1",
        "KODE DINDING LUAR": "EWO",
        "KODE KONDISI VISUAL ": "CV2",
        "JUMLAH LANTAI": "HEX:1",
        "TAKSONOMI": "MCF/LFINF/RSH2/RMT1/EWO/CV2/HEX:1",
        "KODE SIGKAT": "MCF \\LFINF\\HEX:1",
        "LUAS_M2": 319.529912708,
        "Koefisien": 1.0,
        "Nilai Exposure": 1604040161.79416,
        "Klasifikasi Rentang Exposure": "> Rp1.136.724.268,30 - Rp1.856.590.180,23",
        "koreksi_koordinat": "TIDAK"
      },
      "geometry": {
        "type": "Point",
        "coordinates": [
          105.237549,
          -5.553007
        ]
      }
    },
    {
      "type": "Feature",
      "properties": {
        "Nomor": 177,
        "NO": 177,
        "ID Bangunan": "SDI-C42-042",
        "Blok": "C",
        "Koordinat Latitude (Y)": -5.552902,
        "Koordinat Longitude (X)": 105.237008,
        "Fungsi Bangunan": "Rumah Tinggal",
        "Klasifikasi": "Hunian",
        "Jumlah Lantai": 1,
        "Material Dominan": "Pasang Bata",
        "Sistem Stuktur Tampak": "Rangka Beton Bertulang",
        "Tipe Atap": "Kombinasi",
        "Material Penutup Atap": "Genteng",
        "Dinding Luar": "Campuran",
        "Kondisi Visual": "Baik",
        "Kode Material": "MCF (batu bata bertulang)",
        "Kode Sistem Struktur": "LFINF",
        "Tingkat Keyakinan": "Tinggi",
        "Dokumetasi": null,
        "Kode Fungsi": "F01",
        "Klasifikasi Fungsi": "Hunian",
        "KODE MATERIAL": "MCF",
        "KODE SISTEM STRUKTUR": "LFINF",
        "KODE TIPE ATAP": "RSH8",
        "KODE MATERIAL PENUTUP ATAP": "RMT1",
        "KODE DINDING LUAR": "EWO",
        "KODE KONDISI VISUAL ": "CV1",
        "JUMLAH LANTAI": "HEX:1",
        "TAKSONOMI": "MCF/LFINF/RSH8/RMT1/EWO/CV1/HEX:1",
        "KODE SIGKAT": "MCF \\LFINF\\HEX:1",
        "LUAS_M2": 208.891920023,
        "Koefisien": 1.0,
        "Nilai Exposure": 1048637438.51546,
        "Klasifikasi Rentang Exposure": "> Rp638.909.581,39 - Rp1.136.724.268,30",
        "koreksi_koordinat": "TIDAK"
      },
      "geometry": {
        "type": "Point",
        "coordinates": [
          105.237008,
          -5.552902
        ]
      }
    },
    {
      "type": "Feature",
      "properties": {
        "Nomor": 178,
        "NO": 178,
        "ID Bangunan": "SDI-C44-044",
        "Blok": "C",
        "Koordinat Latitude (Y)": -5.552801,
        "Koordinat Longitude (X)": 105.23737,
        "Fungsi Bangunan": "Rumah Tinggal",
        "Klasifikasi": "Hunian",
        "Jumlah Lantai": 1,
        "Material Dominan": "Pasang Bata",
        "Sistem Stuktur Tampak": "Rangka Beton Bertulang",
        "Tipe Atap": "Kombinasi",
        "Material Penutup Atap": "Genteng",
        "Dinding Luar": "Bata Plaster",
        "Kondisi Visual": "Sedang Dibangun",
        "Kode Material": "MCF (batu bata bertulang)",
        "Kode Sistem Struktur": "LFINF",
        "Tingkat Keyakinan": "Tinggi",
        "Dokumetasi": null,
        "Kode Fungsi": "F01",
        "Klasifikasi Fungsi": "Hunian",
        "KODE MATERIAL": "MCF",
        "KODE SISTEM STRUKTUR": "LFINF",
        "KODE TIPE ATAP": "RSH8",
        "KODE MATERIAL PENUTUP ATAP": "RMT1",
        "KODE DINDING LUAR": "EWMA",
        "KODE KONDISI VISUAL ": "CV5",
        "JUMLAH LANTAI": "HEX:1",
        "TAKSONOMI": "MCF/LFINF/RSH8/RMT1/EWMA/CV5/HEX:1",
        "KODE SIGKAT": "MCF \\LFINF\\HEX:1",
        "LUAS_M2": 200.441421849,
        "Koefisien": 1.0,
        "Nilai Exposure": 1006215937.68198,
        "Klasifikasi Rentang Exposure": "> Rp638.909.581,39 - Rp1.136.724.268,30",
        "koreksi_koordinat": "TIDAK"
      },
      "geometry": {
        "type": "Point",
        "coordinates": [
          105.23737,
          -5.552801
        ]
      }
    },
    {
      "type": "Feature",
      "properties": {
        "Nomor": 179,
        "NO": 179,
        "ID Bangunan": "SDI-C45-045",
        "Blok": "C",
        "Koordinat Latitude (Y)": -5.552621,
        "Koordinat Longitude (X)": 105.237223,
        "Fungsi Bangunan": "Rumah Tinggal",
        "Klasifikasi": "Hunian",
        "Jumlah Lantai": 1,
        "Material Dominan": "Pasang Bata",
        "Sistem Stuktur Tampak": "Rangka Beton Bertulang",
        "Tipe Atap": "Kombinasi",
        "Material Penutup Atap": "Genteng",
        "Dinding Luar": "Bata Plaster",
        "Kondisi Visual": "Baik",
        "Kode Material": "MCF (batu bata bertulang)",
        "Kode Sistem Struktur": "LFINF",
        "Tingkat Keyakinan": "Tinggi",
        "Dokumetasi": null,
        "Kode Fungsi": "F01",
        "Klasifikasi Fungsi": "Hunian",
        "KODE MATERIAL": "MCF",
        "KODE SISTEM STRUKTUR": "LFINF",
        "KODE TIPE ATAP": "RSH8",
        "KODE MATERIAL PENUTUP ATAP": "RMT1",
        "KODE DINDING LUAR": "EWMA",
        "KODE KONDISI VISUAL ": "CV1",
        "JUMLAH LANTAI": "HEX:1",
        "TAKSONOMI": "MCF/LFINF/RSH8/RMT1/EWMA/CV1/HEX:1",
        "KODE SIGKAT": "MCF \\LFINF\\HEX:1",
        "LUAS_M2": 129.16944461,
        "Koefisien": 1.0,
        "Nilai Exposure": 648430611.9422,
        "Klasifikasi Rentang Exposure": "> Rp638.909.581,39 - Rp1.136.724.268,30",
        "koreksi_koordinat": "TIDAK"
      },
      "geometry": {
        "type": "Point",
        "coordinates": [
          105.237223,
          -5.552621
        ]
      }
    },
    {
      "type": "Feature",
      "properties": {
        "Nomor": 180,
        "NO": 180,
        "ID Bangunan": "SDI-C46-046",
        "Blok": "C",
        "Koordinat Latitude (Y)": -5.552677,
        "Koordinat Longitude (X)": 105.237012,
        "Fungsi Bangunan": "Rumah Tinggal",
        "Klasifikasi": "Hunian",
        "Jumlah Lantai": 1,
        "Material Dominan": "Pasang Bata",
        "Sistem Stuktur Tampak": "Rangka Beton Bertulang",
        "Tipe Atap": "Kombinasi",
        "Material Penutup Atap": "Genteng",
        "Dinding Luar": "Bata Plaster",
        "Kondisi Visual": "Sedang",
        "Kode Material": "MCF (batu bata bertulang)",
        "Kode Sistem Struktur": "LFINF",
        "Tingkat Keyakinan": "Tinggi",
        "Dokumetasi": null,
        "Kode Fungsi": "F01",
        "Klasifikasi Fungsi": "Hunian",
        "KODE MATERIAL": "MCF",
        "KODE SISTEM STRUKTUR": "LFINF",
        "KODE TIPE ATAP": "RSH8",
        "KODE MATERIAL PENUTUP ATAP": "RMT1",
        "KODE DINDING LUAR": "EWMA",
        "KODE KONDISI VISUAL ": "CV2",
        "JUMLAH LANTAI": "HEX:1",
        "TAKSONOMI": "MCF/LFINF/RSH8/RMT1/EWMA/CV2/HEX:1",
        "KODE SIGKAT": "MCF \\LFINF\\HEX:1",
        "LUAS_M2": 132.72524117,
        "Koefisien": 1.0,
        "Nilai Exposure": 666280710.6734,
        "Klasifikasi Rentang Exposure": "> Rp638.909.581,39 - Rp1.136.724.268,30",
        "koreksi_koordinat": "TIDAK"
      },
      "geometry": {
        "type": "Point",
        "coordinates": [
          105.237012,
          -5.552677
        ]
      }
    },
    {
      "type": "Feature",
      "properties": {
        "Nomor": 181,
        "NO": 181,
        "ID Bangunan": "SDI-C47-047",
        "Blok": "C",
        "Koordinat Latitude (Y)": -5.552428,
        "Koordinat Longitude (X)": 105.237108,
        "Fungsi Bangunan": "Rumah Tinggal",
        "Klasifikasi": "Hunian",
        "Jumlah Lantai": 1,
        "Material Dominan": "Pasang Bata",
        "Sistem Stuktur Tampak": "Rangka Beton Bertulang",
        "Tipe Atap": "Pelana",
        "Material Penutup Atap": "Genteng",
        "Dinding Luar": "Bata Plaster",
        "Kondisi Visual": "Sedang",
        "Kode Material": "MCF (batu bata bertulang)",
        "Kode Sistem Struktur": "LFINF",
        "Tingkat Keyakinan": "Tinggi",
        "Dokumetasi": null,
        "Kode Fungsi": "F01",
        "Klasifikasi Fungsi": "Hunian",
        "KODE MATERIAL": "MCF",
        "KODE SISTEM STRUKTUR": "LFINF",
        "KODE TIPE ATAP": "RSH2",
        "KODE MATERIAL PENUTUP ATAP": "RMT1",
        "KODE DINDING LUAR": "EWMA",
        "KODE KONDISI VISUAL ": "CV2",
        "JUMLAH LANTAI": "HEX:1",
        "TAKSONOMI": "MCF/LFINF/RSH2/RMT1/EWMA/CV2/HEX:1",
        "KODE SIGKAT": "MCF \\LFINF\\HEX:1",
        "LUAS_M2": 164.523901254,
        "Koefisien": 1.0,
        "Nilai Exposure": 825909984.2950801,
        "Klasifikasi Rentang Exposure": "> Rp638.909.581,39 - Rp1.136.724.268,30",
        "koreksi_koordinat": "TIDAK"
      },
      "geometry": {
        "type": "Point",
        "coordinates": [
          105.237108,
          -5.552428
        ]
      }
    },
    {
      "type": "Feature",
      "properties": {
        "Nomor": 182,
        "NO": 182,
        "ID Bangunan": "SDI-C48-048",
        "Blok": "C",
        "Koordinat Latitude (Y)": -5.552493,
        "Koordinat Longitude (X)": 105.236874,
        "Fungsi Bangunan": "Rumah Tinggal",
        "Klasifikasi": "Hunian",
        "Jumlah Lantai": 1,
        "Material Dominan": "Pasang Bata",
        "Sistem Stuktur Tampak": "Rangka Beton Bertulang",
        "Tipe Atap": "Limasan",
        "Material Penutup Atap": "Genteng",
        "Dinding Luar": "Campuran",
        "Kondisi Visual": "Sedang Dibangun",
        "Kode Material": "MCF (batu bata bertulang)",
        "Kode Sistem Struktur": "LFINF",
        "Tingkat Keyakinan": "Tinggi",
        "Dokumetasi": null,
        "Kode Fungsi": "F01",
        "Klasifikasi Fungsi": "Hunian",
        "KODE MATERIAL": "MCF",
        "KODE SISTEM STRUKTUR": "LFINF",
        "KODE TIPE ATAP": "RSH3",
        "KODE MATERIAL PENUTUP ATAP": "RMT1",
        "KODE DINDING LUAR": "EWO",
        "KODE KONDISI VISUAL ": "CV5",
        "JUMLAH LANTAI": "HEX:1",
        "TAKSONOMI": "MCF/LFINF/RSH3/RMT1/EWO/CV5/HEX:1",
        "KODE SIGKAT": "MCF \\LFINF\\HEX:1",
        "LUAS_M2": 142.697797214,
        "Koefisien": 1.0,
        "Nilai Exposure": 716342942.01428,
        "Klasifikasi Rentang Exposure": "> Rp638.909.581,39 - Rp1.136.724.268,30",
        "koreksi_koordinat": "TIDAK"
      },
      "geometry": {
        "type": "Point",
        "coordinates": [
          105.236874,
          -5.552493
        ]
      }
    },
    {
      "type": "Feature",
      "properties": {
        "Nomor": 183,
        "NO": 183,
        "ID Bangunan": "SDI-C49-049",
        "Blok": "C",
        "Koordinat Latitude (Y)": -5.552345,
        "Koordinat Longitude (X)": 105.237008,
        "Fungsi Bangunan": "Rumah Tinggal",
        "Klasifikasi": "Hunian",
        "Jumlah Lantai": 1,
        "Material Dominan": "Pasang Bata",
        "Sistem Stuktur Tampak": "Rangka Beton Bertulang",
        "Tipe Atap": "Kombinasi",
        "Material Penutup Atap": "Genteng",
        "Dinding Luar": "Campuran",
        "Kondisi Visual": "Sedang Dibangun",
        "Kode Material": "MCF (batu bata bertulang)",
        "Kode Sistem Struktur": "LFINF",
        "Tingkat Keyakinan": "Tinggi",
        "Dokumetasi": null,
        "Kode Fungsi": "F01",
        "Klasifikasi Fungsi": "Hunian",
        "KODE MATERIAL": "MCF",
        "KODE SISTEM STRUKTUR": "LFINF",
        "KODE TIPE ATAP": "RSH8",
        "KODE MATERIAL PENUTUP ATAP": "RMT1",
        "KODE DINDING LUAR": "EWO",
        "KODE KONDISI VISUAL ": "CV5",
        "JUMLAH LANTAI": "HEX:1",
        "TAKSONOMI": "MCF/LFINF/RSH8/RMT1/EWO/CV5/HEX:1",
        "KODE SIGKAT": "MCF \\LFINF\\HEX:1",
        "LUAS_M2": 170.084603281,
        "Koefisien": 1.0,
        "Nilai Exposure": 853824708.47062,
        "Klasifikasi Rentang Exposure": "> Rp638.909.581,39 - Rp1.136.724.268,30",
        "koreksi_koordinat": "TIDAK"
      },
      "geometry": {
        "type": "Point",
        "coordinates": [
          105.237008,
          -5.552345
        ]
      }
    },
    {
      "type": "Feature",
      "properties": {
        "Nomor": 184,
        "NO": 184,
        "ID Bangunan": "SDI-C50-050",
        "Blok": "C",
        "Koordinat Latitude (Y)": -5.552157,
        "Koordinat Longitude (X)": 105.236966,
        "Fungsi Bangunan": "Rumah Tinggal",
        "Klasifikasi": "Hunian",
        "Jumlah Lantai": 1,
        "Material Dominan": "Pasang Bata",
        "Sistem Stuktur Tampak": "Rangka Beton Bertulang",
        "Tipe Atap": "Pelana",
        "Material Penutup Atap": "Genteng",
        "Dinding Luar": "Bata Plaster",
        "Kondisi Visual": "Sedang",
        "Kode Material": "MCF (batu bata bertulang)",
        "Kode Sistem Struktur": "LFINF",
        "Tingkat Keyakinan": "Tinggi",
        "Dokumetasi": null,
        "Kode Fungsi": "F01",
        "Klasifikasi Fungsi": "Hunian",
        "KODE MATERIAL": "MCF",
        "KODE SISTEM STRUKTUR": "LFINF",
        "KODE TIPE ATAP": "RSH2",
        "KODE MATERIAL PENUTUP ATAP": "RMT1",
        "KODE DINDING LUAR": "EWMA",
        "KODE KONDISI VISUAL ": "CV2",
        "JUMLAH LANTAI": "HEX:1",
        "TAKSONOMI": "MCF/LFINF/RSH2/RMT1/EWMA/CV2/HEX:1",
        "KODE SIGKAT": "MCF \\LFINF\\HEX:1",
        "LUAS_M2": 243.325534902,
        "Koefisien": 1.0,
        "Nilai Exposure": 1221494185.20804,
        "Klasifikasi Rentang Exposure": "> Rp1.136.724.268,30 - Rp1.856.590.180,23",
        "koreksi_koordinat": "TIDAK"
      },
      "geometry": {
        "type": "Point",
        "coordinates": [
          105.236966,
          -5.552157
        ]
      }
    },
    {
      "type": "Feature",
      "properties": {
        "Nomor": 185,
        "NO": 185,
        "ID Bangunan": "SDI-C52-052",
        "Blok": "C",
        "Koordinat Latitude (Y)": -5.552074,
        "Koordinat Longitude (X)": 105.236654,
        "Fungsi Bangunan": "Rumah Tinggal",
        "Klasifikasi": "Hunian",
        "Jumlah Lantai": 1,
        "Material Dominan": "Pasang Bata",
        "Sistem Stuktur Tampak": "Rangka Beton Bertulang",
        "Tipe Atap": "Pelana",
        "Material Penutup Atap": "Genteng",
        "Dinding Luar": "Campuran",
        "Kondisi Visual": "Sedang",
        "Kode Material": "MCF (batu bata bertulang)",
        "Kode Sistem Struktur": "LFINF",
        "Tingkat Keyakinan": "Tinggi",
        "Dokumetasi": null,
        "Kode Fungsi": "F01",
        "Klasifikasi Fungsi": "Hunian",
        "KODE MATERIAL": "MCF",
        "KODE SISTEM STRUKTUR": "LFINF",
        "KODE TIPE ATAP": "RSH2",
        "KODE MATERIAL PENUTUP ATAP": "RMT1",
        "KODE DINDING LUAR": "EWO",
        "KODE KONDISI VISUAL ": "CV2",
        "JUMLAH LANTAI": "HEX:1",
        "TAKSONOMI": "MCF/LFINF/RSH2/RMT1/EWO/CV2/HEX:1",
        "KODE SIGKAT": "MCF \\LFINF\\HEX:1",
        "LUAS_M2": 194.897261024,
        "Koefisien": 1.0,
        "Nilai Exposure": 978384250.34048,
        "Klasifikasi Rentang Exposure": "> Rp638.909.581,39 - Rp1.136.724.268,30",
        "koreksi_koordinat": "TIDAK"
      },
      "geometry": {
        "type": "Point",
        "coordinates": [
          105.236654,
          -5.552074
        ]
      }
    },
    {
      "type": "Feature",
      "properties": {
        "Nomor": 186,
        "NO": 186,
        "ID Bangunan": "SDI-C53-053",
        "Blok": "C",
        "Koordinat Latitude (Y)": -5.552005,
        "Koordinat Longitude (X)": 105.236856,
        "Fungsi Bangunan": "Rumah Tinggal",
        "Klasifikasi": "Hunian",
        "Jumlah Lantai": 1,
        "Material Dominan": "Campuran",
        "Sistem Stuktur Tampak": "Campuran",
        "Tipe Atap": "Pelana",
        "Material Penutup Atap": "Genteng",
        "Dinding Luar": "Campuran",
        "Kondisi Visual": "Sedang",
        "Kode Material": "MIX",
        "Kode Sistem Struktur": "LFINF",
        "Tingkat Keyakinan": "Tinggi",
        "Dokumetasi": null,
        "Kode Fungsi": "F01",
        "Klasifikasi Fungsi": "Hunian",
        "KODE MATERIAL": "MIX",
        "KODE SISTEM STRUKTUR": "LFINF",
        "KODE TIPE ATAP": "RSH2",
        "KODE MATERIAL PENUTUP ATAP": "RMT1",
        "KODE DINDING LUAR": "EWO",
        "KODE KONDISI VISUAL ": "CV2",
        "JUMLAH LANTAI": "HEX:1",
        "TAKSONOMI": "MIX/LFINF/RSH2/RMT1/EWO/CV2/HEX:1",
        "KODE SIGKAT": "MIX \\LFINF\\HEX:1",
        "LUAS_M2": 123.235676732,
        "Koefisien": 1.0,
        "Nilai Exposure": 618643097.19464,
        "Klasifikasi Rentang Exposure": "Rp14.611.983,05 - Rp638.909.581,39",
        "koreksi_koordinat": "TIDAK"
      },
      "geometry": {
        "type": "Point",
        "coordinates": [
          105.236856,
          -5.552005
        ]
      }
    },
    {
      "type": "Feature",
      "properties": {
        "Nomor": 187,
        "NO": 187,
        "ID Bangunan": "SDI-C56-056",
        "Blok": "C",
        "Koordinat Latitude (Y)": -5.551803,
        "Koordinat Longitude (X)": 105.236819,
        "Fungsi Bangunan": "Rumah Tinggal",
        "Klasifikasi": "Hunian",
        "Jumlah Lantai": 1,
        "Material Dominan": "Pasang Bata",
        "Sistem Stuktur Tampak": "Rangka Beton Bertulang",
        "Tipe Atap": "Kombinasi",
        "Material Penutup Atap": "Spandek",
        "Dinding Luar": "Bata Plaster",
        "Kondisi Visual": "Sedang",
        "Kode Material": "MCF (batu bata bertulang)",
        "Kode Sistem Struktur": "LFINF",
        "Tingkat Keyakinan": "Tinggi",
        "Dokumetasi": null,
        "Kode Fungsi": "F01",
        "Klasifikasi Fungsi": "Hunian",
        "KODE MATERIAL": "MCF",
        "KODE SISTEM STRUKTUR": "LFINF",
        "KODE TIPE ATAP": "RSH8",
        "KODE MATERIAL PENUTUP ATAP": "RMT6",
        "KODE DINDING LUAR": "EWMA",
        "KODE KONDISI VISUAL ": "CV2",
        "JUMLAH LANTAI": "HEX:1",
        "TAKSONOMI": "MCF/LFINF/RSH8/RMT6/EWMA/CV2/HEX:1",
        "KODE SIGKAT": "MCF \\LFINF\\HEX:1",
        "LUAS_M2": 84.0643413638,
        "Koefisien": 1.0,
        "Nilai Exposure": 422002993.646276,
        "Klasifikasi Rentang Exposure": "Rp14.611.983,05 - Rp638.909.581,39",
        "koreksi_koordinat": "TIDAK"
      },
      "geometry": {
        "type": "Point",
        "coordinates": [
          105.236819,
          -5.551803
        ]
      }
    },
    {
      "type": "Feature",
      "properties": {
        "Nomor": 188,
        "NO": 188,
        "ID Bangunan": "SDI-C57-057",
        "Blok": "C",
        "Koordinat Latitude (Y)": -5.551987,
        "Koordinat Longitude (X)": 105.236521,
        "Fungsi Bangunan": "Rumah Tinggal",
        "Klasifikasi": "Hunian",
        "Jumlah Lantai": 1,
        "Material Dominan": "Pasang Bata",
        "Sistem Stuktur Tampak": "Rangka Beton Bertulang",
        "Tipe Atap": "Limasan",
        "Material Penutup Atap": "Genteng",
        "Dinding Luar": "Bata Plaster",
        "Kondisi Visual": "Sedang",
        "Kode Material": "MCF (batu bata bertulang)",
        "Kode Sistem Struktur": "LFINF",
        "Tingkat Keyakinan": "Tinggi",
        "Dokumetasi": null,
        "Kode Fungsi": "F01",
        "Klasifikasi Fungsi": "Hunian",
        "KODE MATERIAL": "MCF",
        "KODE SISTEM STRUKTUR": "LFINF",
        "KODE TIPE ATAP": "RSH3",
        "KODE MATERIAL PENUTUP ATAP": "RMT1",
        "KODE DINDING LUAR": "EWMA",
        "KODE KONDISI VISUAL ": "CV2",
        "JUMLAH LANTAI": "HEX:1",
        "TAKSONOMI": "MCF/LFINF/RSH3/RMT1/EWMA/CV2/HEX:1",
        "KODE SIGKAT": "MCF \\LFINF\\HEX:1",
        "LUAS_M2": 168.78226265,
        "Koefisien": 1.0,
        "Nilai Exposure": 847286958.503,
        "Klasifikasi Rentang Exposure": "> Rp638.909.581,39 - Rp1.136.724.268,30",
        "koreksi_koordinat": "TIDAK"
      },
      "geometry": {
        "type": "Point",
        "coordinates": [
          105.236521,
          -5.551987
        ]
      }
    },
    {
      "type": "Feature",
      "properties": {
        "Nomor": 189,
        "NO": 189,
        "ID Bangunan": "SDI-C58-058",
        "Blok": "C",
        "Koordinat Latitude (Y)": -5.551647,
        "Koordinat Longitude (X)": 105.236447,
        "Fungsi Bangunan": "Rumah Tinggal",
        "Klasifikasi": "Hunian",
        "Jumlah Lantai": 1,
        "Material Dominan": "Pasang Bata",
        "Sistem Stuktur Tampak": "Rangka Beton Bertulang",
        "Tipe Atap": "Pelana",
        "Material Penutup Atap": "Genteng",
        "Dinding Luar": "Bata Ekspos",
        "Kondisi Visual": "Sedang Dibangun",
        "Kode Material": "MCF (batu bata bertulang)",
        "Kode Sistem Struktur": "LFINF",
        "Tingkat Keyakinan": "Tinggi",
        "Dokumetasi": null,
        "Kode Fungsi": "F01",
        "Klasifikasi Fungsi": "Hunian",
        "KODE MATERIAL": "MCF",
        "KODE SISTEM STRUKTUR": "LFINF",
        "KODE TIPE ATAP": "RSH2",
        "KODE MATERIAL PENUTUP ATAP": "RMT1",
        "KODE DINDING LUAR": "EWMA",
        "KODE KONDISI VISUAL ": "CV5",
        "JUMLAH LANTAI": "HEX:1",
        "TAKSONOMI": "MCF/LFINF/RSH2/RMT1/EWMA/CV5/HEX:1",
        "KODE SIGKAT": "MCF \\LFINF\\HEX:1",
        "LUAS_M2": 159.711899777,
        "Koefisien": 1.0,
        "Nilai Exposure": 801753736.88054,
        "Klasifikasi Rentang Exposure": "> Rp638.909.581,39 - Rp1.136.724.268,30",
        "koreksi_koordinat": "TIDAK"
      },
      "geometry": {
        "type": "Point",
        "coordinates": [
          105.236447,
          -5.551647
        ]
      }
    },
    {
      "type": "Feature",
      "properties": {
        "Nomor": 190,
        "NO": 190,
        "ID Bangunan": "SDI-C59-059",
        "Blok": "C",
        "Koordinat Latitude (Y)": -5.551867,
        "Koordinat Longitude (X)": 105.236448,
        "Fungsi Bangunan": "Rumah Tinggal",
        "Klasifikasi": "Hunian",
        "Jumlah Lantai": 1,
        "Material Dominan": "Pasang Bata",
        "Sistem Stuktur Tampak": "Rangka Beton Bertulang",
        "Tipe Atap": "Pelana",
        "Material Penutup Atap": "Genteng",
        "Dinding Luar": "Bata Ekspos",
        "Kondisi Visual": "Sedang",
        "Kode Material": "MCF (batu bata bertulang)",
        "Kode Sistem Struktur": "LFINF",
        "Tingkat Keyakinan": "Tinggi",
        "Dokumetasi": null,
        "Kode Fungsi": "F01",
        "Klasifikasi Fungsi": "Hunian",
        "KODE MATERIAL": "MCF",
        "KODE SISTEM STRUKTUR": "LFINF",
        "KODE TIPE ATAP": "RSH2",
        "KODE MATERIAL PENUTUP ATAP": "RMT1",
        "KODE DINDING LUAR": "EWMA",
        "KODE KONDISI VISUAL ": "CV2",
        "JUMLAH LANTAI": "HEX:1",
        "TAKSONOMI": "MCF/LFINF/RSH2/RMT1/EWMA/CV2/HEX:1",
        "KODE SIGKAT": "MCF \\LFINF\\HEX:1",
        "LUAS_M2": 112.144031089,
        "Koefisien": 1.0,
        "Nilai Exposure": 562963036.06678,
        "Klasifikasi Rentang Exposure": "Rp14.611.983,05 - Rp638.909.581,39",
        "koreksi_koordinat": "TIDAK"
      },
      "geometry": {
        "type": "Point",
        "coordinates": [
          105.236448,
          -5.551867
        ]
      }
    },
    {
      "type": "Feature",
      "properties": {
        "Nomor": 191,
        "NO": 191,
        "ID Bangunan": "Blok C (SDI-C63-063)",
        "Blok": "C",
        "Koordinat Latitude (Y)": -5.551369,
        "Koordinat Longitude (X)": 105.23455,
        "Fungsi Bangunan": "Rumah Tinggal",
        "Klasifikasi": "Hunian",
        "Jumlah Lantai": 1,
        "Material Dominan": "Pasang Bata",
        "Sistem Stuktur Tampak": "Dinding Pemikul",
        "Tipe Atap": "Kombinasi",
        "Material Penutup Atap": "Seng",
        "Dinding Luar": "Bata Ekspos",
        "Kondisi Visual": "Baik",
        "Kode Material": "MUR (batu bata tanpa tulang)",
        "Kode Sistem Struktur": "LFINF",
        "Tingkat Keyakinan": "Tinggi",
        "Dokumetasi": null,
        "Kode Fungsi": "F01",
        "Klasifikasi Fungsi": "Hunian",
        "KODE MATERIAL": "MUR",
        "KODE SISTEM STRUKTUR": "LFINF",
        "KODE TIPE ATAP": "RSH8",
        "KODE MATERIAL PENUTUP ATAP": "RMT2",
        "KODE DINDING LUAR": "EWMA",
        "KODE KONDISI VISUAL ": "CV1",
        "JUMLAH LANTAI": "HEX:1",
        "TAKSONOMI": "MUR/LFINF/RSH8/RMT2/EWMA/CV1/HEX:1",
        "KODE SIGKAT": "MUR \\LFINF\\HEX:1",
        "LUAS_M2": 113.997892607,
        "Koefisien": 1.0,
        "Nilai Exposure": 572269420.88714,
        "Klasifikasi Rentang Exposure": "Rp14.611.983,05 - Rp638.909.581,39",
        "koreksi_koordinat": "TIDAK"
      },
      "geometry": {
        "type": "Point",
        "coordinates": [
          105.23455,
          -5.551369
        ]
      }
    },
    {
      "type": "Feature",
      "properties": {
        "Nomor": 192,
        "NO": 192,
        "ID Bangunan": "Blok C (SDI-C64-064)",
        "Blok": "C",
        "Koordinat Latitude (Y)": -5.551539,
        "Koordinat Longitude (X)": 105.234301,
        "Fungsi Bangunan": "Rumah Tinggal",
        "Klasifikasi": "Hunian",
        "Jumlah Lantai": 1,
        "Material Dominan": "Beton Bertulang",
        "Sistem Stuktur Tampak": "Dinding Pemikul",
        "Tipe Atap": "Kombinasi",
        "Material Penutup Atap": "Genteng",
        "Dinding Luar": "Bata Plaster",
        "Kondisi Visual": "Baik",
        "Kode Material": "MCF (batu bata bertulang)",
        "Kode Sistem Struktur": "LFINF",
        "Tingkat Keyakinan": "Tinggi",
        "Dokumetasi": null,
        "Kode Fungsi": "F01",
        "Klasifikasi Fungsi": "Hunian",
        "KODE MATERIAL": "MCF",
        "KODE SISTEM STRUKTUR": "LFINF",
        "KODE TIPE ATAP": "RSH8",
        "KODE MATERIAL PENUTUP ATAP": "RMT1",
        "KODE DINDING LUAR": "EWMA",
        "KODE KONDISI VISUAL ": "CV1",
        "JUMLAH LANTAI": "HEX:1",
        "TAKSONOMI": "MCF/LFINF/RSH8/RMT1/EWMA/CV1/HEX:1",
        "KODE SIGKAT": "MCF \\LFINF\\HEX:1",
        "LUAS_M2": 113.997892607,
        "Koefisien": 1.0,
        "Nilai Exposure": 572269420.88714,
        "Klasifikasi Rentang Exposure": "Rp14.611.983,05 - Rp638.909.581,39",
        "koreksi_koordinat": "TIDAK"
      },
      "geometry": {
        "type": "Point",
        "coordinates": [
          105.234301,
          -5.551539
        ]
      }
    },
    {
      "type": "Feature",
      "properties": {
        "Nomor": 193,
        "NO": 193,
        "ID Bangunan": "Blok C (SDI-C65-065)",
        "Blok": "C",
        "Koordinat Latitude (Y)": -5.551571,
        "Koordinat Longitude (X)": 105.234275,
        "Fungsi Bangunan": "Rumah Tinggal",
        "Klasifikasi": "Hunian",
        "Jumlah Lantai": 1,
        "Material Dominan": "Beton Bertulang",
        "Sistem Stuktur Tampak": "Rangka Beton Bertulang",
        "Tipe Atap": "Pelana",
        "Material Penutup Atap": "Genteng",
        "Dinding Luar": "Bata Ekspos",
        "Kondisi Visual": "Baik",
        "Kode Material": "MCF (batu bata bertulang)",
        "Kode Sistem Struktur": "LFINF",
        "Tingkat Keyakinan": "Tinggi",
        "Dokumetasi": null,
        "Kode Fungsi": "F01",
        "Klasifikasi Fungsi": "Hunian",
        "KODE MATERIAL": "MCF",
        "KODE SISTEM STRUKTUR": "LFINF",
        "KODE TIPE ATAP": "RSH2",
        "KODE MATERIAL PENUTUP ATAP": "RMT1",
        "KODE DINDING LUAR": "EWMA",
        "KODE KONDISI VISUAL ": "CV1",
        "JUMLAH LANTAI": "HEX:1",
        "TAKSONOMI": "MCF/LFINF/RSH2/RMT1/EWMA/CV1/HEX:1",
        "KODE SIGKAT": "MCF \\LFINF\\HEX:1",
        "LUAS_M2": 78.1176959505,
        "Koefisien": 1.0,
        "Nilai Exposure": 392150833.67151004,
        "Klasifikasi Rentang Exposure": "Rp14.611.983,05 - Rp638.909.581,39",
        "koreksi_koordinat": "TIDAK"
      },
      "geometry": {
        "type": "Point",
        "coordinates": [
          105.234275,
          -5.551571
        ]
      }
    },
    {
      "type": "Feature",
      "properties": {
        "Nomor": 194,
        "NO": 194,
        "ID Bangunan": "Blok C (SDI-C66-066)",
        "Blok": "C",
        "Koordinat Latitude (Y)": -5.551557,
        "Koordinat Longitude (X)": 105.234102,
        "Fungsi Bangunan": "Rumah Tinggal",
        "Klasifikasi": "Hunian",
        "Jumlah Lantai": 1,
        "Material Dominan": "Bambu",
        "Sistem Stuktur Tampak": "Rangka Kayu",
        "Tipe Atap": "Pelana",
        "Material Penutup Atap": "Genteng",
        "Dinding Luar": "Kayu",
        "Kondisi Visual": "Baik",
        "Kode Material": "W (kayu)",
        "Kode Sistem Struktur": "LPB",
        "Tingkat Keyakinan": "Tinggi",
        "Dokumetasi": null,
        "Kode Fungsi": "F01",
        "Klasifikasi Fungsi": "Hunian",
        "KODE MATERIAL": "W",
        "KODE SISTEM STRUKTUR": "LPB",
        "KODE TIPE ATAP": "RSH2",
        "KODE MATERIAL PENUTUP ATAP": "RMT1",
        "KODE DINDING LUAR": "EWW",
        "KODE KONDISI VISUAL ": "CV1",
        "JUMLAH LANTAI": "HEX:1",
        "TAKSONOMI": "W/LPB/RSH2/RMT1/EWW/CV1/HEX:1",
        "KODE SIGKAT": "W \\LPB\\HEX:1",
        "LUAS_M2": 61.1533440063,
        "Koefisien": 1.0,
        "Nilai Exposure": 306989786.91162604,
        "Klasifikasi Rentang Exposure": "Rp14.611.983,05 - Rp638.909.581,39",
        "koreksi_koordinat": "TIDAK"
      },
      "geometry": {
        "type": "Point",
        "coordinates": [
          105.234102,
          -5.551557
        ]
      }
    },
    {
      "type": "Feature",
      "properties": {
        "Nomor": 195,
        "NO": 195,
        "ID Bangunan": "Blok C (SDI-C67-067)",
        "Blok": "C",
        "Koordinat Latitude (Y)": -5.551622,
        "Koordinat Longitude (X)": 105.233956,
        "Fungsi Bangunan": "Rumah Tinggal",
        "Klasifikasi": "Hunian",
        "Jumlah Lantai": 1,
        "Material Dominan": "Kayu",
        "Sistem Stuktur Tampak": "Rangka Kayu",
        "Tipe Atap": "Pelana",
        "Material Penutup Atap": "Genteng",
        "Dinding Luar": "Kayu",
        "Kondisi Visual": "Rusak Ringan",
        "Kode Material": "W (kayu)",
        "Kode Sistem Struktur": "LPB",
        "Tingkat Keyakinan": "Tinggi",
        "Dokumetasi": null,
        "Kode Fungsi": "F01",
        "Klasifikasi Fungsi": "Hunian",
        "KODE MATERIAL": "W",
        "KODE SISTEM STRUKTUR": "LPB",
        "KODE TIPE ATAP": "RSH2",
        "KODE MATERIAL PENUTUP ATAP": "RMT1",
        "KODE DINDING LUAR": "EWW",
        "KODE KONDISI VISUAL ": "CV2",
        "JUMLAH LANTAI": "HEX:1",
        "TAKSONOMI": "W/LPB/RSH2/RMT1/EWW/CV2/HEX:1",
        "KODE SIGKAT": "W \\LPB\\HEX:1",
        "LUAS_M2": 105.285399543,
        "Koefisien": 1.0,
        "Nilai Exposure": 528532705.70585996,
        "Klasifikasi Rentang Exposure": "Rp14.611.983,05 - Rp638.909.581,39",
        "koreksi_koordinat": "TIDAK"
      },
      "geometry": {
        "type": "Point",
        "coordinates": [
          105.233956,
          -5.551622
        ]
      }
    },
    {
      "type": "Feature",
      "properties": {
        "Nomor": 196,
        "NO": 196,
        "ID Bangunan": "Blok C (SDI-C68-068)",
        "Blok": "C",
        "Koordinat Latitude (Y)": -5.551575,
        "Koordinat Longitude (X)": 105.233746,
        "Fungsi Bangunan": "Rumah Tinggal",
        "Klasifikasi": "Hunian",
        "Jumlah Lantai": 1,
        "Material Dominan": "Pasang Bata",
        "Sistem Stuktur Tampak": "Rangka Beton Bertulang",
        "Tipe Atap": "Pelana",
        "Material Penutup Atap": "Genteng",
        "Dinding Luar": "Bata Ekspos",
        "Kondisi Visual": "Baik",
        "Kode Material": "MUR (batu bata tanpa tulang)",
        "Kode Sistem Struktur": "LFINF",
        "Tingkat Keyakinan": "Tinggi",
        "Dokumetasi": null,
        "Kode Fungsi": "F01",
        "Klasifikasi Fungsi": "Hunian",
        "KODE MATERIAL": "MUR",
        "KODE SISTEM STRUKTUR": "LFINF",
        "KODE TIPE ATAP": "RSH2",
        "KODE MATERIAL PENUTUP ATAP": "RMT1",
        "KODE DINDING LUAR": "EWMA",
        "KODE KONDISI VISUAL ": "CV1",
        "JUMLAH LANTAI": "HEX:1",
        "TAKSONOMI": "MUR/LFINF/RSH2/RMT1/EWMA/CV1/HEX:1",
        "KODE SIGKAT": "MUR \\LFINF\\HEX:1",
        "LUAS_M2": 156.154777303,
        "Koefisien": 1.0,
        "Nilai Exposure": 783896982.0610601,
        "Klasifikasi Rentang Exposure": "> Rp638.909.581,39 - Rp1.136.724.268,30",
        "koreksi_koordinat": "TIDAK"
      },
      "geometry": {
        "type": "Point",
        "coordinates": [
          105.233746,
          -5.551575
        ]
      }
    },
    {
      "type": "Feature",
      "properties": {
        "Nomor": 197,
        "NO": 197,
        "ID Bangunan": "Blok C (SDI-C69-069)",
        "Blok": "C",
        "Koordinat Latitude (Y)": -5.55161,
        "Koordinat Longitude (X)": 105.23359,
        "Fungsi Bangunan": "Rumah Tinggal",
        "Klasifikasi": "Hunian",
        "Jumlah Lantai": 1,
        "Material Dominan": "Pasang Bata",
        "Sistem Stuktur Tampak": "Dinding Pemikul",
        "Tipe Atap": "Pelana",
        "Material Penutup Atap": "Genteng",
        "Dinding Luar": "Bata Plaster",
        "Kondisi Visual": "Baik",
        "Kode Material": "MUR (batu bata tanpa tulang)",
        "Kode Sistem Struktur": "LFINF",
        "Tingkat Keyakinan": "Tinggi",
        "Dokumetasi": null,
        "Kode Fungsi": "F01",
        "Klasifikasi Fungsi": "Hunian",
        "KODE MATERIAL": "MUR",
        "KODE SISTEM STRUKTUR": "LFINF",
        "KODE TIPE ATAP": "RSH2",
        "KODE MATERIAL PENUTUP ATAP": "RMT1",
        "KODE DINDING LUAR": "EWMA",
        "KODE KONDISI VISUAL ": "CV1",
        "JUMLAH LANTAI": "HEX:1",
        "TAKSONOMI": "MUR/LFINF/RSH2/RMT1/EWMA/CV1/HEX:1",
        "KODE SIGKAT": "MUR \\LFINF\\HEX:1",
        "LUAS_M2": 210.088285697,
        "Koefisien": 1.0,
        "Nilai Exposure": 1054643194.19894,
        "Klasifikasi Rentang Exposure": "> Rp638.909.581,39 - Rp1.136.724.268,30",
        "koreksi_koordinat": "TIDAK"
      },
      "geometry": {
        "type": "Point",
        "coordinates": [
          105.23359,
          -5.55161
        ]
      }
    },
    {
      "type": "Feature",
      "properties": {
        "Nomor": 198,
        "NO": 198,
        "ID Bangunan": "Blok C (SDI-C70-070)",
        "Blok": "C",
        "Koordinat Latitude (Y)": -5.551744,
        "Koordinat Longitude (X)": 105.233558,
        "Fungsi Bangunan": "Rumah Tinggal",
        "Klasifikasi": "Hunian",
        "Jumlah Lantai": 1,
        "Material Dominan": "Beton Bertulang",
        "Sistem Stuktur Tampak": "Dinding Pemikul",
        "Tipe Atap": "Kombinasi",
        "Material Penutup Atap": "Genteng",
        "Dinding Luar": "Bata Plaster",
        "Kondisi Visual": "Baik",
        "Kode Material": "MCF (batu bata bertulang)",
        "Kode Sistem Struktur": "LWAL",
        "Tingkat Keyakinan": "Tinggi",
        "Dokumetasi": null,
        "Kode Fungsi": "F01",
        "Klasifikasi Fungsi": "Hunian",
        "KODE MATERIAL": "MCF",
        "KODE SISTEM STRUKTUR": "LWAL",
        "KODE TIPE ATAP": "RSH8",
        "KODE MATERIAL PENUTUP ATAP": "RMT1",
        "KODE DINDING LUAR": "EWMA",
        "KODE KONDISI VISUAL ": "CV1",
        "JUMLAH LANTAI": "HEX:1",
        "TAKSONOMI": "MCF/LWAL/RSH8/RMT1/EWMA/CV1/HEX:1",
        "KODE SIGKAT": "MCF \\LWAL\\HEX:1",
        "LUAS_M2": 145.25973247,
        "Koefisien": 1.0,
        "Nilai Exposure": 729203856.9993999,
        "Klasifikasi Rentang Exposure": "> Rp638.909.581,39 - Rp1.136.724.268,30",
        "koreksi_koordinat": "TIDAK"
      },
      "geometry": {
        "type": "Point",
        "coordinates": [
          105.233558,
          -5.551744
        ]
      }
    },
    {
      "type": "Feature",
      "properties": {
        "Nomor": 199,
        "NO": 199,
        "ID Bangunan": "Blok C (SDI-C71-071)",
        "Blok": "C",
        "Koordinat Latitude (Y)": -5.551709,
        "Koordinat Longitude (X)": 105.233389,
        "Fungsi Bangunan": "Rumah Tinggal",
        "Klasifikasi": "Hunian",
        "Jumlah Lantai": 1,
        "Material Dominan": "Pasang Bata",
        "Sistem Stuktur Tampak": "Dinding Pemikul",
        "Tipe Atap": "Kombinasi",
        "Material Penutup Atap": "Genteng",
        "Dinding Luar": "Bata Plaster",
        "Kondisi Visual": "Baik",
        "Kode Material": "MCF (batu bata bertulang)",
        "Kode Sistem Struktur": "LWAL",
        "Tingkat Keyakinan": "Tinggi",
        "Dokumetasi": null,
        "Kode Fungsi": "F01",
        "Klasifikasi Fungsi": "Hunian",
        "KODE MATERIAL": "MCF",
        "KODE SISTEM STRUKTUR": "LWAL",
        "KODE TIPE ATAP": "RSH8",
        "KODE MATERIAL PENUTUP ATAP": "RMT1",
        "KODE DINDING LUAR": "EWMA",
        "KODE KONDISI VISUAL ": "CV1",
        "JUMLAH LANTAI": "HEX:1",
        "TAKSONOMI": "MCF/LWAL/RSH8/RMT1/EWMA/CV1/HEX:1",
        "KODE SIGKAT": "MCF \\LWAL\\HEX:1",
        "LUAS_M2": 93.1132405404,
        "Koefisien": 1.0,
        "Nilai Exposure": 467428467.512808,
        "Klasifikasi Rentang Exposure": "Rp14.611.983,05 - Rp638.909.581,39",
        "koreksi_koordinat": "TIDAK"
      },
      "geometry": {
        "type": "Point",
        "coordinates": [
          105.233389,
          -5.551709
        ]
      }
    },
    {
      "type": "Feature",
      "properties": {
        "Nomor": 200,
        "NO": 200,
        "ID Bangunan": "Blok C (SDI-C72-072)",
        "Blok": "C",
        "Koordinat Latitude (Y)": -5.551866,
        "Koordinat Longitude (X)": 105.233387,
        "Fungsi Bangunan": "Rumah Tinggal",
        "Klasifikasi": "Hunian",
        "Jumlah Lantai": 1,
        "Material Dominan": "Pasang Bata",
        "Sistem Stuktur Tampak": "Dinding Pemikul",
        "Tipe Atap": "Pelana",
        "Material Penutup Atap": "Seng",
        "Dinding Luar": "Bata Plaster",
        "Kondisi Visual": "Baik",
        "Kode Material": "MUR (batu bata tanpa tulang)",
        "Kode Sistem Struktur": "LFINF",
        "Tingkat Keyakinan": "Tinggi",
        "Dokumetasi": null,
        "Kode Fungsi": "F01",
        "Klasifikasi Fungsi": "Hunian",
        "KODE MATERIAL": "MUR",
        "KODE SISTEM STRUKTUR": "LFINF",
        "KODE TIPE ATAP": "RSH2",
        "KODE MATERIAL PENUTUP ATAP": "RMT2",
        "KODE DINDING LUAR": "EWMA",
        "KODE KONDISI VISUAL ": "CV1",
        "JUMLAH LANTAI": "HEX:1",
        "TAKSONOMI": "MUR/LFINF/RSH2/RMT2/EWMA/CV1/HEX:1",
        "KODE SIGKAT": "MUR \\LFINF\\HEX:1",
        "LUAS_M2": 145.25973247,
        "Koefisien": 1.0,
        "Nilai Exposure": 729203856.9993999,
        "Klasifikasi Rentang Exposure": "> Rp638.909.581,39 - Rp1.136.724.268,30",
        "koreksi_koordinat": "TIDAK"
      },
      "geometry": {
        "type": "Point",
        "coordinates": [
          105.233387,
          -5.551866
        ]
      }
    },
    {
      "type": "Feature",
      "properties": {
        "Nomor": 201,
        "NO": 201,
        "ID Bangunan": "Blok C (SDI-C73-073)",
        "Blok": "C",
        "Koordinat Latitude (Y)": -5.551834,
        "Koordinat Longitude (X)": 105.233483,
        "Fungsi Bangunan": "Rumah Tinggal",
        "Klasifikasi": "Hunian",
        "Jumlah Lantai": 1,
        "Material Dominan": "Pasang Bata",
        "Sistem Stuktur Tampak": "Dinding Pemikul",
        "Tipe Atap": "Pelana",
        "Material Penutup Atap": "Genteng",
        "Dinding Luar": "Bata Plaster",
        "Kondisi Visual": "Baik",
        "Kode Material": "MUR (batu bata tanpa tulang)",
        "Kode Sistem Struktur": "LFINF",
        "Tingkat Keyakinan": "Tinggi",
        "Dokumetasi": null,
        "Kode Fungsi": "F01",
        "Klasifikasi Fungsi": "Hunian",
        "KODE MATERIAL": "MUR",
        "KODE SISTEM STRUKTUR": "LFINF",
        "KODE TIPE ATAP": "RSH2",
        "KODE MATERIAL PENUTUP ATAP": "RMT1",
        "KODE DINDING LUAR": "EWMA",
        "KODE KONDISI VISUAL ": "CV1",
        "JUMLAH LANTAI": "HEX:1",
        "TAKSONOMI": "MUR/LFINF/RSH2/RMT1/EWMA/CV1/HEX:1",
        "KODE SIGKAT": "MUR \\LFINF\\HEX:1",
        "LUAS_M2": 202.251064279,
        "Koefisien": 1.0,
        "Nilai Exposure": 1015300342.6805799,
        "Klasifikasi Rentang Exposure": "> Rp638.909.581,39 - Rp1.136.724.268,30",
        "koreksi_koordinat": "TIDAK"
      },
      "geometry": {
        "type": "Point",
        "coordinates": [
          105.233483,
          -5.551834
        ]
      }
    },
    {
      "type": "Feature",
      "properties": {
        "Nomor": 202,
        "NO": 202,
        "ID Bangunan": "Blok C (SDI-C74-074)",
        "Blok": "C",
        "Koordinat Latitude (Y)": -5.551497,
        "Koordinat Longitude (X)": 105.234223,
        "Fungsi Bangunan": "Rumah Tinggal",
        "Klasifikasi": "Hunian",
        "Jumlah Lantai": 1,
        "Material Dominan": "Pasang Bata",
        "Sistem Stuktur Tampak": "Dinding Pemikul",
        "Tipe Atap": "Pelana",
        "Material Penutup Atap": "Seng",
        "Dinding Luar": "Bata Plaster",
        "Kondisi Visual": "Baik",
        "Kode Material": "MUR (batu bata tanpa tulang)",
        "Kode Sistem Struktur": "LFINF",
        "Tingkat Keyakinan": "Tinggi",
        "Dokumetasi": null,
        "Kode Fungsi": "F01",
        "Klasifikasi Fungsi": "Hunian",
        "KODE MATERIAL": "MUR",
        "KODE SISTEM STRUKTUR": "LFINF",
        "KODE TIPE ATAP": "RSH2",
        "KODE MATERIAL PENUTUP ATAP": "RMT2",
        "KODE DINDING LUAR": "EWMA",
        "KODE KONDISI VISUAL ": "CV1",
        "JUMLAH LANTAI": "HEX:1",
        "TAKSONOMI": "MUR/LFINF/RSH2/RMT2/EWMA/CV1/HEX:1",
        "KODE SIGKAT": "MUR \\LFINF\\HEX:1",
        "LUAS_M2": 191.601832289,
        "Koefisien": 1.0,
        "Nilai Exposure": 961841198.0907799,
        "Klasifikasi Rentang Exposure": "> Rp638.909.581,39 - Rp1.136.724.268,30",
        "koreksi_koordinat": "TIDAK"
      },
      "geometry": {
        "type": "Point",
        "coordinates": [
          105.234223,
          -5.551497
        ]
      }
    },
    {
      "type": "Feature",
      "properties": {
        "Nomor": 203,
        "NO": 203,
        "ID Bangunan": "Blok C (SDI-C75-075)",
        "Blok": "C",
        "Koordinat Latitude (Y)": -5.551289,
        "Koordinat Longitude (X)": 105.234318,
        "Fungsi Bangunan": "Rumah Tinggal",
        "Klasifikasi": "Hunian",
        "Jumlah Lantai": 1,
        "Material Dominan": "Pasang Bata",
        "Sistem Stuktur Tampak": "Dinding Pemikul",
        "Tipe Atap": "Kombinasi",
        "Material Penutup Atap": "Seng",
        "Dinding Luar": "Bata Plaster",
        "Kondisi Visual": "Baik",
        "Kode Material": "MUR (batu bata tanpa tulang)",
        "Kode Sistem Struktur": "LFINF",
        "Tingkat Keyakinan": "Tinggi",
        "Dokumetasi": null,
        "Kode Fungsi": "F01",
        "Klasifikasi Fungsi": "Hunian",
        "KODE MATERIAL": "MUR",
        "KODE SISTEM STRUKTUR": "LFINF",
        "KODE TIPE ATAP": "RSH8",
        "KODE MATERIAL PENUTUP ATAP": "RMT2",
        "KODE DINDING LUAR": "EWMA",
        "KODE KONDISI VISUAL ": "CV1",
        "JUMLAH LANTAI": "HEX:1",
        "TAKSONOMI": "MUR/LFINF/RSH8/RMT2/EWMA/CV1/HEX:1",
        "KODE SIGKAT": "MUR \\LFINF\\HEX:1",
        "LUAS_M2": 128.857719328,
        "Koefisien": 1.0,
        "Nilai Exposure": 646865751.0265601,
        "Klasifikasi Rentang Exposure": "> Rp638.909.581,39 - Rp1.136.724.268,30",
        "koreksi_koordinat": "TIDAK"
      },
      "geometry": {
        "type": "Point",
        "coordinates": [
          105.234318,
          -5.551289
        ]
      }
    },
    {
      "type": "Feature",
      "properties": {
        "Nomor": 204,
        "NO": 204,
        "ID Bangunan": "Blok C (SDI-C76-076)",
        "Blok": "C",
        "Koordinat Latitude (Y)": -5.553562,
        "Koordinat Longitude (X)": 105.236242,
        "Fungsi Bangunan": "Rumah Tinggal",
        "Klasifikasi": "Hunian",
        "Jumlah Lantai": 1,
        "Material Dominan": "Pasang Bata",
        "Sistem Stuktur Tampak": "Dinding Pemikul",
        "Tipe Atap": "Kombinasi",
        "Material Penutup Atap": "Genteng",
        "Dinding Luar": "Bata Plaster",
        "Kondisi Visual": "Baik",
        "Kode Material": "MUR (batu bata tanpa tulang)",
        "Kode Sistem Struktur": "LWAL",
        "Tingkat Keyakinan": "Tinggi",
        "Dokumetasi": null,
        "Kode Fungsi": "F01",
        "Klasifikasi Fungsi": "Hunian",
        "KODE MATERIAL": "MUR",
        "KODE SISTEM STRUKTUR": "LWAL",
        "KODE TIPE ATAP": "RSH8",
        "KODE MATERIAL PENUTUP ATAP": "RMT1",
        "KODE DINDING LUAR": "EWMA",
        "KODE KONDISI VISUAL ": "CV1",
        "JUMLAH LANTAI": "HEX:1",
        "TAKSONOMI": "MUR/LWAL/RSH8/RMT1/EWMA/CV1/HEX:1",
        "KODE SIGKAT": "MUR \\LWAL\\HEX:1",
        "LUAS_M2": 275.920572936,
        "Koefisien": 1.0,
        "Nilai Exposure": 1385121276.13872,
        "Klasifikasi Rentang Exposure": "> Rp1.136.724.268,30 - Rp1.856.590.180,23",
        "koreksi_koordinat": "TIDAK"
      },
      "geometry": {
        "type": "Point",
        "coordinates": [
          105.236242,
          -5.553562
        ]
      }
    },
    {
      "type": "Feature",
      "properties": {
        "Nomor": 205,
        "NO": 205,
        "ID Bangunan": "Blok C (SDI-C78-078)",
        "Blok": "C",
        "Koordinat Latitude (Y)": -5.55345,
        "Koordinat Longitude (X)": 105.235948,
        "Fungsi Bangunan": "Rumah Tinggal",
        "Klasifikasi": "Hunian",
        "Jumlah Lantai": 1,
        "Material Dominan": "Pasang Bata",
        "Sistem Stuktur Tampak": "Dinding Pemikul",
        "Tipe Atap": "Kombinasi",
        "Material Penutup Atap": "Genteng dan Seng",
        "Dinding Luar": "Campuran",
        "Kondisi Visual": "Baik",
        "Kode Material": "MUR (batu bata tanpa tulang)",
        "Kode Sistem Struktur": "LWAL",
        "Tingkat Keyakinan": "Tinggi",
        "Dokumetasi": null,
        "Kode Fungsi": "F01",
        "Klasifikasi Fungsi": "Hunian",
        "KODE MATERIAL": "MUR",
        "KODE SISTEM STRUKTUR": "LWAL",
        "KODE TIPE ATAP": "RSH8",
        "KODE MATERIAL PENUTUP ATAP": "RMT1+RMT6",
        "KODE DINDING LUAR": "EWO",
        "KODE KONDISI VISUAL ": "CV1",
        "JUMLAH LANTAI": "HEX:1",
        "TAKSONOMI": "MUR/LWAL/RSH8/RMT1+RMT6/EWO/CV1/HEX:1",
        "KODE SIGKAT": "MUR \\LWAL\\HEX:1",
        "LUAS_M2": 212.482971065,
        "Koefisien": 1.0,
        "Nilai Exposure": 1066664514.7463,
        "Klasifikasi Rentang Exposure": "> Rp638.909.581,39 - Rp1.136.724.268,30",
        "koreksi_koordinat": "TIDAK"
      },
      "geometry": {
        "type": "Point",
        "coordinates": [
          105.235948,
          -5.55345
        ]
      }
    },
    {
      "type": "Feature",
      "properties": {
        "Nomor": 206,
        "NO": 206,
        "ID Bangunan": "Blok C (SDI-C79-079)",
        "Blok": "C",
        "Koordinat Latitude (Y)": -5.553392,
        "Koordinat Longitude (X)": 105.235904,
        "Fungsi Bangunan": "Rumah Tinggal",
        "Klasifikasi": "Hunian",
        "Jumlah Lantai": 1,
        "Material Dominan": "Beton Bertulang",
        "Sistem Stuktur Tampak": "Rangka Beton Bertulang",
        "Tipe Atap": "Kombinasi",
        "Material Penutup Atap": "Genteng dan Seng",
        "Dinding Luar": "Bata Plaster",
        "Kondisi Visual": "Baik",
        "Kode Material": "CR (balok baja yang di cor beton)",
        "Kode Sistem Struktur": "LFM",
        "Tingkat Keyakinan": "Tinggi",
        "Dokumetasi": null,
        "Kode Fungsi": "F01",
        "Klasifikasi Fungsi": "Hunian",
        "KODE MATERIAL": "CR",
        "KODE SISTEM STRUKTUR": "LFM",
        "KODE TIPE ATAP": "RSH8",
        "KODE MATERIAL PENUTUP ATAP": "RMT1+RMT6",
        "KODE DINDING LUAR": "EWMA",
        "KODE KONDISI VISUAL ": "CV1",
        "JUMLAH LANTAI": "HEX:1",
        "TAKSONOMI": "CR/LFM/RSH8/RMT1+RMT6/EWMA/CV1/HEX:1",
        "KODE SIGKAT": "CR \\LFM\\HEX:1",
        "LUAS_M2": 212.482971065,
        "Koefisien": 1.0,
        "Nilai Exposure": 1066664514.7463,
        "Klasifikasi Rentang Exposure": "> Rp638.909.581,39 - Rp1.136.724.268,30",
        "koreksi_koordinat": "TIDAK"
      },
      "geometry": {
        "type": "Point",
        "coordinates": [
          105.235904,
          -5.553392
        ]
      }
    },
    {
      "type": "Feature",
      "properties": {
        "Nomor": 207,
        "NO": 207,
        "ID Bangunan": "Blok C (SDI-C80-080)",
        "Blok": "C",
        "Koordinat Latitude (Y)": -5.553311,
        "Koordinat Longitude (X)": 105.23584,
        "Fungsi Bangunan": "Rumah Tinggal",
        "Klasifikasi": "Hunian",
        "Jumlah Lantai": 1,
        "Material Dominan": "Pasang Bata",
        "Sistem Stuktur Tampak": "Dinding Pemikul",
        "Tipe Atap": "Pelana",
        "Material Penutup Atap": "Seng",
        "Dinding Luar": "Bata Plaster",
        "Kondisi Visual": "Baik",
        "Kode Material": "MUR (batu bata tanpa tulang)",
        "Kode Sistem Struktur": "LWAL",
        "Tingkat Keyakinan": "Tinggi",
        "Dokumetasi": null,
        "Kode Fungsi": "F01",
        "Klasifikasi Fungsi": "Hunian",
        "KODE MATERIAL": "MUR",
        "KODE SISTEM STRUKTUR": "LWAL",
        "KODE TIPE ATAP": "RSH2",
        "KODE MATERIAL PENUTUP ATAP": "RMT2",
        "KODE DINDING LUAR": "EWMA",
        "KODE KONDISI VISUAL ": "CV1",
        "JUMLAH LANTAI": "HEX:1",
        "TAKSONOMI": "MUR/LWAL/RSH2/RMT2/EWMA/CV1/HEX:1",
        "KODE SIGKAT": "MUR \\LWAL\\HEX:1",
        "LUAS_M2": 162.746165469,
        "Koefisien": 1.0,
        "Nilai Exposure": 816985750.65438,
        "Klasifikasi Rentang Exposure": "> Rp638.909.581,39 - Rp1.136.724.268,30",
        "koreksi_koordinat": "TIDAK"
      },
      "geometry": {
        "type": "Point",
        "coordinates": [
          105.23584,
          -5.553311
        ]
      }
    },
    {
      "type": "Feature",
      "properties": {
        "Nomor": 208,
        "NO": 208,
        "ID Bangunan": "Blok C (SDI-C81-081)",
        "Blok": "C",
        "Koordinat Latitude (Y)": -5.553266,
        "Koordinat Longitude (X)": 105.236129,
        "Fungsi Bangunan": "Rumah Tinggal",
        "Klasifikasi": "Hunian",
        "Jumlah Lantai": 1,
        "Material Dominan": "Beton Bertulang",
        "Sistem Stuktur Tampak": "Dinding Pemikul",
        "Tipe Atap": "Pelana",
        "Material Penutup Atap": "Genteng",
        "Dinding Luar": "Bata Plaster",
        "Kondisi Visual": "Baik",
        "Kode Material": "MCF (batu bata bertulang)",
        "Kode Sistem Struktur": "LWAL",
        "Tingkat Keyakinan": "Tinggi",
        "Dokumetasi": null,
        "Kode Fungsi": "F01",
        "Klasifikasi Fungsi": "Hunian",
        "KODE MATERIAL": "MCF",
        "KODE SISTEM STRUKTUR": "LWAL",
        "KODE TIPE ATAP": "RSH2",
        "KODE MATERIAL PENUTUP ATAP": "RMT1",
        "KODE DINDING LUAR": "EWMA",
        "KODE KONDISI VISUAL ": "CV1",
        "JUMLAH LANTAI": "HEX:1",
        "TAKSONOMI": "MCF/LWAL/RSH2/RMT1/EWMA/CV1/HEX:1",
        "KODE SIGKAT": "MCF \\LWAL\\HEX:1",
        "LUAS_M2": 275.920572936,
        "Koefisien": 1.0,
        "Nilai Exposure": 1385121276.13872,
        "Klasifikasi Rentang Exposure": "> Rp1.136.724.268,30 - Rp1.856.590.180,23",
        "koreksi_koordinat": "TIDAK"
      },
      "geometry": {
        "type": "Point",
        "coordinates": [
          105.236129,
          -5.553266
        ]
      }
    },
    {
      "type": "Feature",
      "properties": {
        "Nomor": 209,
        "NO": 209,
        "ID Bangunan": "Blok C (SDI-C83-083)",
        "Blok": "C",
        "Koordinat Latitude (Y)": -5.553525,
        "Koordinat Longitude (X)": 105.236008,
        "Fungsi Bangunan": "Rumah Tinggal",
        "Klasifikasi": "Hunian",
        "Jumlah Lantai": 1,
        "Material Dominan": "Pasang Bata",
        "Sistem Stuktur Tampak": "Dinding Pemikul",
        "Tipe Atap": "Pelana",
        "Material Penutup Atap": "Genteng",
        "Dinding Luar": "Bata Ekspos",
        "Kondisi Visual": "Baik",
        "Kode Material": "MUR (batu bata tanpa tulang)",
        "Kode Sistem Struktur": "LFINF",
        "Tingkat Keyakinan": "Tinggi",
        "Dokumetasi": null,
        "Kode Fungsi": "F01",
        "Klasifikasi Fungsi": "Hunian",
        "KODE MATERIAL": "MUR",
        "KODE SISTEM STRUKTUR": "LFINF",
        "KODE TIPE ATAP": "RSH2",
        "KODE MATERIAL PENUTUP ATAP": "RMT1",
        "KODE DINDING LUAR": "EWMA",
        "KODE KONDISI VISUAL ": "CV1",
        "JUMLAH LANTAI": "HEX:1",
        "TAKSONOMI": "MUR/LFINF/RSH2/RMT1/EWMA/CV1/HEX:1",
        "KODE SIGKAT": "MUR \\LFINF\\HEX:1",
        "LUAS_M2": 264.227631295,
        "Koefisien": 1.09,
        "Nilai Exposure": 1445800752.919981,
        "Klasifikasi Rentang Exposure": "> Rp1.136.724.268,30 - Rp1.856.590.180,23",
        "koreksi_koordinat": "TIDAK"
      },
      "geometry": {
        "type": "Point",
        "coordinates": [
          105.236008,
          -5.553525
        ]
      }
    },
    {
      "type": "Feature",
      "properties": {
        "Nomor": 210,
        "NO": 210,
        "ID Bangunan": "Blok C (SDI-C84-084)",
        "Blok": "C",
        "Koordinat Latitude (Y)": -5.553109,
        "Koordinat Longitude (X)": 105.235854,
        "Fungsi Bangunan": "Rumah Tinggal",
        "Klasifikasi": "Hunian",
        "Jumlah Lantai": 2,
        "Material Dominan": "Beton Bertulang",
        "Sistem Stuktur Tampak": "Rangka Beton Bertulang",
        "Tipe Atap": "Kombinasi",
        "Material Penutup Atap": "Seng",
        "Dinding Luar": "Bata Plaster",
        "Kondisi Visual": "Baik",
        "Kode Material": "MCF (batu bata bertulang)",
        "Kode Sistem Struktur": "LWAL",
        "Tingkat Keyakinan": "Tinggi",
        "Dokumetasi": null,
        "Kode Fungsi": "F01",
        "Klasifikasi Fungsi": "Hunian",
        "KODE MATERIAL": "MCF",
        "KODE SISTEM STRUKTUR": "LWAL",
        "KODE TIPE ATAP": "RSH8",
        "KODE MATERIAL PENUTUP ATAP": "RMT2",
        "KODE DINDING LUAR": "EWMA",
        "KODE KONDISI VISUAL ": "CV1",
        "JUMLAH LANTAI": "HEX:2",
        "TAKSONOMI": "MCF/LWAL/RSH8/RMT2/EWMA/CV1/HEX:2",
        "KODE SIGKAT": "MCF \\LWAL\\HEX:2",
        "LUAS_M2": 215.961350636,
        "Koefisien": 1.09,
        "Nilai Exposure": 1181697318.410065,
        "Klasifikasi Rentang Exposure": "> Rp1.136.724.268,30 - Rp1.856.590.180,23",
        "koreksi_koordinat": "TIDAK"
      },
      "geometry": {
        "type": "Point",
        "coordinates": [
          105.235854,
          -5.553109
        ]
      }
    },
    {
      "type": "Feature",
      "properties": {
        "Nomor": 211,
        "NO": 211,
        "ID Bangunan": "Blok C (SDI-C85-085)",
        "Blok": "C",
        "Koordinat Latitude (Y)": -5.552924,
        "Koordinat Longitude (X)": 105.235757,
        "Fungsi Bangunan": "Rumah Tinggal",
        "Klasifikasi": "Hunian",
        "Jumlah Lantai": 2,
        "Material Dominan": "Beton Bertulang",
        "Sistem Stuktur Tampak": "Rangka Beton Bertulang",
        "Tipe Atap": "Kombinasi",
        "Material Penutup Atap": "Seng",
        "Dinding Luar": "Bata Plaster",
        "Kondisi Visual": "Baik",
        "Kode Material": "MCF (batu bata bertulang)",
        "Kode Sistem Struktur": "LWAL",
        "Tingkat Keyakinan": "Tinggi",
        "Dokumetasi": null,
        "Kode Fungsi": "F01",
        "Klasifikasi Fungsi": "Hunian",
        "KODE MATERIAL": "MCF",
        "KODE SISTEM STRUKTUR": "LWAL",
        "KODE TIPE ATAP": "RSH8",
        "KODE MATERIAL PENUTUP ATAP": "RMT2",
        "KODE DINDING LUAR": "EWMA",
        "KODE KONDISI VISUAL ": "CV1",
        "JUMLAH LANTAI": "HEX:2",
        "TAKSONOMI": "MCF/LWAL/RSH8/RMT2/EWMA/CV1/HEX:2",
        "KODE SIGKAT": "MCF \\LWAL\\HEX:2",
        "LUAS_M2": 137.955266718,
        "Koefisien": 1.0,
        "Nilai Exposure": 692535438.9243599,
        "Klasifikasi Rentang Exposure": "> Rp638.909.581,39 - Rp1.136.724.268,30",
        "koreksi_koordinat": "TIDAK"
      },
      "geometry": {
        "type": "Point",
        "coordinates": [
          105.235757,
          -5.552924
        ]
      }
    },
    {
      "type": "Feature",
      "properties": {
        "Nomor": 212,
        "NO": 212,
        "ID Bangunan": "Blok C (SDI-C86-086)",
        "Blok": "C",
        "Koordinat Latitude (Y)": -5.552878,
        "Koordinat Longitude (X)": 105.235629,
        "Fungsi Bangunan": "Rumah Tinggal",
        "Klasifikasi": "Hunian",
        "Jumlah Lantai": 1,
        "Material Dominan": "Beton Bertulang",
        "Sistem Stuktur Tampak": "Dinding Pemikul",
        "Tipe Atap": "Kombinasi",
        "Material Penutup Atap": "Genteng dan Seng",
        "Dinding Luar": "Bata Plaster",
        "Kondisi Visual": "Baik",
        "Kode Material": "MCF (batu bata bertulang)",
        "Kode Sistem Struktur": "LWAL",
        "Tingkat Keyakinan": "Tinggi",
        "Dokumetasi": null,
        "Kode Fungsi": "F01",
        "Klasifikasi Fungsi": "Hunian",
        "KODE MATERIAL": "MCF",
        "KODE SISTEM STRUKTUR": "LWAL",
        "KODE TIPE ATAP": "RSH8",
        "KODE MATERIAL PENUTUP ATAP": "RMT1+RMT6",
        "KODE DINDING LUAR": "EWMA",
        "KODE KONDISI VISUAL ": "CV1",
        "JUMLAH LANTAI": "HEX:1",
        "TAKSONOMI": "MCF/LWAL/RSH8/RMT1+RMT6/EWMA/CV1/HEX:1",
        "KODE SIGKAT": "MCF \\LWAL\\HEX:1",
        "LUAS_M2": 372.427385003,
        "Koefisien": 1.0,
        "Nilai Exposure": 1869585472.71506,
        "Klasifikasi Rentang Exposure": "> Rp1.856.590.180,23 - < Rp11.941.713.042,64",
        "koreksi_koordinat": "TIDAK"
      },
      "geometry": {
        "type": "Point",
        "coordinates": [
          105.235629,
          -5.552878
        ]
      }
    },
    {
      "type": "Feature",
      "properties": {
        "Nomor": 213,
        "NO": 213,
        "ID Bangunan": "Blok C (SDI-C89-089)",
        "Blok": "C",
        "Koordinat Latitude (Y)": -5.553629,
        "Koordinat Longitude (X)": 105.236429,
        "Fungsi Bangunan": "Rumah Tinggal",
        "Klasifikasi": "Hunian",
        "Jumlah Lantai": 1,
        "Material Dominan": "Pasang Bata",
        "Sistem Stuktur Tampak": "Dinding Pemikul",
        "Tipe Atap": "Pelana",
        "Material Penutup Atap": "Genteng dan Seng",
        "Dinding Luar": "Bata Plaster",
        "Kondisi Visual": "Baik",
        "Kode Material": "MUR (batu bata tanpa tulang)",
        "Kode Sistem Struktur": "LFM",
        "Tingkat Keyakinan": "Tinggi",
        "Dokumetasi": null,
        "Kode Fungsi": "F01",
        "Klasifikasi Fungsi": "Hunian",
        "KODE MATERIAL": "MUR",
        "KODE SISTEM STRUKTUR": "LFM",
        "KODE TIPE ATAP": "RSH2",
        "KODE MATERIAL PENUTUP ATAP": "RMT1+RMT6",
        "KODE DINDING LUAR": "EWMA",
        "KODE KONDISI VISUAL ": "CV1",
        "JUMLAH LANTAI": "HEX:1",
        "TAKSONOMI": "MUR/LFM/RSH2/RMT1+RMT6/EWMA/CV1/HEX:1",
        "KODE SIGKAT": "MUR \\LFM\\HEX:1",
        "LUAS_M2": 372.427385003,
        "Koefisien": 1.0,
        "Nilai Exposure": 1869585472.71506,
        "Klasifikasi Rentang Exposure": "> Rp1.856.590.180,23 - < Rp11.941.713.042,64",
        "koreksi_koordinat": "TIDAK"
      },
      "geometry": {
        "type": "Point",
        "coordinates": [
          105.236429,
          -5.553629
        ]
      }
    },
    {
      "type": "Feature",
      "properties": {
        "Nomor": 214,
        "NO": 214,
        "ID Bangunan": "Blok C (SDI-C90-090)",
        "Blok": "C",
        "Koordinat Latitude (Y)": -5.553662,
        "Koordinat Longitude (X)": 105.236497,
        "Fungsi Bangunan": "Rumah Tinggal",
        "Klasifikasi": "Hunian",
        "Jumlah Lantai": 1,
        "Material Dominan": "Pasang Bata",
        "Sistem Stuktur Tampak": "Dinding Pemikul",
        "Tipe Atap": "Kombinasi",
        "Material Penutup Atap": "Seng",
        "Dinding Luar": "Bata Ekspos",
        "Kondisi Visual": "Baik",
        "Kode Material": "MUR (batu bata tanpa tulang)",
        "Kode Sistem Struktur": "LFINF",
        "Tingkat Keyakinan": "Tinggi",
        "Dokumetasi": null,
        "Kode Fungsi": "F01",
        "Klasifikasi Fungsi": "Hunian",
        "KODE MATERIAL": "MUR",
        "KODE SISTEM STRUKTUR": "LFINF",
        "KODE TIPE ATAP": "RSH8",
        "KODE MATERIAL PENUTUP ATAP": "RMT2",
        "KODE DINDING LUAR": "EWMA",
        "KODE KONDISI VISUAL ": "CV1",
        "JUMLAH LANTAI": "HEX:1",
        "TAKSONOMI": "MUR/LFINF/RSH8/RMT2/EWMA/CV1/HEX:1",
        "KODE SIGKAT": "MUR \\LFINF\\HEX:1",
        "LUAS_M2": 124.045993026,
        "Koefisien": 1.0,
        "Nilai Exposure": 622710884.99052,
        "Klasifikasi Rentang Exposure": "Rp14.611.983,05 - Rp638.909.581,39",
        "koreksi_koordinat": "TIDAK"
      },
      "geometry": {
        "type": "Point",
        "coordinates": [
          105.236497,
          -5.553662
        ]
      }
    },
    {
      "type": "Feature",
      "properties": {
        "Nomor": 215,
        "NO": 215,
        "ID Bangunan": "Blok C (SDI-C93-093)",
        "Blok": "C",
        "Koordinat Latitude (Y)": -5.553323,
        "Koordinat Longitude (X)": 105.236795,
        "Fungsi Bangunan": "Rumah Tinggal",
        "Klasifikasi": "Hunian",
        "Jumlah Lantai": 1,
        "Material Dominan": "Pasang Bata",
        "Sistem Stuktur Tampak": "Dinding Pemikul",
        "Tipe Atap": "Kombinasi",
        "Material Penutup Atap": "Genteng",
        "Dinding Luar": "Bata Ekspos",
        "Kondisi Visual": "Baik",
        "Kode Material": "MUR (batu bata tanpa tulang)",
        "Kode Sistem Struktur": "LFINF",
        "Tingkat Keyakinan": "Tinggi",
        "Dokumetasi": null,
        "Kode Fungsi": "F01",
        "Klasifikasi Fungsi": "Hunian",
        "KODE MATERIAL": "MUR",
        "KODE SISTEM STRUKTUR": "LFINF",
        "KODE TIPE ATAP": "RSH8",
        "KODE MATERIAL PENUTUP ATAP": "RMT1",
        "KODE DINDING LUAR": "EWMA",
        "KODE KONDISI VISUAL ": "CV1",
        "JUMLAH LANTAI": "HEX:1",
        "TAKSONOMI": "MUR/LFINF/RSH8/RMT1/EWMA/CV1/HEX:1",
        "KODE SIGKAT": "MUR \\LFINF\\HEX:1",
        "LUAS_M2": 115.841806408,
        "Koefisien": 1.0,
        "Nilai Exposure": 581525868.16816,
        "Klasifikasi Rentang Exposure": "Rp14.611.983,05 - Rp638.909.581,39",
        "koreksi_koordinat": "TIDAK"
      },
      "geometry": {
        "type": "Point",
        "coordinates": [
          105.236795,
          -5.553323
        ]
      }
    },
    {
      "type": "Feature",
      "properties": {
        "Nomor": 216,
        "NO": 216,
        "ID Bangunan": "Blok C (SDI-C94-094)",
        "Blok": "C",
        "Koordinat Latitude (Y)": -5.553139,
        "Koordinat Longitude (X)": 105.236691,
        "Fungsi Bangunan": "Rumah Tinggal",
        "Klasifikasi": "Hunian",
        "Jumlah Lantai": 1,
        "Material Dominan": "Pasang Bata",
        "Sistem Stuktur Tampak": "Dinding Pemikul",
        "Tipe Atap": "Kombinasi",
        "Material Penutup Atap": "Genteng dan Seng",
        "Dinding Luar": "Bata Plaster",
        "Kondisi Visual": "Baik",
        "Kode Material": "MUR (batu bata tanpa tulang)",
        "Kode Sistem Struktur": "LFM",
        "Tingkat Keyakinan": "Tinggi",
        "Dokumetasi": null,
        "Kode Fungsi": "F01",
        "Klasifikasi Fungsi": "Hunian",
        "KODE MATERIAL": "MUR",
        "KODE SISTEM STRUKTUR": "LFM",
        "KODE TIPE ATAP": "RSH8",
        "KODE MATERIAL PENUTUP ATAP": "RMT1+RMT6",
        "KODE DINDING LUAR": "EWMA",
        "KODE KONDISI VISUAL ": "CV1",
        "JUMLAH LANTAI": "HEX:1",
        "TAKSONOMI": "MUR/LFM/RSH8/RMT1+RMT6/EWMA/CV1/HEX:1",
        "KODE SIGKAT": "MUR \\LFM\\HEX:1",
        "LUAS_M2": 210.498002565,
        "Koefisien": 1.0,
        "Nilai Exposure": 1056699972.8763,
        "Klasifikasi Rentang Exposure": "> Rp638.909.581,39 - Rp1.136.724.268,30",
        "koreksi_koordinat": "TIDAK"
      },
      "geometry": {
        "type": "Point",
        "coordinates": [
          105.236691,
          -5.553139
        ]
      }
    },
    {
      "type": "Feature",
      "properties": {
        "Nomor": 217,
        "NO": 217,
        "ID Bangunan": "Blok C (SDI-C95-095)",
        "Blok": "C",
        "Koordinat Latitude (Y)": -5.553149,
        "Koordinat Longitude (X)": 105.236606,
        "Fungsi Bangunan": "Rumah Tinggal",
        "Klasifikasi": "Hunian",
        "Jumlah Lantai": 1,
        "Material Dominan": "Pasang Bata",
        "Sistem Stuktur Tampak": "Dinding Pemikul",
        "Tipe Atap": "Pelana",
        "Material Penutup Atap": "Seng",
        "Dinding Luar": "Bata Ekspos",
        "Kondisi Visual": "Baik",
        "Kode Material": "MUR (batu bata tanpa tulang)",
        "Kode Sistem Struktur": "LFINF",
        "Tingkat Keyakinan": "Tinggi",
        "Dokumetasi": null,
        "Kode Fungsi": "F01",
        "Klasifikasi Fungsi": "Hunian",
        "KODE MATERIAL": "MUR",
        "KODE SISTEM STRUKTUR": "LFINF",
        "KODE TIPE ATAP": "RSH2",
        "KODE MATERIAL PENUTUP ATAP": "RMT2",
        "KODE DINDING LUAR": "EWMA",
        "KODE KONDISI VISUAL ": "CV1",
        "JUMLAH LANTAI": "HEX:1",
        "TAKSONOMI": "MUR/LFINF/RSH2/RMT2/EWMA/CV1/HEX:1",
        "KODE SIGKAT": "MUR \\LFINF\\HEX:1",
        "LUAS_M2": 137.706754904,
        "Koefisien": 1.0,
        "Nilai Exposure": 691287909.61808,
        "Klasifikasi Rentang Exposure": "> Rp638.909.581,39 - Rp1.136.724.268,30",
        "koreksi_koordinat": "TIDAK"
      },
      "geometry": {
        "type": "Point",
        "coordinates": [
          105.236606,
          -5.553149
        ]
      }
    },
    {
      "type": "Feature",
      "properties": {
        "Nomor": 218,
        "NO": 218,
        "ID Bangunan": "Blok C (SDI-C97-097)",
        "Blok": "C",
        "Koordinat Latitude (Y)": -5.55292,
        "Koordinat Longitude (X)": 105.236673,
        "Fungsi Bangunan": "Rumah Tinggal",
        "Klasifikasi": "Hunian",
        "Jumlah Lantai": 1,
        "Material Dominan": "Beton Bertulang",
        "Sistem Stuktur Tampak": "Rangka Beton Bertulang",
        "Tipe Atap": "Kombinasi",
        "Material Penutup Atap": "Genteng dan Seng",
        "Dinding Luar": "Bata Ekspos",
        "Kondisi Visual": "Baik",
        "Kode Material": "MCF (batu bata bertulang)",
        "Kode Sistem Struktur": "LFINF",
        "Tingkat Keyakinan": "Tinggi",
        "Dokumetasi": null,
        "Kode Fungsi": "F01",
        "Klasifikasi Fungsi": "Hunian",
        "KODE MATERIAL": "MCF",
        "KODE SISTEM STRUKTUR": "LFINF",
        "KODE TIPE ATAP": "RSH8",
        "KODE MATERIAL PENUTUP ATAP": "RMT1+RMT6",
        "KODE DINDING LUAR": "EWMA",
        "KODE KONDISI VISUAL ": "CV1",
        "JUMLAH LANTAI": "HEX:1",
        "TAKSONOMI": "MCF/LFINF/RSH8/RMT1+RMT6/EWMA/CV1/HEX:1",
        "KODE SIGKAT": "MCF \\LFINF\\HEX:1",
        "LUAS_M2": 119.779677771,
        "Koefisien": 1.0,
        "Nilai Exposure": 601293982.41042,
        "Klasifikasi Rentang Exposure": "Rp14.611.983,05 - Rp638.909.581,39",
        "koreksi_koordinat": "TIDAK"
      },
      "geometry": {
        "type": "Point",
        "coordinates": [
          105.236673,
          -5.55292
        ]
      }
    },
    {
      "type": "Feature",
      "properties": {
        "Nomor": 219,
        "NO": 219,
        "ID Bangunan": "Blok C (SDI-C98-098)",
        "Blok": "C",
        "Koordinat Latitude (Y)": -5.552822,
        "Koordinat Longitude (X)": 105.236721,
        "Fungsi Bangunan": "Rumah Tinggal",
        "Klasifikasi": "Hunian",
        "Jumlah Lantai": 1,
        "Material Dominan": "Pasang Bata",
        "Sistem Stuktur Tampak": "Dinding Pemikul",
        "Tipe Atap": "Pelana",
        "Material Penutup Atap": "Genteng dan Seng",
        "Dinding Luar": "Bata Plaster",
        "Kondisi Visual": "Baik",
        "Kode Material": "MUR (batu bata tanpa tulang)",
        "Kode Sistem Struktur": "LFINF",
        "Tingkat Keyakinan": "Tinggi",
        "Dokumetasi": null,
        "Kode Fungsi": "F01",
        "Klasifikasi Fungsi": "Hunian",
        "KODE MATERIAL": "MUR",
        "KODE SISTEM STRUKTUR": "LFINF",
        "KODE TIPE ATAP": "RSH2",
        "KODE MATERIAL PENUTUP ATAP": "RMT1+RMT6",
        "KODE DINDING LUAR": "EWMA",
        "KODE KONDISI VISUAL ": "CV1",
        "JUMLAH LANTAI": "HEX:1",
        "TAKSONOMI": "MUR/LFINF/RSH2/RMT1+RMT6/EWMA/CV1/HEX:1",
        "KODE SIGKAT": "MUR \\LFINF\\HEX:1",
        "LUAS_M2": 257.562382882,
        "Koefisien": 1.0,
        "Nilai Exposure": 1292963162.06764,
        "Klasifikasi Rentang Exposure": "> Rp1.136.724.268,30 - Rp1.856.590.180,23",
        "koreksi_koordinat": "TIDAK"
      },
      "geometry": {
        "type": "Point",
        "coordinates": [
          105.236721,
          -5.552822
        ]
      }
    },
    {
      "type": "Feature",
      "properties": {
        "Nomor": 220,
        "NO": 220,
        "ID Bangunan": "Blok C (SDI-C99-099)",
        "Blok": "C",
        "Koordinat Latitude (Y)": -5.552976,
        "Koordinat Longitude (X)": 105.236425,
        "Fungsi Bangunan": "Rumah Tinggal",
        "Klasifikasi": "Hunian",
        "Jumlah Lantai": 1,
        "Material Dominan": "Pasang Bata",
        "Sistem Stuktur Tampak": "Dinding Pemikul",
        "Tipe Atap": "Kombinasi",
        "Material Penutup Atap": "Seng",
        "Dinding Luar": "Bata Ekspos",
        "Kondisi Visual": "Baik",
        "Kode Material": "MUR (batu bata tanpa tulang)",
        "Kode Sistem Struktur": "LFINF",
        "Tingkat Keyakinan": "Tinggi",
        "Dokumetasi": null,
        "Kode Fungsi": "F01",
        "Klasifikasi Fungsi": "Hunian",
        "KODE MATERIAL": "MUR",
        "KODE SISTEM STRUKTUR": "LFINF",
        "KODE TIPE ATAP": "RSH8",
        "KODE MATERIAL PENUTUP ATAP": "RMT2",
        "KODE DINDING LUAR": "EWMA",
        "KODE KONDISI VISUAL ": "CV1",
        "JUMLAH LANTAI": "HEX:1",
        "TAKSONOMI": "MUR/LFINF/RSH8/RMT2/EWMA/CV1/HEX:1",
        "KODE SIGKAT": "MUR \\LFINF\\HEX:1",
        "LUAS_M2": 239.540628074,
        "Koefisien": 1.0,
        "Nilai Exposure": 1202493952.9314802,
        "Klasifikasi Rentang Exposure": "> Rp1.136.724.268,30 - Rp1.856.590.180,23",
        "koreksi_koordinat": "TIDAK"
      },
      "geometry": {
        "type": "Point",
        "coordinates": [
          105.236425,
          -5.552976
        ]
      }
    },
    {
      "type": "Feature",
      "properties": {
        "Nomor": 221,
        "NO": 221,
        "ID Bangunan": "Blok C (SDI-C100-100)",
        "Blok": "C",
        "Koordinat Latitude (Y)": -5.552764,
        "Koordinat Longitude (X)": 105.236524,
        "Fungsi Bangunan": "Rumah Tinggal",
        "Klasifikasi": "Hunian",
        "Jumlah Lantai": 1,
        "Material Dominan": "Pasang Bata",
        "Sistem Stuktur Tampak": "Dinding Pemikul",
        "Tipe Atap": "Kombinasi",
        "Material Penutup Atap": "Seng",
        "Dinding Luar": "Bata Plaster",
        "Kondisi Visual": "Baik",
        "Kode Material": "MUR (batu bata tanpa tulang)",
        "Kode Sistem Struktur": "LWAL",
        "Tingkat Keyakinan": "Tinggi",
        "Dokumetasi": null,
        "Kode Fungsi": "F01",
        "Klasifikasi Fungsi": "Hunian",
        "KODE MATERIAL": "MUR",
        "KODE SISTEM STRUKTUR": "LWAL",
        "KODE TIPE ATAP": "RSH8",
        "KODE MATERIAL PENUTUP ATAP": "RMT2",
        "KODE DINDING LUAR": "EWMA",
        "KODE KONDISI VISUAL ": "CV1",
        "JUMLAH LANTAI": "HEX:1",
        "TAKSONOMI": "MUR/LWAL/RSH8/RMT2/EWMA/CV1/HEX:1",
        "KODE SIGKAT": "MUR \\LWAL\\HEX:1",
        "LUAS_M2": 232.387317515,
        "Koefisien": 1.0,
        "Nilai Exposure": 1166584333.9253001,
        "Klasifikasi Rentang Exposure": "> Rp1.136.724.268,30 - Rp1.856.590.180,23",
        "koreksi_koordinat": "TIDAK"
      },
      "geometry": {
        "type": "Point",
        "coordinates": [
          105.236524,
          -5.552764
        ]
      }
    },
    {
      "type": "Feature",
      "properties": {
        "Nomor": 222,
        "NO": 222,
        "ID Bangunan": "Blok C (SDI-C101-101)",
        "Blok": "C",
        "Koordinat Latitude (Y)": -5.55262,
        "Koordinat Longitude (X)": 105.236353,
        "Fungsi Bangunan": "Rumah Tinggal",
        "Klasifikasi": "Hunian",
        "Jumlah Lantai": 1,
        "Material Dominan": "Pasang Bata",
        "Sistem Stuktur Tampak": "Dinding Pemikul",
        "Tipe Atap": "Kombinasi",
        "Material Penutup Atap": "Seng",
        "Dinding Luar": "Bata Ekspos",
        "Kondisi Visual": "Baik",
        "Kode Material": "MUR (batu bata tanpa tulang)",
        "Kode Sistem Struktur": "LFINF",
        "Tingkat Keyakinan": "Tinggi",
        "Dokumetasi": null,
        "Kode Fungsi": "F01",
        "Klasifikasi Fungsi": "Hunian",
        "KODE MATERIAL": "MUR",
        "KODE SISTEM STRUKTUR": "LFINF",
        "KODE TIPE ATAP": "RSH8",
        "KODE MATERIAL PENUTUP ATAP": "RMT2",
        "KODE DINDING LUAR": "EWMA",
        "KODE KONDISI VISUAL ": "CV1",
        "JUMLAH LANTAI": "HEX:1",
        "TAKSONOMI": "MUR/LFINF/RSH8/RMT2/EWMA/CV1/HEX:1",
        "KODE SIGKAT": "MUR \\LFINF\\HEX:1",
        "LUAS_M2": 155.600075964,
        "Koefisien": 1.0,
        "Nilai Exposure": 781112381.33928,
        "Klasifikasi Rentang Exposure": "> Rp638.909.581,39 - Rp1.136.724.268,30",
        "koreksi_koordinat": "TIDAK"
      },
      "geometry": {
        "type": "Point",
        "coordinates": [
          105.236353,
          -5.55262
        ]
      }
    },
    {
      "type": "Feature",
      "properties": {
        "Nomor": 223,
        "NO": 223,
        "ID Bangunan": "SDI-C105-105",
        "Blok": "C",
        "Koordinat Latitude (Y)": -5.552295,
        "Koordinat Longitude (X)": 105.235544,
        "Fungsi Bangunan": "Rumah Tinggal",
        "Klasifikasi": "Hunian",
        "Jumlah Lantai": 1,
        "Material Dominan": "Pasang Bata",
        "Sistem Stuktur Tampak": "Dinding Pemikul",
        "Tipe Atap": "Pelana",
        "Material Penutup Atap": "Genteng",
        "Dinding Luar": "Bata Ekspos",
        "Kondisi Visual": "Baik",
        "Kode Material": "MUR (batu bata tanpa tulang)",
        "Kode Sistem Struktur": "LWAL",
        "Tingkat Keyakinan": "Tinggi",
        "Dokumetasi": null,
        "Kode Fungsi": "F01",
        "Klasifikasi Fungsi": "Hunian",
        "KODE MATERIAL": "MUR",
        "KODE SISTEM STRUKTUR": "LWAL",
        "KODE TIPE ATAP": "RSH2",
        "KODE MATERIAL PENUTUP ATAP": "RMT1",
        "KODE DINDING LUAR": "EWMA",
        "KODE KONDISI VISUAL ": "CV1",
        "JUMLAH LANTAI": "HEX:1",
        "TAKSONOMI": "MUR/LWAL/RSH2/RMT1/EWMA/CV1/HEX:1",
        "KODE SIGKAT": "MUR \\LWAL\\HEX:1",
        "LUAS_M2": 269.489195817,
        "Koefisien": 1.0,
        "Nilai Exposure": 1352835763.00134,
        "Klasifikasi Rentang Exposure": "> Rp1.136.724.268,30 - Rp1.856.590.180,23",
        "koreksi_koordinat": "Y_POSITIF_DIBALIK"
      },
      "geometry": {
        "type": "Point",
        "coordinates": [
          105.235544,
          -5.552295
        ]
      }
    },
    {
      "type": "Feature",
      "properties": {
        "Nomor": 224,
        "NO": 224,
        "ID Bangunan": "SDI-C106-106",
        "Blok": "C",
        "Koordinat Latitude (Y)": -5.552396,
        "Koordinat Longitude (X)": 105.235626,
        "Fungsi Bangunan": "Rumah Tinggal",
        "Klasifikasi": "Hunian",
        "Jumlah Lantai": 1,
        "Material Dominan": "Pasang Bata",
        "Sistem Stuktur Tampak": "Rangka Beton Bertulang",
        "Tipe Atap": "Pelana",
        "Material Penutup Atap": "Genteng",
        "Dinding Luar": "Bata Plaster",
        "Kondisi Visual": "Baik",
        "Kode Material": "MCF (batu bata bertulang)",
        "Kode Sistem Struktur": "LFINF",
        "Tingkat Keyakinan": "Tinggi",
        "Dokumetasi": null,
        "Kode Fungsi": "F01",
        "Klasifikasi Fungsi": "Hunian",
        "KODE MATERIAL": "MCF",
        "KODE SISTEM STRUKTUR": "LFINF",
        "KODE TIPE ATAP": "RSH2",
        "KODE MATERIAL PENUTUP ATAP": "RMT1",
        "KODE DINDING LUAR": "EWMA",
        "KODE KONDISI VISUAL ": "CV1",
        "JUMLAH LANTAI": "HEX:1",
        "TAKSONOMI": "MCF/LFINF/RSH2/RMT1/EWMA/CV1/HEX:1",
        "KODE SIGKAT": "MCF \\LFINF\\HEX:1",
        "LUAS_M2": 142.243523306,
        "Koefisien": 1.0,
        "Nilai Exposure": 714062486.99612,
        "Klasifikasi Rentang Exposure": "> Rp638.909.581,39 - Rp1.136.724.268,30",
        "koreksi_koordinat": "TIDAK"
      },
      "geometry": {
        "type": "Point",
        "coordinates": [
          105.235626,
          -5.552396
        ]
      }
    },
    {
      "type": "Feature",
      "properties": {
        "Nomor": 225,
        "NO": 225,
        "ID Bangunan": "SDI-C107-107",
        "Blok": "C",
        "Koordinat Latitude (Y)": -5.552199,
        "Koordinat Longitude (X)": 105.235489,
        "Fungsi Bangunan": "Rumah Tinggal",
        "Klasifikasi": "Hunian",
        "Jumlah Lantai": 1,
        "Material Dominan": "Pasang Bata",
        "Sistem Stuktur Tampak": "Rangka Beton Bertulang",
        "Tipe Atap": "Limasan",
        "Material Penutup Atap": "Genteng",
        "Dinding Luar": "Bata Plaster",
        "Kondisi Visual": "Baik",
        "Kode Material": "MCF (batu bata bertulang)",
        "Kode Sistem Struktur": "LFINF",
        "Tingkat Keyakinan": "Tinggi",
        "Dokumetasi": null,
        "Kode Fungsi": "F01",
        "Klasifikasi Fungsi": "Hunian",
        "KODE MATERIAL": "MCF",
        "KODE SISTEM STRUKTUR": "LFINF",
        "KODE TIPE ATAP": "RSH3",
        "KODE MATERIAL PENUTUP ATAP": "RMT1",
        "KODE DINDING LUAR": "EWMA",
        "KODE KONDISI VISUAL ": "CV1",
        "JUMLAH LANTAI": "HEX:1",
        "TAKSONOMI": "MCF/LFINF/RSH3/RMT1/EWMA/CV1/HEX:1",
        "KODE SIGKAT": "MCF \\LFINF\\HEX:1",
        "LUAS_M2": 138.28738833,
        "Koefisien": 1.0,
        "Nilai Exposure": 694202689.4166,
        "Klasifikasi Rentang Exposure": "> Rp638.909.581,39 - Rp1.136.724.268,30",
        "koreksi_koordinat": "TIDAK"
      },
      "geometry": {
        "type": "Point",
        "coordinates": [
          105.235489,
          -5.552199
        ]
      }
    },
    {
      "type": "Feature",
      "properties": {
        "Nomor": 226,
        "NO": 226,
        "ID Bangunan": "SDI-C108-108",
        "Blok": "C",
        "Koordinat Latitude (Y)": -5.552806,
        "Koordinat Longitude (X)": 105.235264,
        "Fungsi Bangunan": "Rumah Tinggal",
        "Klasifikasi": "Hunian",
        "Jumlah Lantai": 1,
        "Material Dominan": "Pasang Bata",
        "Sistem Stuktur Tampak": "Dinding Pemikul",
        "Tipe Atap": "Pelana",
        "Material Penutup Atap": "Seng",
        "Dinding Luar": "Campuran",
        "Kondisi Visual": "Baik",
        "Kode Material": "MUR (batu bata tanpa tulang)",
        "Kode Sistem Struktur": "LWAL",
        "Tingkat Keyakinan": "Tinggi",
        "Dokumetasi": null,
        "Kode Fungsi": "F01",
        "Klasifikasi Fungsi": "Hunian",
        "KODE MATERIAL": "MUR",
        "KODE SISTEM STRUKTUR": "LWAL",
        "KODE TIPE ATAP": "RSH2",
        "KODE MATERIAL PENUTUP ATAP": "RMT2",
        "KODE DINDING LUAR": "EWO",
        "KODE KONDISI VISUAL ": "CV1",
        "JUMLAH LANTAI": "HEX:1",
        "TAKSONOMI": "MUR/LWAL/RSH2/RMT2/EWO/CV1/HEX:1",
        "KODE SIGKAT": "MUR \\LWAL\\HEX:1",
        "LUAS_M2": 232.881865552,
        "Koefisien": 1.0,
        "Nilai Exposure": 1169066965.07104,
        "Klasifikasi Rentang Exposure": "> Rp1.136.724.268,30 - Rp1.856.590.180,23",
        "koreksi_koordinat": "TIDAK"
      },
      "geometry": {
        "type": "Point",
        "coordinates": [
          105.235264,
          -5.552806
        ]
      }
    },
    {
      "type": "Feature",
      "properties": {
        "Nomor": 227,
        "NO": 227,
        "ID Bangunan": "SDI-C109-109",
        "Blok": "C",
        "Koordinat Latitude (Y)": -5.552829,
        "Koordinat Longitude (X)": 105.235085,
        "Fungsi Bangunan": "Rumah Tinggal",
        "Klasifikasi": "Hunian",
        "Jumlah Lantai": 1,
        "Material Dominan": "Pasang Bata",
        "Sistem Stuktur Tampak": "Rangka Beton Bertulang",
        "Tipe Atap": "Limasan",
        "Material Penutup Atap": "Genteng",
        "Dinding Luar": "Bata Plaster",
        "Kondisi Visual": "Baik",
        "Kode Material": "MCF (batu bata bertulang)",
        "Kode Sistem Struktur": "LFINF",
        "Tingkat Keyakinan": "Tinggi",
        "Dokumetasi": null,
        "Kode Fungsi": "F01",
        "Klasifikasi Fungsi": "Hunian",
        "KODE MATERIAL": "MCF",
        "KODE SISTEM STRUKTUR": "LFINF",
        "KODE TIPE ATAP": "RSH3",
        "KODE MATERIAL PENUTUP ATAP": "RMT1",
        "KODE DINDING LUAR": "EWMA",
        "KODE KONDISI VISUAL ": "CV1",
        "JUMLAH LANTAI": "HEX:1",
        "TAKSONOMI": "MCF/LFINF/RSH3/RMT1/EWMA/CV1/HEX:1",
        "KODE SIGKAT": "MCF \\LFINF\\HEX:1",
        "LUAS_M2": 194.213465258,
        "Koefisien": 1.0,
        "Nilai Exposure": 974951595.5951601,
        "Klasifikasi Rentang Exposure": "> Rp638.909.581,39 - Rp1.136.724.268,30",
        "koreksi_koordinat": "TIDAK"
      },
      "geometry": {
        "type": "Point",
        "coordinates": [
          105.235085,
          -5.552829
        ]
      }
    },
    {
      "type": "Feature",
      "properties": {
        "Nomor": 228,
        "NO": 228,
        "ID Bangunan": "SDI-C110-110",
        "Blok": "C",
        "Koordinat Latitude (Y)": -5.553123,
        "Koordinat Longitude (X)": 105.235209,
        "Fungsi Bangunan": "Rumah Tinggal",
        "Klasifikasi": "Hunian",
        "Jumlah Lantai": 1,
        "Material Dominan": "Pasang Bata",
        "Sistem Stuktur Tampak": "Dinding Pemikul",
        "Tipe Atap": "Pelana",
        "Material Penutup Atap": "Genteng",
        "Dinding Luar": "Bata Plaster",
        "Kondisi Visual": "Baik",
        "Kode Material": "MUR (batu bata tanpa tulang)",
        "Kode Sistem Struktur": "LWAL",
        "Tingkat Keyakinan": "Tinggi",
        "Dokumetasi": null,
        "Kode Fungsi": "F01",
        "Klasifikasi Fungsi": "Hunian",
        "KODE MATERIAL": "MUR",
        "KODE SISTEM STRUKTUR": "LWAL",
        "KODE TIPE ATAP": "RSH2",
        "KODE MATERIAL PENUTUP ATAP": "RMT1",
        "KODE DINDING LUAR": "EWMA",
        "KODE KONDISI VISUAL ": "CV1",
        "JUMLAH LANTAI": "HEX:1",
        "TAKSONOMI": "MUR/LWAL/RSH2/RMT1/EWMA/CV1/HEX:1",
        "KODE SIGKAT": "MUR \\LWAL\\HEX:1",
        "LUAS_M2": 241.559658744,
        "Koefisien": 1.0,
        "Nilai Exposure": 1212629486.89488,
        "Klasifikasi Rentang Exposure": "> Rp1.136.724.268,30 - Rp1.856.590.180,23",
        "koreksi_koordinat": "TIDAK"
      },
      "geometry": {
        "type": "Point",
        "coordinates": [
          105.235209,
          -5.553123
        ]
      }
    },
    {
      "type": "Feature",
      "properties": {
        "Nomor": 229,
        "NO": 229,
        "ID Bangunan": "SDI-C111-111",
        "Blok": "C",
        "Koordinat Latitude (Y)": -5.55316,
        "Koordinat Longitude (X)": 105.235048,
        "Fungsi Bangunan": "Rumah Tinggal",
        "Klasifikasi": "Hunian",
        "Jumlah Lantai": 1,
        "Material Dominan": "Pasang Bata",
        "Sistem Stuktur Tampak": "Rangka Beton Bertulang",
        "Tipe Atap": "Pelana",
        "Material Penutup Atap": "Genteng",
        "Dinding Luar": "Bata Plaster",
        "Kondisi Visual": "Baik",
        "Kode Material": "MCF (batu bata bertulang)",
        "Kode Sistem Struktur": "LFINF",
        "Tingkat Keyakinan": "Tinggi",
        "Dokumetasi": null,
        "Kode Fungsi": "F01",
        "Klasifikasi Fungsi": "Hunian",
        "KODE MATERIAL": "MCF",
        "KODE SISTEM STRUKTUR": "LFINF",
        "KODE TIPE ATAP": "RSH2",
        "KODE MATERIAL PENUTUP ATAP": "RMT1",
        "KODE DINDING LUAR": "EWMA",
        "KODE KONDISI VISUAL ": "CV1",
        "JUMLAH LANTAI": "HEX:1",
        "TAKSONOMI": "MCF/LFINF/RSH2/RMT1/EWMA/CV1/HEX:1",
        "KODE SIGKAT": "MCF \\LFINF\\HEX:1",
        "LUAS_M2": 192.726323762,
        "Koefisien": 1.0,
        "Nilai Exposure": 967486145.2852399,
        "Klasifikasi Rentang Exposure": "> Rp638.909.581,39 - Rp1.136.724.268,30",
        "koreksi_koordinat": "TIDAK"
      },
      "geometry": {
        "type": "Point",
        "coordinates": [
          105.235048,
          -5.55316
        ]
      }
    },
    {
      "type": "Feature",
      "properties": {
        "Nomor": 230,
        "NO": 230,
        "ID Bangunan": "SDI-C112-112",
        "Blok": "C",
        "Koordinat Latitude (Y)": -5.55322,
        "Koordinat Longitude (X)": 105.234975,
        "Fungsi Bangunan": "Rumah Tinggal",
        "Klasifikasi": "Hunian",
        "Jumlah Lantai": 1,
        "Material Dominan": "Pasang Bata",
        "Sistem Stuktur Tampak": "Rangka Beton Bertulang",
        "Tipe Atap": "Limasan",
        "Material Penutup Atap": "Genteng",
        "Dinding Luar": "Bata Plaster",
        "Kondisi Visual": "Baik",
        "Kode Material": "MCF (batu bata bertulang)",
        "Kode Sistem Struktur": "LFINF",
        "Tingkat Keyakinan": "Tinggi",
        "Dokumetasi": null,
        "Kode Fungsi": "F01",
        "Klasifikasi Fungsi": "Hunian",
        "KODE MATERIAL": "MCF",
        "KODE SISTEM STRUKTUR": "LFINF",
        "KODE TIPE ATAP": "RSH3",
        "KODE MATERIAL PENUTUP ATAP": "RMT1",
        "KODE DINDING LUAR": "EWMA",
        "KODE KONDISI VISUAL ": "CV1",
        "JUMLAH LANTAI": "HEX:1",
        "TAKSONOMI": "MCF/LFINF/RSH3/RMT1/EWMA/CV1/HEX:1",
        "KODE SIGKAT": "MCF \\LFINF\\HEX:1",
        "LUAS_M2": 159.66182889,
        "Koefisien": 1.0,
        "Nilai Exposure": 801502381.0278001,
        "Klasifikasi Rentang Exposure": "> Rp638.909.581,39 - Rp1.136.724.268,30",
        "koreksi_koordinat": "TIDAK"
      },
      "geometry": {
        "type": "Point",
        "coordinates": [
          105.234975,
          -5.55322
        ]
      }
    },
    {
      "type": "Feature",
      "properties": {
        "Nomor": 231,
        "NO": 231,
        "ID Bangunan": "SDI-C113-113",
        "Blok": "C",
        "Koordinat Latitude (Y)": -5.552875,
        "Koordinat Longitude (X)": 105.234892,
        "Fungsi Bangunan": "Rumah Tinggal",
        "Klasifikasi": "Hunian",
        "Jumlah Lantai": 1,
        "Material Dominan": "Pasang Bata",
        "Sistem Stuktur Tampak": "Dinding Pemikul",
        "Tipe Atap": "Pelana",
        "Material Penutup Atap": "Seng",
        "Dinding Luar": "Bata Ekspos",
        "Kondisi Visual": "Baik",
        "Kode Material": "MUR (batu bata tanpa tulang)",
        "Kode Sistem Struktur": "LWAL",
        "Tingkat Keyakinan": "Tinggi",
        "Dokumetasi": null,
        "Kode Fungsi": "F01",
        "Klasifikasi Fungsi": "Hunian",
        "KODE MATERIAL": "MUR",
        "KODE SISTEM STRUKTUR": "LWAL",
        "KODE TIPE ATAP": "RSH2",
        "KODE MATERIAL PENUTUP ATAP": "RMT2",
        "KODE DINDING LUAR": "EWMA",
        "KODE KONDISI VISUAL ": "CV1",
        "JUMLAH LANTAI": "HEX:1",
        "TAKSONOMI": "MUR/LWAL/RSH2/RMT2/EWMA/CV1/HEX:1",
        "KODE SIGKAT": "MUR \\LWAL\\HEX:1",
        "LUAS_M2": 34.1483738201,
        "Koefisien": 1.0,
        "Nilai Exposure": 171424836.576902,
        "Klasifikasi Rentang Exposure": "Rp14.611.983,05 - Rp638.909.581,39",
        "koreksi_koordinat": "TIDAK"
      },
      "geometry": {
        "type": "Point",
        "coordinates": [
          105.234892,
          -5.552875
        ]
      }
    },
    {
      "type": "Feature",
      "properties": {
        "Nomor": 232,
        "NO": 232,
        "ID Bangunan": "SDI-C114-114",
        "Blok": "C",
        "Koordinat Latitude (Y)": -5.55333,
        "Koordinat Longitude (X)": 105.234837,
        "Fungsi Bangunan": "Rumah Tinggal",
        "Klasifikasi": "Hunian",
        "Jumlah Lantai": 1,
        "Material Dominan": "Pasang Bata",
        "Sistem Stuktur Tampak": "Dinding Pemikul",
        "Tipe Atap": "Pelana",
        "Material Penutup Atap": "Genteng",
        "Dinding Luar": "Campuran",
        "Kondisi Visual": "Baik",
        "Kode Material": "MUR (batu bata tanpa tulang)",
        "Kode Sistem Struktur": "LWAL",
        "Tingkat Keyakinan": "Tinggi",
        "Dokumetasi": null,
        "Kode Fungsi": "F01",
        "Klasifikasi Fungsi": "Hunian",
        "KODE MATERIAL": "MUR",
        "KODE SISTEM STRUKTUR": "LWAL",
        "KODE TIPE ATAP": "RSH2",
        "KODE MATERIAL PENUTUP ATAP": "RMT1",
        "KODE DINDING LUAR": "EWO",
        "KODE KONDISI VISUAL ": "CV1",
        "JUMLAH LANTAI": "HEX:1",
        "TAKSONOMI": "MUR/LWAL/RSH2/RMT1/EWO/CV1/HEX:1",
        "KODE SIGKAT": "MUR \\LWAL\\HEX:1",
        "LUAS_M2": 95.7889873303,
        "Koefisien": 1.0,
        "Nilai Exposure": 480860716.39810604,
        "Klasifikasi Rentang Exposure": "Rp14.611.983,05 - Rp638.909.581,39",
        "koreksi_koordinat": "TIDAK"
      },
      "geometry": {
        "type": "Point",
        "coordinates": [
          105.234837,
          -5.55333
        ]
      }
    },
    {
      "type": "Feature",
      "properties": {
        "Nomor": 233,
        "NO": 233,
        "ID Bangunan": "SDI-C116-116",
        "Blok": "C",
        "Koordinat Latitude (Y)": -5.553454,
        "Koordinat Longitude (X)": 105.235081,
        "Fungsi Bangunan": "Rumah Tinggal",
        "Klasifikasi": "Hunian",
        "Jumlah Lantai": 1,
        "Material Dominan": "Pasang Bata",
        "Sistem Stuktur Tampak": "Dinding Pemikul",
        "Tipe Atap": "Pelana",
        "Material Penutup Atap": "Genteng",
        "Dinding Luar": "Bata Plaster",
        "Kondisi Visual": "Baik",
        "Kode Material": "MUR (batu bata tanpa tulang)",
        "Kode Sistem Struktur": "LWAL",
        "Tingkat Keyakinan": "Tinggi",
        "Dokumetasi": null,
        "Kode Fungsi": "F01",
        "Klasifikasi Fungsi": "Hunian",
        "KODE MATERIAL": "MUR",
        "KODE SISTEM STRUKTUR": "LWAL",
        "KODE TIPE ATAP": "RSH2",
        "KODE MATERIAL PENUTUP ATAP": "RMT1",
        "KODE DINDING LUAR": "EWMA",
        "KODE KONDISI VISUAL ": "CV1",
        "JUMLAH LANTAI": "HEX:1",
        "TAKSONOMI": "MUR/LWAL/RSH2/RMT1/EWMA/CV1/HEX:1",
        "KODE SIGKAT": "MUR \\LWAL\\HEX:1",
        "LUAS_M2": 98.4422465268,
        "Koefisien": 1.0,
        "Nilai Exposure": 494180077.56453604,
        "Klasifikasi Rentang Exposure": "Rp14.611.983,05 - Rp638.909.581,39",
        "koreksi_koordinat": "TIDAK"
      },
      "geometry": {
        "type": "Point",
        "coordinates": [
          105.235081,
          -5.553454
        ]
      }
    },
    {
      "type": "Feature",
      "properties": {
        "Nomor": 234,
        "NO": 234,
        "ID Bangunan": "SDI-C117-117",
        "Blok": "C",
        "Koordinat Latitude (Y)": -5.552719,
        "Koordinat Longitude (X)": 105.23486,
        "Fungsi Bangunan": "Rumah Tinggal",
        "Klasifikasi": "Hunian",
        "Jumlah Lantai": 1,
        "Material Dominan": "Pasang Bata",
        "Sistem Stuktur Tampak": "Rangka Beton Bertulang",
        "Tipe Atap": "Limasan",
        "Material Penutup Atap": "Genteng",
        "Dinding Luar": "Bata Ekspos",
        "Kondisi Visual": "Sedang",
        "Kode Material": "MCF (batu bata bertulang)",
        "Kode Sistem Struktur": "LFINF",
        "Tingkat Keyakinan": "Tinggi",
        "Dokumetasi": null,
        "Kode Fungsi": "F01",
        "Klasifikasi Fungsi": "Hunian",
        "KODE MATERIAL": "MCF",
        "KODE SISTEM STRUKTUR": "LFINF",
        "KODE TIPE ATAP": "RSH3",
        "KODE MATERIAL PENUTUP ATAP": "RMT1",
        "KODE DINDING LUAR": "EWMA",
        "KODE KONDISI VISUAL ": "CV2",
        "JUMLAH LANTAI": "HEX:1",
        "TAKSONOMI": "MCF/LFINF/RSH3/RMT1/EWMA/CV2/HEX:1",
        "KODE SIGKAT": "MCF \\LFINF\\HEX:1",
        "LUAS_M2": 531.157978363,
        "Koefisien": 1.0,
        "Nilai Exposure": 2666413051.38226,
        "Klasifikasi Rentang Exposure": "> Rp1.856.590.180,23 - < Rp11.941.713.042,64",
        "koreksi_koordinat": "TIDAK"
      },
      "geometry": {
        "type": "Point",
        "coordinates": [
          105.23486,
          -5.552719
        ]
      }
    },
    {
      "type": "Feature",
      "properties": {
        "Nomor": 235,
        "NO": 235,
        "ID Bangunan": "Blok D (SDI-D01-001)",
        "Blok": "D",
        "Koordinat Latitude (Y)": -5.553013,
        "Koordinat Longitude (X)": 105.24185,
        "Fungsi Bangunan": "Rumah Tinggal",
        "Klasifikasi": "Hunian",
        "Jumlah Lantai": 1,
        "Material Dominan": "Pasang Bata",
        "Sistem Stuktur Tampak": "Dinding Pemikul",
        "Tipe Atap": "Kombinasi",
        "Material Penutup Atap": "Genteng dan Seng",
        "Dinding Luar": "Bata Plaster",
        "Kondisi Visual": "Baik",
        "Kode Material": "MUR (batu bata tanpa tulang)",
        "Kode Sistem Struktur": "LFINF",
        "Tingkat Keyakinan": "Tinggi",
        "Dokumetasi": null,
        "Kode Fungsi": "F01",
        "Klasifikasi Fungsi": "Hunian",
        "KODE MATERIAL": "MUR",
        "KODE SISTEM STRUKTUR": "LFINF",
        "KODE TIPE ATAP": "RSH8",
        "KODE MATERIAL PENUTUP ATAP": "RMT1+RMT6",
        "KODE DINDING LUAR": "EWMA",
        "KODE KONDISI VISUAL ": "CV1",
        "JUMLAH LANTAI": "HEX:1",
        "TAKSONOMI": "MUR/LFINF/RSH8/RMT1+RMT6/EWMA/CV1/HEX:1",
        "KODE SIGKAT": "MUR \\LFINF\\HEX:1",
        "LUAS_M2": 531.157978363,
        "Koefisien": 1.0,
        "Nilai Exposure": 2666413051.38226,
        "Klasifikasi Rentang Exposure": "> Rp1.856.590.180,23 - < Rp11.941.713.042,64",
        "koreksi_koordinat": "TIDAK"
      },
      "geometry": {
        "type": "Point",
        "coordinates": [
          105.24185,
          -5.553013
        ]
      }
    },
    {
      "type": "Feature",
      "properties": {
        "Nomor": 236,
        "NO": 236,
        "ID Bangunan": "Blok D (SDI-D02-002)",
        "Blok": "D",
        "Koordinat Latitude (Y)": -5.553114121,
        "Koordinat Longitude (X)": 105.2419175,
        "Fungsi Bangunan": "Rumah Tinggal",
        "Klasifikasi": "Hunian",
        "Jumlah Lantai": 1,
        "Material Dominan": "Beton Bertulang",
        "Sistem Stuktur Tampak": "Dinding Pemikul",
        "Tipe Atap": "Kombinasi",
        "Material Penutup Atap": "Seng",
        "Dinding Luar": "Bata Plaster",
        "Kondisi Visual": "Baik",
        "Kode Material": "MCF (batu bata bertulang)",
        "Kode Sistem Struktur": "LWAL",
        "Tingkat Keyakinan": "Tinggi",
        "Dokumetasi": null,
        "Kode Fungsi": "F01",
        "Klasifikasi Fungsi": "Hunian",
        "KODE MATERIAL": "MCF",
        "KODE SISTEM STRUKTUR": "LWAL",
        "KODE TIPE ATAP": "RSH8",
        "KODE MATERIAL PENUTUP ATAP": "RMT2",
        "KODE DINDING LUAR": "EWMA",
        "KODE KONDISI VISUAL ": "CV1",
        "JUMLAH LANTAI": "HEX:1",
        "TAKSONOMI": "MCF/LWAL/RSH8/RMT2/EWMA/CV1/HEX:1",
        "KODE SIGKAT": "MCF \\LWAL\\HEX:1",
        "LUAS_M2": 531.157978363,
        "Koefisien": 1.0,
        "Nilai Exposure": 2666413051.38226,
        "Klasifikasi Rentang Exposure": "> Rp1.856.590.180,23 - < Rp11.941.713.042,64",
        "koreksi_koordinat": "TIDAK"
      },
      "geometry": {
        "type": "Point",
        "coordinates": [
          105.2419175,
          -5.553114121
        ]
      }
    },
    {
      "type": "Feature",
      "properties": {
        "Nomor": 237,
        "NO": 237,
        "ID Bangunan": "Blok D (SDI-D03-003)",
        "Blok": "D",
        "Koordinat Latitude (Y)": -5.553242885,
        "Koordinat Longitude (X)": 105.2419496,
        "Fungsi Bangunan": "Rumah Tinggal",
        "Klasifikasi": "Hunian",
        "Jumlah Lantai": 1,
        "Material Dominan": "Pasang Bata",
        "Sistem Stuktur Tampak": "Dinding Pemikul",
        "Tipe Atap": "Pelana",
        "Material Penutup Atap": "Genteng",
        "Dinding Luar": "Bata Plaster",
        "Kondisi Visual": "Baik",
        "Kode Material": "MCF (batu bata bertulang)",
        "Kode Sistem Struktur": "LFM",
        "Tingkat Keyakinan": "Tinggi",
        "Dokumetasi": null,
        "Kode Fungsi": "F01",
        "Klasifikasi Fungsi": "Hunian",
        "KODE MATERIAL": "MCF",
        "KODE SISTEM STRUKTUR": "LFM",
        "KODE TIPE ATAP": "RSH2",
        "KODE MATERIAL PENUTUP ATAP": "RMT1",
        "KODE DINDING LUAR": "EWMA",
        "KODE KONDISI VISUAL ": "CV1",
        "JUMLAH LANTAI": "HEX:1",
        "TAKSONOMI": "MCF/LFM/RSH2/RMT1/EWMA/CV1/HEX:1",
        "KODE SIGKAT": "MCF \\LFM\\HEX:1",
        "LUAS_M2": 289.743095228,
        "Koefisien": 1.0,
        "Nilai Exposure": 1454510338.0445602,
        "Klasifikasi Rentang Exposure": "> Rp1.136.724.268,30 - Rp1.856.590.180,23",
        "koreksi_koordinat": "TIDAK"
      },
      "geometry": {
        "type": "Point",
        "coordinates": [
          105.2419496,
          -5.553242885
        ]
      }
    },
    {
      "type": "Feature",
      "properties": {
        "Nomor": 238,
        "NO": 238,
        "ID Bangunan": "Blok D (SDI-D04-004)",
        "Blok": "D",
        "Koordinat Latitude (Y)": -5.553242778,
        "Koordinat Longitude (X)": 105.2422708,
        "Fungsi Bangunan": "Rumah Tinggal",
        "Klasifikasi": "Hunian",
        "Jumlah Lantai": 1,
        "Material Dominan": "Pasang Bata",
        "Sistem Stuktur Tampak": "Dinding Pemikul",
        "Tipe Atap": "Kombinasi",
        "Material Penutup Atap": "Genteng",
        "Dinding Luar": "Bata Plaster",
        "Kondisi Visual": "Baik",
        "Kode Material": "MUR (batu bata tanpa tulang)",
        "Kode Sistem Struktur": "LWAL",
        "Tingkat Keyakinan": "Tinggi",
        "Dokumetasi": null,
        "Kode Fungsi": "F01",
        "Klasifikasi Fungsi": "Hunian",
        "KODE MATERIAL": "MUR",
        "KODE SISTEM STRUKTUR": "LWAL",
        "KODE TIPE ATAP": "RSH8",
        "KODE MATERIAL PENUTUP ATAP": "RMT1",
        "KODE DINDING LUAR": "EWMA",
        "KODE KONDISI VISUAL ": "CV1",
        "JUMLAH LANTAI": "HEX:1",
        "TAKSONOMI": "MUR/LWAL/RSH8/RMT1/EWMA/CV1/HEX:1",
        "KODE SIGKAT": "MUR \\LWAL\\HEX:1",
        "LUAS_M2": 141.850735511,
        "Koefisien": 1.0,
        "Nilai Exposure": 712090692.26522,
        "Klasifikasi Rentang Exposure": "> Rp638.909.581,39 - Rp1.136.724.268,30",
        "koreksi_koordinat": "TIDAK"
      },
      "geometry": {
        "type": "Point",
        "coordinates": [
          105.2422708,
          -5.553242778
        ]
      }
    },
    {
      "type": "Feature",
      "properties": {
        "Nomor": 239,
        "NO": 239,
        "ID Bangunan": "Blok D (SDI-D05-005)",
        "Blok": "D",
        "Koordinat Latitude (Y)": -5.55394181,
        "Koordinat Longitude (X)": 105.2423537,
        "Fungsi Bangunan": "Rumah Tinggal",
        "Klasifikasi": "Hunian",
        "Jumlah Lantai": 1,
        "Material Dominan": "Beton Bertulang",
        "Sistem Stuktur Tampak": "Dinding Pemikul",
        "Tipe Atap": "Pelana",
        "Material Penutup Atap": "Genteng",
        "Dinding Luar": "Bata Ekspos",
        "Kondisi Visual": "Baik",
        "Kode Material": "MCF (batu bata bertulang)",
        "Kode Sistem Struktur": "LWAL",
        "Tingkat Keyakinan": "Tinggi",
        "Dokumetasi": null,
        "Kode Fungsi": "F01",
        "Klasifikasi Fungsi": "Hunian",
        "KODE MATERIAL": "MCF",
        "KODE SISTEM STRUKTUR": "LWAL",
        "KODE TIPE ATAP": "RSH2",
        "KODE MATERIAL PENUTUP ATAP": "RMT1",
        "KODE DINDING LUAR": "EWMA",
        "KODE KONDISI VISUAL ": "CV1",
        "JUMLAH LANTAI": "HEX:1",
        "TAKSONOMI": "MCF/LWAL/RSH2/RMT1/EWMA/CV1/HEX:1",
        "KODE SIGKAT": "MCF \\LWAL\\HEX:1",
        "LUAS_M2": 152.556583543,
        "Koefisien": 1.0,
        "Nilai Exposure": 765834049.38586,
        "Klasifikasi Rentang Exposure": "> Rp638.909.581,39 - Rp1.136.724.268,30",
        "koreksi_koordinat": "TIDAK"
      },
      "geometry": {
        "type": "Point",
        "coordinates": [
          105.2423537,
          -5.55394181
        ]
      }
    },
    {
      "type": "Feature",
      "properties": {
        "Nomor": 240,
        "NO": 240,
        "ID Bangunan": "Blok D (SDI-D06-006)",
        "Blok": "D",
        "Koordinat Latitude (Y)": -5.553840586,
        "Koordinat Longitude (X)": 105.2424867,
        "Fungsi Bangunan": "Rumah Tinggal",
        "Klasifikasi": "Hunian",
        "Jumlah Lantai": 1,
        "Material Dominan": "Beton Bertulang",
        "Sistem Stuktur Tampak": "Dinding Pemikul",
        "Tipe Atap": "Pelana",
        "Material Penutup Atap": "Genteng",
        "Dinding Luar": "Bata Plaster",
        "Kondisi Visual": "Baik",
        "Kode Material": "MCF (batu bata bertulang)",
        "Kode Sistem Struktur": "LWAL",
        "Tingkat Keyakinan": "Tinggi",
        "Dokumetasi": null,
        "Kode Fungsi": "F01",
        "Klasifikasi Fungsi": "Hunian",
        "KODE MATERIAL": "MCF",
        "KODE SISTEM STRUKTUR": "LWAL",
        "KODE TIPE ATAP": "RSH2",
        "KODE MATERIAL PENUTUP ATAP": "RMT1",
        "KODE DINDING LUAR": "EWMA",
        "KODE KONDISI VISUAL ": "CV1",
        "JUMLAH LANTAI": "HEX:1",
        "TAKSONOMI": "MCF/LWAL/RSH2/RMT1/EWMA/CV1/HEX:1",
        "KODE SIGKAT": "MCF \\LWAL\\HEX:1",
        "LUAS_M2": 105.517001623,
        "Koefisien": 1.0,
        "Nilai Exposure": 529695348.14746,
        "Klasifikasi Rentang Exposure": "Rp14.611.983,05 - Rp638.909.581,39",
        "koreksi_koordinat": "TIDAK"
      },
      "geometry": {
        "type": "Point",
        "coordinates": [
          105.2424867,
          -5.553840586
        ]
      }
    },
    {
      "type": "Feature",
      "properties": {
        "Nomor": 241,
        "NO": 241,
        "ID Bangunan": "Blok D (SDI-D07-007)",
        "Blok": "D",
        "Koordinat Latitude (Y)": -5.55344496,
        "Koordinat Longitude (X)": 105.2428032,
        "Fungsi Bangunan": "Rumah Tinggal",
        "Klasifikasi": "Hunian",
        "Jumlah Lantai": 1,
        "Material Dominan": "Pasang Bata",
        "Sistem Stuktur Tampak": "Dinding Pemikul",
        "Tipe Atap": "Pelana",
        "Material Penutup Atap": "Genteng",
        "Dinding Luar": "Bata Ekspos",
        "Kondisi Visual": "Baik",
        "Kode Material": "CR (balok baja yang di cor beton)",
        "Kode Sistem Struktur": "LWAL",
        "Tingkat Keyakinan": "Tinggi",
        "Dokumetasi": null,
        "Kode Fungsi": "F01",
        "Klasifikasi Fungsi": "Hunian",
        "KODE MATERIAL": "CR",
        "KODE SISTEM STRUKTUR": "LWAL",
        "KODE TIPE ATAP": "RSH2",
        "KODE MATERIAL PENUTUP ATAP": "RMT1",
        "KODE DINDING LUAR": "EWMA",
        "KODE KONDISI VISUAL ": "CV1",
        "JUMLAH LANTAI": "HEX:1",
        "TAKSONOMI": "CR/LWAL/RSH2/RMT1/EWMA/CV1/HEX:1",
        "KODE SIGKAT": "CR \\LWAL\\HEX:1",
        "LUAS_M2": 2378.82729933,
        "Koefisien": 1.0,
        "Nilai Exposure": 11941713042.6366,
        "Klasifikasi Rentang Exposure": "> Rp1.856.590.180,23 - < Rp11.941.713.042,64",
        "koreksi_koordinat": "TIDAK"
      },
      "geometry": {
        "type": "Point",
        "coordinates": [
          105.2428032,
          -5.55344496
        ]
      }
    },
    {
      "type": "Feature",
      "properties": {
        "Nomor": 242,
        "NO": 242,
        "ID Bangunan": "Blok D (SDI-D08-008)",
        "Blok": "D",
        "Koordinat Latitude (Y)": -5.553789914,
        "Koordinat Longitude (X)": 105.2427345,
        "Fungsi Bangunan": "Rumah Tinggal",
        "Klasifikasi": "Hunian",
        "Jumlah Lantai": 1,
        "Material Dominan": "Beton Bertulang",
        "Sistem Stuktur Tampak": "Dinding Pemikul",
        "Tipe Atap": "Pelana",
        "Material Penutup Atap": "Genteng",
        "Dinding Luar": "Bata Plaster",
        "Kondisi Visual": "Baik",
        "Kode Material": "MCF (batu bata bertulang)",
        "Kode Sistem Struktur": "LFM",
        "Tingkat Keyakinan": "Tinggi",
        "Dokumetasi": null,
        "Kode Fungsi": "F01",
        "Klasifikasi Fungsi": "Hunian",
        "KODE MATERIAL": "MCF",
        "KODE SISTEM STRUKTUR": "LFM",
        "KODE TIPE ATAP": "RSH2",
        "KODE MATERIAL PENUTUP ATAP": "RMT1",
        "KODE DINDING LUAR": "EWMA",
        "KODE KONDISI VISUAL ": "CV1",
        "JUMLAH LANTAI": "HEX:1",
        "TAKSONOMI": "MCF/LFM/RSH2/RMT1/EWMA/CV1/HEX:1",
        "KODE SIGKAT": "MCF \\LFM\\HEX:1",
        "LUAS_M2": 109.484054886,
        "Koefisien": 1.0,
        "Nilai Exposure": 549609955.52772,
        "Klasifikasi Rentang Exposure": "Rp14.611.983,05 - Rp638.909.581,39",
        "koreksi_koordinat": "TIDAK"
      },
      "geometry": {
        "type": "Point",
        "coordinates": [
          105.2427345,
          -5.553789914
        ]
      }
    },
    {
      "type": "Feature",
      "properties": {
        "Nomor": 243,
        "NO": 243,
        "ID Bangunan": "Blok D (SDI-D09-009)",
        "Blok": "D",
        "Koordinat Latitude (Y)": -5.554176299,
        "Koordinat Longitude (X)": 105.2425465,
        "Fungsi Bangunan": "Rumah Tinggal",
        "Klasifikasi": "Hunian",
        "Jumlah Lantai": 1,
        "Material Dominan": "Pasang Bata",
        "Sistem Stuktur Tampak": "Dinding Pemikul",
        "Tipe Atap": "Pelana",
        "Material Penutup Atap": "Genteng",
        "Dinding Luar": "Bata Ekspos",
        "Kondisi Visual": "Baik",
        "Kode Material": "MUR (batu bata tanpa tulang)",
        "Kode Sistem Struktur": "LWAL",
        "Tingkat Keyakinan": "Tinggi",
        "Dokumetasi": null,
        "Kode Fungsi": "F01",
        "Klasifikasi Fungsi": "Hunian",
        "KODE MATERIAL": "MUR",
        "KODE SISTEM STRUKTUR": "LWAL",
        "KODE TIPE ATAP": "RSH2",
        "KODE MATERIAL PENUTUP ATAP": "RMT1",
        "KODE DINDING LUAR": "EWMA",
        "KODE KONDISI VISUAL ": "CV1",
        "JUMLAH LANTAI": "HEX:1",
        "TAKSONOMI": "MUR/LWAL/RSH2/RMT1/EWMA/CV1/HEX:1",
        "KODE SIGKAT": "MUR \\LWAL\\HEX:1",
        "LUAS_M2": 2378.82729933,
        "Koefisien": 1.0,
        "Nilai Exposure": 11941713042.6366,
        "Klasifikasi Rentang Exposure": "> Rp1.856.590.180,23 - < Rp11.941.713.042,64",
        "koreksi_koordinat": "TIDAK"
      },
      "geometry": {
        "type": "Point",
        "coordinates": [
          105.2425465,
          -5.554176299
        ]
      }
    },
    {
      "type": "Feature",
      "properties": {
        "Nomor": 244,
        "NO": 244,
        "ID Bangunan": "Blok D (SDI-D10-010)",
        "Blok": "D",
        "Koordinat Latitude (Y)": -5.554249708,
        "Koordinat Longitude (X)": 105.2430742,
        "Fungsi Bangunan": "Rumah Tinggal",
        "Klasifikasi": "Hunian",
        "Jumlah Lantai": 1,
        "Material Dominan": "Pasang Bata",
        "Sistem Stuktur Tampak": "Dinding Pemikul",
        "Tipe Atap": "Pelana",
        "Material Penutup Atap": "Genteng",
        "Dinding Luar": "Bata Ekspos",
        "Kondisi Visual": "Baik",
        "Kode Material": "MUR (batu bata tanpa tulang)",
        "Kode Sistem Struktur": "LWAL",
        "Tingkat Keyakinan": "Tinggi",
        "Dokumetasi": null,
        "Kode Fungsi": "F01",
        "Klasifikasi Fungsi": "Hunian",
        "KODE MATERIAL": "MUR",
        "KODE SISTEM STRUKTUR": "LWAL",
        "KODE TIPE ATAP": "RSH2",
        "KODE MATERIAL PENUTUP ATAP": "RMT1",
        "KODE DINDING LUAR": "EWMA",
        "KODE KONDISI VISUAL ": "CV1",
        "JUMLAH LANTAI": "HEX:1",
        "TAKSONOMI": "MUR/LWAL/RSH2/RMT1/EWMA/CV1/HEX:1",
        "KODE SIGKAT": "MUR \\LWAL\\HEX:1",
        "LUAS_M2": 2378.82729933,
        "Koefisien": 1.0,
        "Nilai Exposure": 11941713042.6366,
        "Klasifikasi Rentang Exposure": "> Rp1.856.590.180,23 - < Rp11.941.713.042,64",
        "koreksi_koordinat": "TIDAK"
      },
      "geometry": {
        "type": "Point",
        "coordinates": [
          105.2430742,
          -5.554249708
        ]
      }
    },
    {
      "type": "Feature",
      "properties": {
        "Nomor": 245,
        "NO": 245,
        "ID Bangunan": "Blok D (SDI-D11-011)",
        "Blok": "D",
        "Koordinat Latitude (Y)": -5.55408859,
        "Koordinat Longitude (X)": 105.2435238,
        "Fungsi Bangunan": "Rumah Tinggal",
        "Klasifikasi": "Hunian",
        "Jumlah Lantai": 1,
        "Material Dominan": "Kayu",
        "Sistem Stuktur Tampak": "Rangka Kayu",
        "Tipe Atap": "Limasan",
        "Material Penutup Atap": "Seng",
        "Dinding Luar": "Kayu",
        "Kondisi Visual": "Baik",
        "Kode Material": "W (kayu)",
        "Kode Sistem Struktur": "LPB",
        "Tingkat Keyakinan": "Tinggi",
        "Dokumetasi": null,
        "Kode Fungsi": "F01",
        "Klasifikasi Fungsi": "Hunian",
        "KODE MATERIAL": "W",
        "KODE SISTEM STRUKTUR": "LPB",
        "KODE TIPE ATAP": "RSH3",
        "KODE MATERIAL PENUTUP ATAP": "RMT2",
        "KODE DINDING LUAR": "EWW",
        "KODE KONDISI VISUAL ": "CV1",
        "JUMLAH LANTAI": "HEX:1",
        "TAKSONOMI": "W/LPB/RSH3/RMT2/EWW/CV1/HEX:1",
        "KODE SIGKAT": "W \\LPB\\HEX:1",
        "LUAS_M2": 2378.82729933,
        "Koefisien": 1.0,
        "Nilai Exposure": 11941713042.6366,
        "Klasifikasi Rentang Exposure": "> Rp1.856.590.180,23 - < Rp11.941.713.042,64",
        "koreksi_koordinat": "TIDAK"
      },
      "geometry": {
        "type": "Point",
        "coordinates": [
          105.2435238,
          -5.55408859
        ]
      }
    },
    {
      "type": "Feature",
      "properties": {
        "Nomor": 246,
        "NO": 246,
        "ID Bangunan": "Blok D (SDI-D12-012)",
        "Blok": "D",
        "Koordinat Latitude (Y)": -5.55408392,
        "Koordinat Longitude (X)": 105.2437349,
        "Fungsi Bangunan": "Rumah Tinggal",
        "Klasifikasi": "Hunian",
        "Jumlah Lantai": 1,
        "Material Dominan": "Beton Bertulang",
        "Sistem Stuktur Tampak": "Dinding Pemikul",
        "Tipe Atap": "Limasan",
        "Material Penutup Atap": "Genteng",
        "Dinding Luar": "Bata Plaster",
        "Kondisi Visual": "Baik",
        "Kode Material": "MCF (batu bata bertulang)",
        "Kode Sistem Struktur": "LWAL",
        "Tingkat Keyakinan": "Tinggi",
        "Dokumetasi": null,
        "Kode Fungsi": "F01",
        "Klasifikasi Fungsi": "Hunian",
        "KODE MATERIAL": "MCF",
        "KODE SISTEM STRUKTUR": "LWAL",
        "KODE TIPE ATAP": "RSH3",
        "KODE MATERIAL PENUTUP ATAP": "RMT1",
        "KODE DINDING LUAR": "EWMA",
        "KODE KONDISI VISUAL ": "CV1",
        "JUMLAH LANTAI": "HEX:1",
        "TAKSONOMI": "MCF/LWAL/RSH3/RMT1/EWMA/CV1/HEX:1",
        "KODE SIGKAT": "MCF \\LWAL\\HEX:1",
        "LUAS_M2": 2378.82729933,
        "Koefisien": 1.0,
        "Nilai Exposure": 11941713042.6366,
        "Klasifikasi Rentang Exposure": "> Rp1.856.590.180,23 - < Rp11.941.713.042,64",
        "koreksi_koordinat": "TIDAK"
      },
      "geometry": {
        "type": "Point",
        "coordinates": [
          105.2437349,
          -5.55408392
        ]
      }
    },
    {
      "type": "Feature",
      "properties": {
        "Nomor": 247,
        "NO": 247,
        "ID Bangunan": "Blok D (SDI-D13-013)",
        "Blok": "D",
        "Koordinat Latitude (Y)": -5.554631051,
        "Koordinat Longitude (X)": 105.2442077,
        "Fungsi Bangunan": "Rumah Tinggal",
        "Klasifikasi": "Hunian",
        "Jumlah Lantai": 1,
        "Material Dominan": "Beton Bertulang",
        "Sistem Stuktur Tampak": "Dinding Pemikul",
        "Tipe Atap": "Pelana",
        "Material Penutup Atap": "Seng",
        "Dinding Luar": "Bata Plaster",
        "Kondisi Visual": "Baik",
        "Kode Material": "MCF (batu bata bertulang)",
        "Kode Sistem Struktur": "LWAL",
        "Tingkat Keyakinan": "Tinggi",
        "Dokumetasi": null,
        "Kode Fungsi": "F01",
        "Klasifikasi Fungsi": "Hunian",
        "KODE MATERIAL": "MCF",
        "KODE SISTEM STRUKTUR": "LWAL",
        "KODE TIPE ATAP": "RSH2",
        "KODE MATERIAL PENUTUP ATAP": "RMT2",
        "KODE DINDING LUAR": "EWMA",
        "KODE KONDISI VISUAL ": "CV1",
        "JUMLAH LANTAI": "HEX:1",
        "TAKSONOMI": "MCF/LWAL/RSH2/RMT2/EWMA/CV1/HEX:1",
        "KODE SIGKAT": "MCF \\LWAL\\HEX:1",
        "LUAS_M2": 2378.82729933,
        "Koefisien": 1.0,
        "Nilai Exposure": 11941713042.6366,
        "Klasifikasi Rentang Exposure": "> Rp1.856.590.180,23 - < Rp11.941.713.042,64",
        "koreksi_koordinat": "TIDAK"
      },
      "geometry": {
        "type": "Point",
        "coordinates": [
          105.2442077,
          -5.554631051
        ]
      }
    },
    {
      "type": "Feature",
      "properties": {
        "Nomor": 248,
        "NO": 248,
        "ID Bangunan": "Blok D (SDI-D14-014)",
        "Blok": "D",
        "Koordinat Latitude (Y)": -5.554746053,
        "Koordinat Longitude (X)": 105.2441343,
        "Fungsi Bangunan": "Rumah Tinggal",
        "Klasifikasi": "Hunian",
        "Jumlah Lantai": 1,
        "Material Dominan": "Beton Bertulang",
        "Sistem Stuktur Tampak": "Dinding Pemikul",
        "Tipe Atap": "Pelana",
        "Material Penutup Atap": "Genteng",
        "Dinding Luar": "Bata Plaster",
        "Kondisi Visual": "Baik",
        "Kode Material": "MCF (batu bata bertulang)",
        "Kode Sistem Struktur": "LWAL",
        "Tingkat Keyakinan": "Tinggi",
        "Dokumetasi": null,
        "Kode Fungsi": "F01",
        "Klasifikasi Fungsi": "Hunian",
        "KODE MATERIAL": "MCF",
        "KODE SISTEM STRUKTUR": "LWAL",
        "KODE TIPE ATAP": "RSH2",
        "KODE MATERIAL PENUTUP ATAP": "RMT1",
        "KODE DINDING LUAR": "EWMA",
        "KODE KONDISI VISUAL ": "CV1",
        "JUMLAH LANTAI": "HEX:1",
        "TAKSONOMI": "MCF/LWAL/RSH2/RMT1/EWMA/CV1/HEX:1",
        "KODE SIGKAT": "MCF \\LWAL\\HEX:1",
        "LUAS_M2": 2378.82729933,
        "Koefisien": 1.0,
        "Nilai Exposure": 11941713042.6366,
        "Klasifikasi Rentang Exposure": "> Rp1.856.590.180,23 - < Rp11.941.713.042,64",
        "koreksi_koordinat": "TIDAK"
      },
      "geometry": {
        "type": "Point",
        "coordinates": [
          105.2441343,
          -5.554746053
        ]
      }
    },
    {
      "type": "Feature",
      "properties": {
        "Nomor": 249,
        "NO": 249,
        "ID Bangunan": "Blok D (SDI-D15-015)",
        "Blok": "D",
        "Koordinat Latitude (Y)": -5.554746102,
        "Koordinat Longitude (X)": 105.2439875,
        "Fungsi Bangunan": "Rumah Tinggal",
        "Klasifikasi": "Hunian",
        "Jumlah Lantai": 1,
        "Material Dominan": "Beton Bertulang",
        "Sistem Stuktur Tampak": "Dinding Pemikul",
        "Tipe Atap": "Kombinasi",
        "Material Penutup Atap": "Genteng dan Seng",
        "Dinding Luar": "Bata Plaster",
        "Kondisi Visual": "Baik",
        "Kode Material": "MCF (batu bata bertulang)",
        "Kode Sistem Struktur": "LWAL",
        "Tingkat Keyakinan": "Tinggi",
        "Dokumetasi": null,
        "Kode Fungsi": "F01",
        "Klasifikasi Fungsi": "Hunian",
        "KODE MATERIAL": "MCF",
        "KODE SISTEM STRUKTUR": "LWAL",
        "KODE TIPE ATAP": "RSH8",
        "KODE MATERIAL PENUTUP ATAP": "RMT1+RMT6",
        "KODE DINDING LUAR": "EWMA",
        "KODE KONDISI VISUAL ": "CV1",
        "JUMLAH LANTAI": "HEX:1",
        "TAKSONOMI": "MCF/LWAL/RSH8/RMT1+RMT6/EWMA/CV1/HEX:1",
        "KODE SIGKAT": "MCF \\LWAL\\HEX:1",
        "LUAS_M2": 2378.82729933,
        "Koefisien": 1.0,
        "Nilai Exposure": 11941713042.6366,
        "Klasifikasi Rentang Exposure": "> Rp1.856.590.180,23 - < Rp11.941.713.042,64",
        "koreksi_koordinat": "TIDAK"
      },
      "geometry": {
        "type": "Point",
        "coordinates": [
          105.2439875,
          -5.554746102
        ]
      }
    },
    {
      "type": "Feature",
      "properties": {
        "Nomor": 250,
        "NO": 250,
        "ID Bangunan": "Blok D (SDI-D16-016)",
        "Blok": "D",
        "Koordinat Latitude (Y)": -5.554488525,
        "Koordinat Longitude (X)": 105.2440746,
        "Fungsi Bangunan": "Rumah Tinggal",
        "Klasifikasi": "Hunian",
        "Jumlah Lantai": 1,
        "Material Dominan": "Pasang Bata",
        "Sistem Stuktur Tampak": "Dinding Pemikul",
        "Tipe Atap": "Limasan",
        "Material Penutup Atap": "Genteng",
        "Dinding Luar": "Bata Plaster",
        "Kondisi Visual": "Baik",
        "Kode Material": "MUR (batu bata tanpa tulang)",
        "Kode Sistem Struktur": "LWAL",
        "Tingkat Keyakinan": "Tinggi",
        "Dokumetasi": null,
        "Kode Fungsi": "F01",
        "Klasifikasi Fungsi": "Hunian",
        "KODE MATERIAL": "MUR",
        "KODE SISTEM STRUKTUR": "LWAL",
        "KODE TIPE ATAP": "RSH3",
        "KODE MATERIAL PENUTUP ATAP": "RMT1",
        "KODE DINDING LUAR": "EWMA",
        "KODE KONDISI VISUAL ": "CV1",
        "JUMLAH LANTAI": "HEX:1",
        "TAKSONOMI": "MUR/LWAL/RSH3/RMT1/EWMA/CV1/HEX:1",
        "KODE SIGKAT": "MUR \\LWAL\\HEX:1",
        "LUAS_M2": 2378.82729933,
        "Koefisien": 1.0,
        "Nilai Exposure": 11941713042.6366,
        "Klasifikasi Rentang Exposure": "> Rp1.856.590.180,23 - < Rp11.941.713.042,64",
        "koreksi_koordinat": "TIDAK"
      },
      "geometry": {
        "type": "Point",
        "coordinates": [
          105.2440746,
          -5.554488525
        ]
      }
    },
    {
      "type": "Feature",
      "properties": {
        "Nomor": 251,
        "NO": 251,
        "ID Bangunan": "Blok D (SDI-D17-017)",
        "Blok": "D",
        "Koordinat Latitude (Y)": -5.554810429,
        "Koordinat Longitude (X)": 105.2441664,
        "Fungsi Bangunan": "Rumah Tinggal",
        "Klasifikasi": "Hunian",
        "Jumlah Lantai": 1,
        "Material Dominan": "Pasang Bata",
        "Sistem Stuktur Tampak": "Dinding Pemikul",
        "Tipe Atap": "Kombinasi",
        "Material Penutup Atap": "Genteng dan Seng",
        "Dinding Luar": "Bata Ekspos",
        "Kondisi Visual": "Baik",
        "Kode Material": "MUR (batu bata tanpa tulang)",
        "Kode Sistem Struktur": "LWAL",
        "Tingkat Keyakinan": "Tinggi",
        "Dokumetasi": null,
        "Kode Fungsi": "F01",
        "Klasifikasi Fungsi": "Hunian",
        "KODE MATERIAL": "MUR",
        "KODE SISTEM STRUKTUR": "LWAL",
        "KODE TIPE ATAP": "RSH8",
        "KODE MATERIAL PENUTUP ATAP": "RMT1+RMT6",
        "KODE DINDING LUAR": "EWMA",
        "KODE KONDISI VISUAL ": "CV1",
        "JUMLAH LANTAI": "HEX:1",
        "TAKSONOMI": "MUR/LWAL/RSH8/RMT1+RMT6/EWMA/CV1/HEX:1",
        "KODE SIGKAT": "MUR \\LWAL\\HEX:1",
        "LUAS_M2": 156.175443081,
        "Koefisien": 1.0,
        "Nilai Exposure": 784000724.26662,
        "Klasifikasi Rentang Exposure": "> Rp638.909.581,39 - Rp1.136.724.268,30",
        "koreksi_koordinat": "TIDAK"
      },
      "geometry": {
        "type": "Point",
        "coordinates": [
          105.2441664,
          -5.554810429
        ]
      }
    },
    {
      "type": "Feature",
      "properties": {
        "Nomor": 252,
        "NO": 252,
        "ID Bangunan": "Blok D (SDI-D18-018)",
        "Blok": "D",
        "Koordinat Latitude (Y)": -5.555109389,
        "Koordinat Longitude (X)": 105.2441069,
        "Fungsi Bangunan": "Rumah Tinggal",
        "Klasifikasi": "Hunian",
        "Jumlah Lantai": 1,
        "Material Dominan": "Pasang Bata",
        "Sistem Stuktur Tampak": "Dinding Pemikul",
        "Tipe Atap": "Kombinasi",
        "Material Penutup Atap": "Genteng",
        "Dinding Luar": "Bata Plaster",
        "Kondisi Visual": "Baik",
        "Kode Material": "MUR (batu bata tanpa tulang)",
        "Kode Sistem Struktur": "LWAL",
        "Tingkat Keyakinan": "Tinggi",
        "Dokumetasi": null,
        "Kode Fungsi": "F01",
        "Klasifikasi Fungsi": "Hunian",
        "KODE MATERIAL": "MUR",
        "KODE SISTEM STRUKTUR": "LWAL",
        "KODE TIPE ATAP": "RSH8",
        "KODE MATERIAL PENUTUP ATAP": "RMT1",
        "KODE DINDING LUAR": "EWMA",
        "KODE KONDISI VISUAL ": "CV1",
        "JUMLAH LANTAI": "HEX:1",
        "TAKSONOMI": "MUR/LWAL/RSH8/RMT1/EWMA/CV1/HEX:1",
        "KODE SIGKAT": "MUR \\LWAL\\HEX:1",
        "LUAS_M2": 135.34998644,
        "Koefisien": 1.0,
        "Nilai Exposure": 679456931.9288,
        "Klasifikasi Rentang Exposure": "> Rp638.909.581,39 - Rp1.136.724.268,30",
        "koreksi_koordinat": "TIDAK"
      },
      "geometry": {
        "type": "Point",
        "coordinates": [
          105.2441069,
          -5.555109389
        ]
      }
    },
    {
      "type": "Feature",
      "properties": {
        "Nomor": 253,
        "NO": 253,
        "ID Bangunan": "Blok D (SDI-D19-019)",
        "Blok": "D",
        "Koordinat Latitude (Y)": -5.555109374,
        "Koordinat Longitude (X)": 105.2441528,
        "Fungsi Bangunan": "Rumah Tinggal",
        "Klasifikasi": "Hunian",
        "Jumlah Lantai": 1,
        "Material Dominan": "Pasang Bata",
        "Sistem Stuktur Tampak": "Dinding Pemikul",
        "Tipe Atap": "Pelana",
        "Material Penutup Atap": "Seng",
        "Dinding Luar": "Bata Plaster",
        "Kondisi Visual": "Baik",
        "Kode Material": "MCF (batu bata bertulang)",
        "Kode Sistem Struktur": "LWAL",
        "Tingkat Keyakinan": "Tinggi",
        "Dokumetasi": null,
        "Kode Fungsi": "F01",
        "Klasifikasi Fungsi": "Hunian",
        "KODE MATERIAL": "MCF",
        "KODE SISTEM STRUKTUR": "LWAL",
        "KODE TIPE ATAP": "RSH2",
        "KODE MATERIAL PENUTUP ATAP": "RMT2",
        "KODE DINDING LUAR": "EWMA",
        "KODE KONDISI VISUAL ": "CV1",
        "JUMLAH LANTAI": "HEX:1",
        "TAKSONOMI": "MCF/LWAL/RSH2/RMT2/EWMA/CV1/HEX:1",
        "KODE SIGKAT": "MCF \\LWAL\\HEX:1",
        "LUAS_M2": 2378.82729933,
        "Koefisien": 1.0,
        "Nilai Exposure": 11941713042.6366,
        "Klasifikasi Rentang Exposure": "> Rp1.856.590.180,23 - < Rp11.941.713.042,64",
        "koreksi_koordinat": "TIDAK"
      },
      "geometry": {
        "type": "Point",
        "coordinates": [
          105.2441528,
          -5.555109374
        ]
      }
    },
    {
      "type": "Feature",
      "properties": {
        "Nomor": 254,
        "NO": 254,
        "ID Bangunan": "Blok D (SDI-D20-020)",
        "Blok": "D",
        "Koordinat Latitude (Y)": -5.555072509,
        "Koordinat Longitude (X)": 105.2443684,
        "Fungsi Bangunan": "Rumah Tinggal",
        "Klasifikasi": "Hunian",
        "Jumlah Lantai": 1,
        "Material Dominan": "Beton Bertulang",
        "Sistem Stuktur Tampak": "Dinding Pemikul",
        "Tipe Atap": "Pelana",
        "Material Penutup Atap": "Genteng",
        "Dinding Luar": "Bata Ekspos",
        "Kondisi Visual": "Baik",
        "Kode Material": "MUR (batu bata tanpa tulang)",
        "Kode Sistem Struktur": "LWAL",
        "Tingkat Keyakinan": "Tinggi",
        "Dokumetasi": null,
        "Kode Fungsi": "F01",
        "Klasifikasi Fungsi": "Hunian",
        "KODE MATERIAL": "MUR",
        "KODE SISTEM STRUKTUR": "LWAL",
        "KODE TIPE ATAP": "RSH2",
        "KODE MATERIAL PENUTUP ATAP": "RMT1",
        "KODE DINDING LUAR": "EWMA",
        "KODE KONDISI VISUAL ": "CV1",
        "JUMLAH LANTAI": "HEX:1",
        "TAKSONOMI": "MUR/LWAL/RSH2/RMT1/EWMA/CV1/HEX:1",
        "KODE SIGKAT": "MUR \\LWAL\\HEX:1",
        "LUAS_M2": 198.94773363,
        "Koefisien": 1.0,
        "Nilai Exposure": 998717622.8225999,
        "Klasifikasi Rentang Exposure": "> Rp638.909.581,39 - Rp1.136.724.268,30",
        "koreksi_koordinat": "TIDAK"
      },
      "geometry": {
        "type": "Point",
        "coordinates": [
          105.2443684,
          -5.555072509
        ]
      }
    },
    {
      "type": "Feature",
      "properties": {
        "Nomor": 255,
        "NO": 255,
        "ID Bangunan": "Blok D (SDI-D22-022)",
        "Blok": "D",
        "Koordinat Latitude (Y)": -5.555274911,
        "Koordinat Longitude (X)": 105.24424,
        "Fungsi Bangunan": "Rumah Tinggal",
        "Klasifikasi": "Hunian",
        "Jumlah Lantai": 1,
        "Material Dominan": "Beton Bertulang",
        "Sistem Stuktur Tampak": "Rangka Beton Bertulang",
        "Tipe Atap": "Kombinasi",
        "Material Penutup Atap": "Genteng",
        "Dinding Luar": "Bata Ekspos",
        "Kondisi Visual": "Baik",
        "Kode Material": "MCF (batu bata bertulang)",
        "Kode Sistem Struktur": "LWAL",
        "Tingkat Keyakinan": "Tinggi",
        "Dokumetasi": null,
        "Kode Fungsi": "F01",
        "Klasifikasi Fungsi": "Hunian",
        "KODE MATERIAL": "MCF",
        "KODE SISTEM STRUKTUR": "LWAL",
        "KODE TIPE ATAP": "RSH8",
        "KODE MATERIAL PENUTUP ATAP": "RMT1",
        "KODE DINDING LUAR": "EWMA",
        "KODE KONDISI VISUAL ": "CV1",
        "JUMLAH LANTAI": "HEX:1",
        "TAKSONOMI": "MCF/LWAL/RSH8/RMT1/EWMA/CV1/HEX:1",
        "KODE SIGKAT": "MCF \\LWAL\\HEX:1",
        "LUAS_M2": 198.94773363,
        "Koefisien": 1.0,
        "Nilai Exposure": 998717622.8225999,
        "Klasifikasi Rentang Exposure": "> Rp638.909.581,39 - Rp1.136.724.268,30",
        "koreksi_koordinat": "TIDAK"
      },
      "geometry": {
        "type": "Point",
        "coordinates": [
          105.24424,
          -5.555274911
        ]
      }
    },
    {
      "type": "Feature",
      "properties": {
        "Nomor": 256,
        "NO": 256,
        "ID Bangunan": "Blok D (SDI-D23-023)",
        "Blok": "D",
        "Koordinat Latitude (Y)": -5.555339315,
        "Koordinat Longitude (X)": 105.2441896,
        "Fungsi Bangunan": "Rumah Tinggal",
        "Klasifikasi": "Hunian",
        "Jumlah Lantai": 1,
        "Material Dominan": "Pasang Bata",
        "Sistem Stuktur Tampak": "Dinding Pemikul",
        "Tipe Atap": "Pelana",
        "Material Penutup Atap": "Genteng",
        "Dinding Luar": "Bata Plaster",
        "Kondisi Visual": "Baik",
        "Kode Material": "MUR (batu bata tanpa tulang)",
        "Kode Sistem Struktur": "LWAL",
        "Tingkat Keyakinan": "Tinggi",
        "Dokumetasi": null,
        "Kode Fungsi": "F01",
        "Klasifikasi Fungsi": "Hunian",
        "KODE MATERIAL": "MUR",
        "KODE SISTEM STRUKTUR": "LWAL",
        "KODE TIPE ATAP": "RSH2",
        "KODE MATERIAL PENUTUP ATAP": "RMT1",
        "KODE DINDING LUAR": "EWMA",
        "KODE KONDISI VISUAL ": "CV1",
        "JUMLAH LANTAI": "HEX:1",
        "TAKSONOMI": "MUR/LWAL/RSH2/RMT1/EWMA/CV1/HEX:1",
        "KODE SIGKAT": "MUR \\LWAL\\HEX:1",
        "LUAS_M2": 89.6994060488,
        "Koefisien": 1.0,
        "Nilai Exposure": 450291018.364976,
        "Klasifikasi Rentang Exposure": "Rp14.611.983,05 - Rp638.909.581,39",
        "koreksi_koordinat": "TIDAK"
      },
      "geometry": {
        "type": "Point",
        "coordinates": [
          105.2441896,
          -5.555339315
        ]
      }
    },
    {
      "type": "Feature",
      "properties": {
        "Nomor": 257,
        "NO": 257,
        "ID Bangunan": "Blok D (SDI-D24-024)",
        "Blok": "D",
        "Koordinat Latitude (Y)": -5.555196645,
        "Koordinat Longitude (X)": 105.2444832,
        "Fungsi Bangunan": "Rumah Tinggal",
        "Klasifikasi": "Hunian",
        "Jumlah Lantai": 1,
        "Material Dominan": "Beton Bertulang",
        "Sistem Stuktur Tampak": "Dinding Pemikul",
        "Tipe Atap": "Kombinasi",
        "Material Penutup Atap": "Genteng",
        "Dinding Luar": "Bata Plaster",
        "Kondisi Visual": "Baik",
        "Kode Material": "MUR (batu bata tanpa tulang)",
        "Kode Sistem Struktur": "LWAL",
        "Tingkat Keyakinan": "Tinggi",
        "Dokumetasi": null,
        "Kode Fungsi": "F01",
        "Klasifikasi Fungsi": "Hunian",
        "KODE MATERIAL": "MUR",
        "KODE SISTEM STRUKTUR": "LWAL",
        "KODE TIPE ATAP": "RSH8",
        "KODE MATERIAL PENUTUP ATAP": "RMT1",
        "KODE DINDING LUAR": "EWMA",
        "KODE KONDISI VISUAL ": "CV1",
        "JUMLAH LANTAI": "HEX:1",
        "TAKSONOMI": "MUR/LWAL/RSH8/RMT1/EWMA/CV1/HEX:1",
        "KODE SIGKAT": "MUR \\LWAL\\HEX:1",
        "LUAS_M2": 198.94773363,
        "Koefisien": 1.0,
        "Nilai Exposure": 998717622.8225999,
        "Klasifikasi Rentang Exposure": "> Rp638.909.581,39 - Rp1.136.724.268,30",
        "koreksi_koordinat": "TIDAK"
      },
      "geometry": {
        "type": "Point",
        "coordinates": [
          105.2444832,
          -5.555196645
        ]
      }
    },
    {
      "type": "Feature",
      "properties": {
        "Nomor": 258,
        "NO": 258,
        "ID Bangunan": "Blok D (SDI-D25-025)",
        "Blok": "D",
        "Koordinat Latitude (Y)": -5.555371489,
        "Koordinat Longitude (X)": 105.2442492,
        "Fungsi Bangunan": "Rumah Tinggal",
        "Klasifikasi": "Hunian",
        "Jumlah Lantai": 1,
        "Material Dominan": "Beton Bertulang",
        "Sistem Stuktur Tampak": "Dinding Pemikul",
        "Tipe Atap": "Pelana",
        "Material Penutup Atap": "Genteng",
        "Dinding Luar": "Bata Plaster",
        "Kondisi Visual": "Baik",
        "Kode Material": "MCF (batu bata bertulang)",
        "Kode Sistem Struktur": "LWAL",
        "Tingkat Keyakinan": "Tinggi",
        "Dokumetasi": null,
        "Kode Fungsi": "F01",
        "Klasifikasi Fungsi": "Hunian",
        "KODE MATERIAL": "MCF",
        "KODE SISTEM STRUKTUR": "LWAL",
        "KODE TIPE ATAP": "RSH2",
        "KODE MATERIAL PENUTUP ATAP": "RMT1",
        "KODE DINDING LUAR": "EWMA",
        "KODE KONDISI VISUAL ": "CV1",
        "JUMLAH LANTAI": "HEX:1",
        "TAKSONOMI": "MCF/LWAL/RSH2/RMT1/EWMA/CV1/HEX:1",
        "KODE SIGKAT": "MCF \\LWAL\\HEX:1",
        "LUAS_M2": 117.911328013,
        "Koefisien": 1.0,
        "Nilai Exposure": 591914866.62526,
        "Klasifikasi Rentang Exposure": "Rp14.611.983,05 - Rp638.909.581,39",
        "koreksi_koordinat": "TIDAK"
      },
      "geometry": {
        "type": "Point",
        "coordinates": [
          105.2442492,
          -5.555371489
        ]
      }
    },
    {
      "type": "Feature",
      "properties": {
        "Nomor": 259,
        "NO": 259,
        "ID Bangunan": "Blok D (SDI-D26-026)",
        "Blok": "D",
        "Koordinat Latitude (Y)": -5.555343803,
        "Koordinat Longitude (X)": 105.2445199,
        "Fungsi Bangunan": "Rumah Tinggal",
        "Klasifikasi": "Hunian",
        "Jumlah Lantai": 1,
        "Material Dominan": "Beton Bertulang",
        "Sistem Stuktur Tampak": "Dinding Pemikul",
        "Tipe Atap": "Kombinasi",
        "Material Penutup Atap": "Genteng",
        "Dinding Luar": "Bata Plaster",
        "Kondisi Visual": "Baik",
        "Kode Material": "MCF (batu bata bertulang)",
        "Kode Sistem Struktur": "LWAL",
        "Tingkat Keyakinan": "Tinggi",
        "Dokumetasi": null,
        "Kode Fungsi": "F01",
        "Klasifikasi Fungsi": "Hunian",
        "KODE MATERIAL": "MCF",
        "KODE SISTEM STRUKTUR": "LWAL",
        "KODE TIPE ATAP": "RSH8",
        "KODE MATERIAL PENUTUP ATAP": "RMT1",
        "KODE DINDING LUAR": "EWMA",
        "KODE KONDISI VISUAL ": "CV1",
        "JUMLAH LANTAI": "HEX:1",
        "TAKSONOMI": "MCF/LWAL/RSH8/RMT1/EWMA/CV1/HEX:1",
        "KODE SIGKAT": "MCF \\LWAL\\HEX:1",
        "LUAS_M2": 171.078623169,
        "Koefisien": 1.0,
        "Nilai Exposure": 858814688.30838,
        "Klasifikasi Rentang Exposure": "> Rp638.909.581,39 - Rp1.136.724.268,30",
        "koreksi_koordinat": "TIDAK"
      },
      "geometry": {
        "type": "Point",
        "coordinates": [
          105.2445199,
          -5.555343803
        ]
      }
    },
    {
      "type": "Feature",
      "properties": {
        "Nomor": 260,
        "NO": 260,
        "ID Bangunan": "Blok D (SDI-D27-027)",
        "Blok": "D",
        "Koordinat Latitude (Y)": -5.555569196,
        "Koordinat Longitude (X)": 105.2444053,
        "Fungsi Bangunan": "Rumah Tinggal",
        "Klasifikasi": "Hunian",
        "Jumlah Lantai": 1,
        "Material Dominan": "Beton Bertulang",
        "Sistem Stuktur Tampak": "Dinding Pemikul",
        "Tipe Atap": "Kombinasi",
        "Material Penutup Atap": "Genteng",
        "Dinding Luar": "Bata Plaster",
        "Kondisi Visual": "Baik",
        "Kode Material": "MCF (batu bata bertulang)",
        "Kode Sistem Struktur": "LWAL",
        "Tingkat Keyakinan": "Tinggi",
        "Dokumetasi": null,
        "Kode Fungsi": "F01",
        "Klasifikasi Fungsi": "Hunian",
        "KODE MATERIAL": "MCF",
        "KODE SISTEM STRUKTUR": "LWAL",
        "KODE TIPE ATAP": "RSH8",
        "KODE MATERIAL PENUTUP ATAP": "RMT1",
        "KODE DINDING LUAR": "EWMA",
        "KODE KONDISI VISUAL ": "CV1",
        "JUMLAH LANTAI": "HEX:1",
        "TAKSONOMI": "MCF/LWAL/RSH8/RMT1/EWMA/CV1/HEX:1",
        "KODE SIGKAT": "MCF \\LWAL\\HEX:1",
        "LUAS_M2": 168.790771901,
        "Koefisien": 1.0,
        "Nilai Exposure": 847329674.94302,
        "Klasifikasi Rentang Exposure": "> Rp638.909.581,39 - Rp1.136.724.268,30",
        "koreksi_koordinat": "TIDAK"
      },
      "geometry": {
        "type": "Point",
        "coordinates": [
          105.2444053,
          -5.555569196
        ]
      }
    },
    {
      "type": "Feature",
      "properties": {
        "Nomor": 261,
        "NO": 261,
        "ID Bangunan": "Blok D (SDI-D28-028)",
        "Blok": "D",
        "Koordinat Latitude (Y)": -5.555674892,
        "Koordinat Longitude (X)": 105.2446531,
        "Fungsi Bangunan": "Rumah Tinggal",
        "Klasifikasi": "Hunian",
        "Jumlah Lantai": 1,
        "Material Dominan": "Beton Bertulang",
        "Sistem Stuktur Tampak": "Dinding Pemikul",
        "Tipe Atap": "Kombinasi",
        "Material Penutup Atap": "Genteng dan Beton",
        "Dinding Luar": "Bata Plaster",
        "Kondisi Visual": "Baik",
        "Kode Material": "MCF (batu bata bertulang)",
        "Kode Sistem Struktur": "LWAL",
        "Tingkat Keyakinan": "Tinggi",
        "Dokumetasi": null,
        "Kode Fungsi": "F01",
        "Klasifikasi Fungsi": "Hunian",
        "KODE MATERIAL": "MCF",
        "KODE SISTEM STRUKTUR": "LWAL",
        "KODE TIPE ATAP": "RSH8",
        "KODE MATERIAL PENUTUP ATAP": "RMT1+RMT6",
        "KODE DINDING LUAR": "EWMA",
        "KODE KONDISI VISUAL ": "CV1",
        "JUMLAH LANTAI": "HEX:1",
        "TAKSONOMI": "MCF/LWAL/RSH8/RMT1+RMT6/EWMA/CV1/HEX:1",
        "KODE SIGKAT": "MCF \\LWAL\\HEX:1",
        "LUAS_M2": 168.790771901,
        "Koefisien": 1.0,
        "Nilai Exposure": 847329674.94302,
        "Klasifikasi Rentang Exposure": "> Rp638.909.581,39 - Rp1.136.724.268,30",
        "koreksi_koordinat": "TIDAK"
      },
      "geometry": {
        "type": "Point",
        "coordinates": [
          105.2446531,
          -5.555674892
        ]
      }
    },
    {
      "type": "Feature",
      "properties": {
        "Nomor": 262,
        "NO": 262,
        "ID Bangunan": "Blok D (SDI-D29-029)",
        "Blok": "D",
        "Koordinat Latitude (Y)": -5.555720875,
        "Koordinat Longitude (X)": 105.2446761,
        "Fungsi Bangunan": "Rumah Tinggal",
        "Klasifikasi": "Hunian",
        "Jumlah Lantai": 1,
        "Material Dominan": "Beton Bertulang",
        "Sistem Stuktur Tampak": "Dinding Pemikul",
        "Tipe Atap": "Pelana",
        "Material Penutup Atap": "Genteng",
        "Dinding Luar": "Bata Plaster",
        "Kondisi Visual": "Baik",
        "Kode Material": "MCF (batu bata bertulang)",
        "Kode Sistem Struktur": "LWAL",
        "Tingkat Keyakinan": "Tinggi",
        "Dokumetasi": null,
        "Kode Fungsi": "F01",
        "Klasifikasi Fungsi": "Hunian",
        "KODE MATERIAL": "MCF",
        "KODE SISTEM STRUKTUR": "LWAL",
        "KODE TIPE ATAP": "RSH2",
        "KODE MATERIAL PENUTUP ATAP": "RMT1",
        "KODE DINDING LUAR": "EWMA",
        "KODE KONDISI VISUAL ": "CV1",
        "JUMLAH LANTAI": "HEX:1",
        "TAKSONOMI": "MCF/LWAL/RSH2/RMT1/EWMA/CV1/HEX:1",
        "KODE SIGKAT": "MCF \\LWAL\\HEX:1",
        "LUAS_M2": 114.306644795,
        "Koefisien": 1.0,
        "Nilai Exposure": 573819356.8709,
        "Klasifikasi Rentang Exposure": "Rp14.611.983,05 - Rp638.909.581,39",
        "koreksi_koordinat": "TIDAK"
      },
      "geometry": {
        "type": "Point",
        "coordinates": [
          105.2446761,
          -5.555720875
        ]
      }
    },
    {
      "type": "Feature",
      "properties": {
        "Nomor": 263,
        "NO": 263,
        "ID Bangunan": "Blok D (SDI-D30-030)",
        "Blok": "D",
        "Koordinat Latitude (Y)": -5.555661172,
        "Koordinat Longitude (X)": 105.2444237,
        "Fungsi Bangunan": "Rumah Tinggal",
        "Klasifikasi": "Hunian",
        "Jumlah Lantai": 1,
        "Material Dominan": "Pasang Bata",
        "Sistem Stuktur Tampak": "Dinding Pemikul",
        "Tipe Atap": "Pelana",
        "Material Penutup Atap": "Seng",
        "Dinding Luar": "Bata Ekspos",
        "Kondisi Visual": "Baik",
        "Kode Material": "MUR (batu bata tanpa tulang)",
        "Kode Sistem Struktur": "LWAL",
        "Tingkat Keyakinan": "Tinggi",
        "Dokumetasi": null,
        "Kode Fungsi": "F01",
        "Klasifikasi Fungsi": "Hunian",
        "KODE MATERIAL": "MUR",
        "KODE SISTEM STRUKTUR": "LWAL",
        "KODE TIPE ATAP": "RSH2",
        "KODE MATERIAL PENUTUP ATAP": "RMT2",
        "KODE DINDING LUAR": "EWMA",
        "KODE KONDISI VISUAL ": "CV1",
        "JUMLAH LANTAI": "HEX:1",
        "TAKSONOMI": "MUR/LWAL/RSH2/RMT2/EWMA/CV1/HEX:1",
        "KODE SIGKAT": "MUR \\LWAL\\HEX:1",
        "LUAS_M2": 96.6995438171,
        "Koefisien": 1.0,
        "Nilai Exposure": 485431709.96184194,
        "Klasifikasi Rentang Exposure": "Rp14.611.983,05 - Rp638.909.581,39",
        "koreksi_koordinat": "TIDAK"
      },
      "geometry": {
        "type": "Point",
        "coordinates": [
          105.2444237,
          -5.555661172
        ]
      }
    },
    {
      "type": "Feature",
      "properties": {
        "Nomor": 264,
        "NO": 264,
        "ID Bangunan": "Blok D (SDI-D31-031)",
        "Blok": "D",
        "Koordinat Latitude (Y)": -5.555937014,
        "Koordinat Longitude (X)": 105.2447266,
        "Fungsi Bangunan": "Rumah Tinggal",
        "Klasifikasi": "Hunian",
        "Jumlah Lantai": 1,
        "Material Dominan": "Pasang Bata",
        "Sistem Stuktur Tampak": "Dinding Pemikul",
        "Tipe Atap": "Pelana",
        "Material Penutup Atap": "Genteng",
        "Dinding Luar": "Bata Plaster",
        "Kondisi Visual": "Baik",
        "Kode Material": "MUR (batu bata tanpa tulang)",
        "Kode Sistem Struktur": "LWAL",
        "Tingkat Keyakinan": "Tinggi",
        "Dokumetasi": null,
        "Kode Fungsi": "F01",
        "Klasifikasi Fungsi": "Hunian",
        "KODE MATERIAL": "MUR",
        "KODE SISTEM STRUKTUR": "LWAL",
        "KODE TIPE ATAP": "RSH2",
        "KODE MATERIAL PENUTUP ATAP": "RMT1",
        "KODE DINDING LUAR": "EWMA",
        "KODE KONDISI VISUAL ": "CV1",
        "JUMLAH LANTAI": "HEX:1",
        "TAKSONOMI": "MUR/LWAL/RSH2/RMT1/EWMA/CV1/HEX:1",
        "KODE SIGKAT": "MUR \\LWAL\\HEX:1",
        "LUAS_M2": 105.088003742,
        "Koefisien": 1.0,
        "Nilai Exposure": 527541778.78484,
        "Klasifikasi Rentang Exposure": "Rp14.611.983,05 - Rp638.909.581,39",
        "koreksi_koordinat": "TIDAK"
      },
      "geometry": {
        "type": "Point",
        "coordinates": [
          105.2447266,
          -5.555937014
        ]
      }
    },
    {
      "type": "Feature",
      "properties": {
        "Nomor": 265,
        "NO": 265,
        "ID Bangunan": "Blok D (SDI-D32-032)",
        "Blok": "D",
        "Koordinat Latitude (Y)": -5.555854254,
        "Koordinat Longitude (X)": 105.2446578,
        "Fungsi Bangunan": "Rumah Tinggal",
        "Klasifikasi": "Hunian",
        "Jumlah Lantai": 1,
        "Material Dominan": "Campuran",
        "Sistem Stuktur Tampak": "Campuran",
        "Tipe Atap": "Kombinasi",
        "Material Penutup Atap": "Seng",
        "Dinding Luar": "Campuran",
        "Kondisi Visual": "Baik",
        "Kode Material": "MIX",
        "Kode Sistem Struktur": "LPB",
        "Tingkat Keyakinan": "Tinggi",
        "Dokumetasi": null,
        "Kode Fungsi": "F01",
        "Klasifikasi Fungsi": "Hunian",
        "KODE MATERIAL": "MIX",
        "KODE SISTEM STRUKTUR": "LPB",
        "KODE TIPE ATAP": "RSH8",
        "KODE MATERIAL PENUTUP ATAP": "RMT2",
        "KODE DINDING LUAR": "EWO",
        "KODE KONDISI VISUAL ": "CV1",
        "JUMLAH LANTAI": "HEX:1",
        "TAKSONOMI": "MIX/LPB/RSH8/RMT2/EWO/CV1/HEX:1",
        "KODE SIGKAT": "MIX \\LPB\\HEX:1",
        "LUAS_M2": 95.9377023637,
        "Koefisien": 1.0,
        "Nilai Exposure": 481607265.865774,
        "Klasifikasi Rentang Exposure": "Rp14.611.983,05 - Rp638.909.581,39",
        "koreksi_koordinat": "TIDAK"
      },
      "geometry": {
        "type": "Point",
        "coordinates": [
          105.2446578,
          -5.555854254
        ]
      }
    },
    {
      "type": "Feature",
      "properties": {
        "Nomor": 266,
        "NO": 266,
        "ID Bangunan": "Blok D (SDI-D33-033)",
        "Blok": "D",
        "Koordinat Latitude (Y)": -5.556171597,
        "Koordinat Longitude (X)": 105.2446395,
        "Fungsi Bangunan": "Rumah Tinggal",
        "Klasifikasi": "Hunian",
        "Jumlah Lantai": 1,
        "Material Dominan": "Pasang Bata",
        "Sistem Stuktur Tampak": "Dinding Pemikul",
        "Tipe Atap": "Pelana",
        "Material Penutup Atap": "Seng",
        "Dinding Luar": "Bata Ekspos",
        "Kondisi Visual": "Baik",
        "Kode Material": "MUR (batu bata tanpa tulang)",
        "Kode Sistem Struktur": "LFM",
        "Tingkat Keyakinan": "Tinggi",
        "Dokumetasi": null,
        "Kode Fungsi": "F01",
        "Klasifikasi Fungsi": "Hunian",
        "KODE MATERIAL": "MUR",
        "KODE SISTEM STRUKTUR": "LFM",
        "KODE TIPE ATAP": "RSH2",
        "KODE MATERIAL PENUTUP ATAP": "RMT2",
        "KODE DINDING LUAR": "EWMA",
        "KODE KONDISI VISUAL ": "CV1",
        "JUMLAH LANTAI": "HEX:1",
        "TAKSONOMI": "MUR/LFM/RSH2/RMT2/EWMA/CV1/HEX:1",
        "KODE SIGKAT": "MUR \\LFM\\HEX:1",
        "LUAS_M2": 146.678112912,
        "Koefisien": 1.0,
        "Nilai Exposure": 736324126.8182399,
        "Klasifikasi Rentang Exposure": "> Rp638.909.581,39 - Rp1.136.724.268,30",
        "koreksi_koordinat": "TIDAK"
      },
      "geometry": {
        "type": "Point",
        "coordinates": [
          105.2446395,
          -5.556171597
        ]
      }
    },
    {
      "type": "Feature",
      "properties": {
        "Nomor": 267,
        "NO": 267,
        "ID Bangunan": "Blok D (SDI-D35-035)",
        "Blok": "D",
        "Koordinat Latitude (Y)": -5.556498117,
        "Koordinat Longitude (X)": 105.2446809,
        "Fungsi Bangunan": "Rumah Tinggal",
        "Klasifikasi": "Hunian",
        "Jumlah Lantai": 1,
        "Material Dominan": "Pasang Bata",
        "Sistem Stuktur Tampak": "Dinding Pemikul",
        "Tipe Atap": "Pelana",
        "Material Penutup Atap": "Genteng",
        "Dinding Luar": "Bata Plaster",
        "Kondisi Visual": "Baik",
        "Kode Material": "MUR (batu bata tanpa tulang)",
        "Kode Sistem Struktur": "LWAL",
        "Tingkat Keyakinan": "Tinggi",
        "Dokumetasi": null,
        "Kode Fungsi": "F01",
        "Klasifikasi Fungsi": "Hunian",
        "KODE MATERIAL": "MUR",
        "KODE SISTEM STRUKTUR": "LWAL",
        "KODE TIPE ATAP": "RSH2",
        "KODE MATERIAL PENUTUP ATAP": "RMT1",
        "KODE DINDING LUAR": "EWMA",
        "KODE KONDISI VISUAL ": "CV1",
        "JUMLAH LANTAI": "HEX:1",
        "TAKSONOMI": "MUR/LWAL/RSH2/RMT1/EWMA/CV1/HEX:1",
        "KODE SIGKAT": "MUR \\LWAL\\HEX:1",
        "LUAS_M2": 252.546954261,
        "Koefisien": 1.0,
        "Nilai Exposure": 1267785710.39022,
        "Klasifikasi Rentang Exposure": "> Rp1.136.724.268,30 - Rp1.856.590.180,23",
        "koreksi_koordinat": "TIDAK"
      },
      "geometry": {
        "type": "Point",
        "coordinates": [
          105.2446809,
          -5.556498117
        ]
      }
    },
    {
      "type": "Feature",
      "properties": {
        "Nomor": 268,
        "NO": 268,
        "ID Bangunan": "Blok D (SDI-D36-036)",
        "Blok": "D",
        "Koordinat Latitude (Y)": -5.556622297,
        "Koordinat Longitude (X)": 105.2446672,
        "Fungsi Bangunan": "Rumah Tinggal",
        "Klasifikasi": "Hunian",
        "Jumlah Lantai": 1,
        "Material Dominan": "Beton Bertulang",
        "Sistem Stuktur Tampak": "Dinding Pemikul",
        "Tipe Atap": "Pelana",
        "Material Penutup Atap": "Genteng",
        "Dinding Luar": "Bata Plaster",
        "Kondisi Visual": "Baik",
        "Kode Material": "MCF (batu bata bertulang)",
        "Kode Sistem Struktur": "LWAL",
        "Tingkat Keyakinan": "Tinggi",
        "Dokumetasi": null,
        "Kode Fungsi": "F01",
        "Klasifikasi Fungsi": "Hunian",
        "KODE MATERIAL": "MCF",
        "KODE SISTEM STRUKTUR": "LWAL",
        "KODE TIPE ATAP": "RSH2",
        "KODE MATERIAL PENUTUP ATAP": "RMT1",
        "KODE DINDING LUAR": "EWMA",
        "KODE KONDISI VISUAL ": "CV1",
        "JUMLAH LANTAI": "HEX:1",
        "TAKSONOMI": "MCF/LWAL/RSH2/RMT1/EWMA/CV1/HEX:1",
        "KODE SIGKAT": "MCF \\LWAL\\HEX:1",
        "LUAS_M2": 97.6201589778,
        "Koefisien": 1.0,
        "Nilai Exposure": 490053198.068556,
        "Klasifikasi Rentang Exposure": "Rp14.611.983,05 - Rp638.909.581,39",
        "koreksi_koordinat": "TIDAK"
      },
      "geometry": {
        "type": "Point",
        "coordinates": [
          105.2446672,
          -5.556622297
        ]
      }
    },
    {
      "type": "Feature",
      "properties": {
        "Nomor": 269,
        "NO": 269,
        "ID Bangunan": "SDI-D50-050",
        "Blok": "D",
        "Koordinat Latitude (Y)": -5.553495,
        "Koordinat Longitude (X)": 105.24085,
        "Fungsi Bangunan": "Rumah Tinggal",
        "Klasifikasi": "Hunian",
        "Jumlah Lantai": 1,
        "Material Dominan": "Pasang Bata",
        "Sistem Stuktur Tampak": "Dinding Pemikul",
        "Tipe Atap": "Pelana",
        "Material Penutup Atap": "Genteng",
        "Dinding Luar": "Bata Plaster",
        "Kondisi Visual": "Sedang",
        "Kode Material": "MCF (batu bata bertulang)",
        "Kode Sistem Struktur": "LFINF",
        "Tingkat Keyakinan": "Tinggi",
        "Dokumetasi": null,
        "Kode Fungsi": "F01",
        "Klasifikasi Fungsi": "Hunian",
        "KODE MATERIAL": "MCF",
        "KODE SISTEM STRUKTUR": "LFINF",
        "KODE TIPE ATAP": "RSH2",
        "KODE MATERIAL PENUTUP ATAP": "RMT1",
        "KODE DINDING LUAR": "EWMA",
        "KODE KONDISI VISUAL ": "CV2",
        "JUMLAH LANTAI": "HEX:1",
        "TAKSONOMI": "MCF/LFINF/RSH2/RMT1/EWMA/CV2/HEX:1",
        "KODE SIGKAT": "MCF \\LFINF\\HEX:1",
        "LUAS_M2": 198.362249981,
        "Koefisien": 1.0,
        "Nilai Exposure": 995778494.9046199,
        "Klasifikasi Rentang Exposure": "> Rp638.909.581,39 - Rp1.136.724.268,30",
        "koreksi_koordinat": "TIDAK"
      },
      "geometry": {
        "type": "Point",
        "coordinates": [
          105.24085,
          -5.553495
        ]
      }
    },
    {
      "type": "Feature",
      "properties": {
        "Nomor": 270,
        "NO": 270,
        "ID Bangunan": "SDI-D52-052",
        "Blok": "D",
        "Koordinat Latitude (Y)": -5.553873,
        "Koordinat Longitude (X)": 105.241016,
        "Fungsi Bangunan": "Rumah Tinggal",
        "Klasifikasi": "Hunian",
        "Jumlah Lantai": 1,
        "Material Dominan": "Pasang Bata",
        "Sistem Stuktur Tampak": "Rangka Beton Bertulang",
        "Tipe Atap": "Kombinasi",
        "Material Penutup Atap": "Genteng",
        "Dinding Luar": "Bata Ekspos",
        "Kondisi Visual": "Sedang Dibangun",
        "Kode Material": "MCF (batu bata bertulang)",
        "Kode Sistem Struktur": "LFINF",
        "Tingkat Keyakinan": "Tinggi",
        "Dokumetasi": null,
        "Kode Fungsi": "F01",
        "Klasifikasi Fungsi": "Hunian",
        "KODE MATERIAL": "MCF",
        "KODE SISTEM STRUKTUR": "LFINF",
        "KODE TIPE ATAP": "RSH8",
        "KODE MATERIAL PENUTUP ATAP": "RMT1",
        "KODE DINDING LUAR": "EWMA",
        "KODE KONDISI VISUAL ": "CV5",
        "JUMLAH LANTAI": "HEX:1",
        "TAKSONOMI": "MCF/LFINF/RSH8/RMT1/EWMA/CV5/HEX:1",
        "KODE SIGKAT": "MCF \\LFINF\\HEX:1",
        "LUAS_M2": 162.041671013,
        "Koefisien": 1.0,
        "Nilai Exposure": 813449188.48526,
        "Klasifikasi Rentang Exposure": "> Rp638.909.581,39 - Rp1.136.724.268,30",
        "koreksi_koordinat": "TIDAK"
      },
      "geometry": {
        "type": "Point",
        "coordinates": [
          105.241016,
          -5.553873
        ]
      }
    },
    {
      "type": "Feature",
      "properties": {
        "Nomor": 271,
        "NO": 271,
        "ID Bangunan": "SDI-D53-053",
        "Blok": "D",
        "Koordinat Latitude (Y)": -5.553808,
        "Koordinat Longitude (X)": 105.241094,
        "Fungsi Bangunan": "Rumah Tinggal",
        "Klasifikasi": "Hunian",
        "Jumlah Lantai": 1,
        "Material Dominan": "Pasang Bata",
        "Sistem Stuktur Tampak": "Rangka Beton Bertulang",
        "Tipe Atap": "Kombinasi",
        "Material Penutup Atap": "Spandek + Genteng",
        "Dinding Luar": "Bata Plaster",
        "Kondisi Visual": "Baik",
        "Kode Material": "MCF (batu bata bertulang)",
        "Kode Sistem Struktur": "LFINF",
        "Tingkat Keyakinan": "Tinggi",
        "Dokumetasi": null,
        "Kode Fungsi": "F01",
        "Klasifikasi Fungsi": "Hunian",
        "KODE MATERIAL": "MCF",
        "KODE SISTEM STRUKTUR": "LFINF",
        "KODE TIPE ATAP": "RSH8",
        "KODE MATERIAL PENUTUP ATAP": "RMT6",
        "KODE DINDING LUAR": "EWMA",
        "KODE KONDISI VISUAL ": "CV1",
        "JUMLAH LANTAI": "HEX:1",
        "TAKSONOMI": "MCF/LFINF/RSH8/RMT6/EWMA/CV1/HEX:1",
        "KODE SIGKAT": "MCF \\LFINF\\HEX:1",
        "LUAS_M2": 146.40078644,
        "Koefisien": 1.0,
        "Nilai Exposure": 734931947.9288,
        "Klasifikasi Rentang Exposure": "> Rp638.909.581,39 - Rp1.136.724.268,30",
        "koreksi_koordinat": "TIDAK"
      },
      "geometry": {
        "type": "Point",
        "coordinates": [
          105.241094,
          -5.553808
        ]
      }
    },
    {
      "type": "Feature",
      "properties": {
        "Nomor": 272,
        "NO": 272,
        "ID Bangunan": "Blok D (SDI-D37-037)",
        "Blok": "D",
        "Koordinat Latitude (Y)": -5.556797136,
        "Koordinat Longitude (X)": 105.244447,
        "Fungsi Bangunan": "Rumah Tinggal",
        "Klasifikasi": "Hunian",
        "Jumlah Lantai": 1,
        "Material Dominan": "Pasang Bata",
        "Sistem Stuktur Tampak": "Dinding Pemikul",
        "Tipe Atap": "Pelana",
        "Material Penutup Atap": "Genteng",
        "Dinding Luar": "Bata Ekspos",
        "Kondisi Visual": "Baik",
        "Kode Material": "MUR (batu bata tanpa tulang)",
        "Kode Sistem Struktur": "LFINF",
        "Tingkat Keyakinan": "Tinggi",
        "Dokumetasi": null,
        "Kode Fungsi": "F01",
        "Klasifikasi Fungsi": "Hunian",
        "KODE MATERIAL": "MUR",
        "KODE SISTEM STRUKTUR": "LFINF",
        "KODE TIPE ATAP": "RSH2",
        "KODE MATERIAL PENUTUP ATAP": "RMT1",
        "KODE DINDING LUAR": "EWMA",
        "KODE KONDISI VISUAL ": "CV1",
        "JUMLAH LANTAI": "HEX:1",
        "TAKSONOMI": "MUR/LFINF/RSH2/RMT1/EWMA/CV1/HEX:1",
        "KODE SIGKAT": "MUR \\LFINF\\HEX:1",
        "LUAS_M2": 2.91075359504,
        "Koefisien": 1.0,
        "Nilai Exposure": 14611983.047100801,
        "Klasifikasi Rentang Exposure": "Rp14.611.983,05 - Rp638.909.581,39",
        "koreksi_koordinat": "TIDAK"
      },
      "geometry": {
        "type": "Point",
        "coordinates": [
          105.244447,
          -5.556797136
        ]
      }
    },
    {
      "type": "Feature",
      "properties": {
        "Nomor": 273,
        "NO": 273,
        "ID Bangunan": "SDI-D54-054",
        "Blok": "D",
        "Koordinat Latitude (Y)": -5.553741,
        "Koordinat Longitude (X)": 105.241097,
        "Fungsi Bangunan": "Rumah Tinggal",
        "Klasifikasi": "Hunian",
        "Jumlah Lantai": 1,
        "Material Dominan": "Pasang Bata",
        "Sistem Stuktur Tampak": "Rangka Beton Bertulang",
        "Tipe Atap": "Kombinasi",
        "Material Penutup Atap": "Genteng + Spandek Bata Plaster/Bata Ekspos Baik MCF LFINF Sedang",
        "Dinding Luar": "Bata Ekspos",
        "Kondisi Visual": "Baik",
        "Kode Material": "MCF (batu bata bertulang)",
        "Kode Sistem Struktur": "LFINF",
        "Tingkat Keyakinan": "Tinggi",
        "Dokumetasi": null,
        "Kode Fungsi": "F01",
        "Klasifikasi Fungsi": "Hunian",
        "KODE MATERIAL": "MCF",
        "KODE SISTEM STRUKTUR": "LFINF",
        "KODE TIPE ATAP": "RSH8",
        "KODE MATERIAL PENUTUP ATAP": "RMT1+RMT6",
        "KODE DINDING LUAR": "EWMA",
        "KODE KONDISI VISUAL ": "CV1",
        "JUMLAH LANTAI": "HEX:1",
        "TAKSONOMI": "MCF/LFINF/RSH8/RMT1+RMT6/EWMA/CV1/HEX:1",
        "KODE SIGKAT": "MCF \\LFINF\\HEX:1",
        "LUAS_M2": 179.536088842,
        "Koefisien": 1.0,
        "Nilai Exposure": 901271165.98684,
        "Klasifikasi Rentang Exposure": "> Rp638.909.581,39 - Rp1.136.724.268,30",
        "koreksi_koordinat": "TIDAK"
      },
      "geometry": {
        "type": "Point",
        "coordinates": [
          105.241097,
          -5.553741
        ]
      }
    },
    {
      "type": "Feature",
      "properties": {
        "Nomor": 274,
        "NO": 274,
        "ID Bangunan": "Blok D (SDI-D38-038)",
        "Blok": "D",
        "Koordinat Latitude (Y)": -5.556824671,
        "Koordinat Longitude (X)": 105.2446214,
        "Fungsi Bangunan": "Rumah Tinggal",
        "Klasifikasi": "Hunian",
        "Jumlah Lantai": 1,
        "Material Dominan": "Pasang Bata",
        "Sistem Stuktur Tampak": "Dinding Pemikul",
        "Tipe Atap": "Kombinasi",
        "Material Penutup Atap": "Genteng",
        "Dinding Luar": "Bata Ekspos",
        "Kondisi Visual": "Baik",
        "Kode Material": "MUR (batu bata tanpa tulang)",
        "Kode Sistem Struktur": "LFM",
        "Tingkat Keyakinan": "Tinggi",
        "Dokumetasi": null,
        "Kode Fungsi": "F01",
        "Klasifikasi Fungsi": "Hunian",
        "KODE MATERIAL": "MUR",
        "KODE SISTEM STRUKTUR": "LFM",
        "KODE TIPE ATAP": "RSH8",
        "KODE MATERIAL PENUTUP ATAP": "RMT1",
        "KODE DINDING LUAR": "EWMA",
        "KODE KONDISI VISUAL ": "CV1",
        "JUMLAH LANTAI": "HEX:1",
        "TAKSONOMI": "MUR/LFM/RSH8/RMT1/EWMA/CV1/HEX:1",
        "KODE SIGKAT": "MUR \\LFM\\HEX:1",
        "LUAS_M2": 106.611866116,
        "Koefisien": 1.0,
        "Nilai Exposure": 535191567.90232,
        "Klasifikasi Rentang Exposure": "Rp14.611.983,05 - Rp638.909.581,39",
        "koreksi_koordinat": "TIDAK"
      },
      "geometry": {
        "type": "Point",
        "coordinates": [
          105.2446214,
          -5.556824671
        ]
      }
    },
    {
      "type": "Feature",
      "properties": {
        "Nomor": 275,
        "NO": 275,
        "ID Bangunan": "Blok D (SDI-D39-039)",
        "Blok": "D",
        "Koordinat Latitude (Y)": -5.557049932,
        "Koordinat Longitude (X)": 105.2449014,
        "Fungsi Bangunan": "Rumah Tinggal",
        "Klasifikasi": "Hunian",
        "Jumlah Lantai": 1,
        "Material Dominan": "Campuran",
        "Sistem Stuktur Tampak": "Campuran",
        "Tipe Atap": "Kombinasi",
        "Material Penutup Atap": "Seng",
        "Dinding Luar": "Campuran",
        "Kondisi Visual": "Sedang",
        "Kode Material": "MIX",
        "Kode Sistem Struktur": "LFINF",
        "Tingkat Keyakinan": "Tinggi",
        "Dokumetasi": null,
        "Kode Fungsi": "F01",
        "Klasifikasi Fungsi": "Hunian",
        "KODE MATERIAL": "MIX",
        "KODE SISTEM STRUKTUR": "LFINF",
        "KODE TIPE ATAP": "RSH8",
        "KODE MATERIAL PENUTUP ATAP": "RMT2",
        "KODE DINDING LUAR": "EWO",
        "KODE KONDISI VISUAL ": "CV2",
        "JUMLAH LANTAI": "HEX:1",
        "TAKSONOMI": "MIX/LFINF/RSH8/RMT2/EWO/CV2/HEX:1",
        "KODE SIGKAT": "MIX \\LFINF\\HEX:1",
        "LUAS_M2": 105.135389651,
        "Koefisien": 1.0,
        "Nilai Exposure": 527779656.04802,
        "Klasifikasi Rentang Exposure": "Rp14.611.983,05 - Rp638.909.581,39",
        "koreksi_koordinat": "TIDAK"
      },
      "geometry": {
        "type": "Point",
        "coordinates": [
          105.2449014,
          -5.557049932
        ]
      }
    },
    {
      "type": "Feature",
      "properties": {
        "Nomor": 276,
        "NO": 276,
        "ID Bangunan": "Blok D (SDI-D40-040)",
        "Blok": "D",
        "Koordinat Latitude (Y)": -5.558066293,
        "Koordinat Longitude (X)": 105.2450027,
        "Fungsi Bangunan": "Rumah Tinggal",
        "Klasifikasi": "Hunian",
        "Jumlah Lantai": 1,
        "Material Dominan": "Pasang Bata",
        "Sistem Stuktur Tampak": "Dinding Pemikul",
        "Tipe Atap": "Tidak Terlihat",
        "Material Penutup Atap": "Susah tidak ada",
        "Dinding Luar": "Bata Plaster",
        "Kondisi Visual": "Rusak Berat",
        "Kode Material": "MUR (batu bata tanpa tulang)",
        "Kode Sistem Struktur": "LFM",
        "Tingkat Keyakinan": "Tinggi",
        "Dokumetasi": null,
        "Kode Fungsi": "F01",
        "Klasifikasi Fungsi": "Hunian",
        "KODE MATERIAL": "MUR",
        "KODE SISTEM STRUKTUR": "LFM",
        "KODE TIPE ATAP": "RSH99",
        "KODE MATERIAL PENUTUP ATAP": "RMT99",
        "KODE DINDING LUAR": "EWMA",
        "KODE KONDISI VISUAL ": "CV4",
        "JUMLAH LANTAI": "HEX:1",
        "TAKSONOMI": "MUR/LFM/RSH99/RMT99/EWMA/CV4/HEX:1",
        "KODE SIGKAT": "MUR \\LFM\\HEX:1",
        "LUAS_M2": 133.369612042,
        "Koefisien": 1.0,
        "Nilai Exposure": 669515452.45084,
        "Klasifikasi Rentang Exposure": "> Rp638.909.581,39 - Rp1.136.724.268,30",
        "koreksi_koordinat": "TIDAK"
      },
      "geometry": {
        "type": "Point",
        "coordinates": [
          105.2450027,
          -5.558066293
        ]
      }
    },
    {
      "type": "Feature",
      "properties": {
        "Nomor": 277,
        "NO": 277,
        "ID Bangunan": "Blok D (SDI-D41-041)",
        "Blok": "D",
        "Koordinat Latitude (Y)": -5.557445355,
        "Koordinat Longitude (X)": 105.2451906,
        "Fungsi Bangunan": "Rumah Tinggal",
        "Klasifikasi": "Hunian",
        "Jumlah Lantai": 1,
        "Material Dominan": "Kayu",
        "Sistem Stuktur Tampak": "Rangka Kayu",
        "Tipe Atap": "Pelana",
        "Material Penutup Atap": "Genteng",
        "Dinding Luar": "Kayu",
        "Kondisi Visual": "Baik",
        "Kode Material": "W (kayu)",
        "Kode Sistem Struktur": "LPB",
        "Tingkat Keyakinan": "Tinggi",
        "Dokumetasi": null,
        "Kode Fungsi": "F01",
        "Klasifikasi Fungsi": "Hunian",
        "KODE MATERIAL": "W",
        "KODE SISTEM STRUKTUR": "LPB",
        "KODE TIPE ATAP": "RSH2",
        "KODE MATERIAL PENUTUP ATAP": "RMT1",
        "KODE DINDING LUAR": "EWW",
        "KODE KONDISI VISUAL ": "CV1",
        "JUMLAH LANTAI": "HEX:1",
        "TAKSONOMI": "W/LPB/RSH2/RMT1/EWW/CV1/HEX:1",
        "KODE SIGKAT": "W \\LPB\\HEX:1",
        "LUAS_M2": 68.2794972584,
        "Koefisien": 1.0,
        "Nilai Exposure": 342763076.237168,
        "Klasifikasi Rentang Exposure": "Rp14.611.983,05 - Rp638.909.581,39",
        "koreksi_koordinat": "TIDAK"
      },
      "geometry": {
        "type": "Point",
        "coordinates": [
          105.2451906,
          -5.557445355
        ]
      }
    },
    {
      "type": "Feature",
      "properties": {
        "Nomor": 278,
        "NO": 278,
        "ID Bangunan": "Blok D (SDI-D42-042)",
        "Blok": "D",
        "Koordinat Latitude (Y)": -5.557233912,
        "Koordinat Longitude (X)": 105.244851,
        "Fungsi Bangunan": "Rumah Tinggal",
        "Klasifikasi": "Hunian",
        "Jumlah Lantai": 1,
        "Material Dominan": "Pasang Bata",
        "Sistem Stuktur Tampak": "Dinding Pemikul",
        "Tipe Atap": "Pelana",
        "Material Penutup Atap": "Genteng",
        "Dinding Luar": "Bata Ekspos",
        "Kondisi Visual": "Baik",
        "Kode Material": "MUR (batu bata tanpa tulang)",
        "Kode Sistem Struktur": "LFM",
        "Tingkat Keyakinan": "Tinggi",
        "Dokumetasi": null,
        "Kode Fungsi": "F01",
        "Klasifikasi Fungsi": "Hunian",
        "KODE MATERIAL": "MUR",
        "KODE SISTEM STRUKTUR": "LFM",
        "KODE TIPE ATAP": "RSH2",
        "KODE MATERIAL PENUTUP ATAP": "RMT1",
        "KODE DINDING LUAR": "EWMA",
        "KODE KONDISI VISUAL ": "CV1",
        "JUMLAH LANTAI": "HEX:1",
        "TAKSONOMI": "MUR/LFM/RSH2/RMT1/EWMA/CV1/HEX:1",
        "KODE SIGKAT": "MUR \\LFM\\HEX:1",
        "LUAS_M2": 179.536088842,
        "Koefisien": 1.0,
        "Nilai Exposure": 901271165.98684,
        "Klasifikasi Rentang Exposure": "> Rp638.909.581,39 - Rp1.136.724.268,30",
        "koreksi_koordinat": "TIDAK"
      },
      "geometry": {
        "type": "Point",
        "coordinates": [
          105.244851,
          -5.557233912
        ]
      }
    },
    {
      "type": "Feature",
      "properties": {
        "Nomor": 279,
        "NO": 279,
        "ID Bangunan": "Blok D (SDI-D43-043)",
        "Blok": "D",
        "Koordinat Latitude (Y)": -5.556787863,
        "Koordinat Longitude (X)": 105.2446673,
        "Fungsi Bangunan": "Rumah Tinggal",
        "Klasifikasi": "Hunian",
        "Jumlah Lantai": 1,
        "Material Dominan": "Kayu",
        "Sistem Stuktur Tampak": "Rangka Kayu",
        "Tipe Atap": "Kombinasi",
        "Material Penutup Atap": "Genteng dan Seng",
        "Dinding Luar": "Kayu",
        "Kondisi Visual": "Baik",
        "Kode Material": "MIX",
        "Kode Sistem Struktur": "LPB",
        "Tingkat Keyakinan": "Tinggi",
        "Dokumetasi": null,
        "Kode Fungsi": "F01",
        "Klasifikasi Fungsi": "Hunian",
        "KODE MATERIAL": "MIX",
        "KODE SISTEM STRUKTUR": "LPB",
        "KODE TIPE ATAP": "RSH8",
        "KODE MATERIAL PENUTUP ATAP": "RMT1+RMT6",
        "KODE DINDING LUAR": "EWW",
        "KODE KONDISI VISUAL ": "CV1",
        "JUMLAH LANTAI": "HEX:1",
        "TAKSONOMI": "MIX/LPB/RSH8/RMT1+RMT6/EWW/CV1/HEX:1",
        "KODE SIGKAT": "MIX \\LPB\\HEX:1",
        "LUAS_M2": 196.160272254,
        "Koefisien": 1.0,
        "Nilai Exposure": 984724566.71508,
        "Klasifikasi Rentang Exposure": "> Rp638.909.581,39 - Rp1.136.724.268,30",
        "koreksi_koordinat": "TIDAK"
      },
      "geometry": {
        "type": "Point",
        "coordinates": [
          105.2446673,
          -5.556787863
        ]
      }
    },
    {
      "type": "Feature",
      "properties": {
        "Nomor": 280,
        "NO": 280,
        "ID Bangunan": "Blok D (SDI-D44-044)",
        "Blok": "D",
        "Koordinat Latitude (Y)": -5.553408305,
        "Koordinat Longitude (X)": 105.2423902,
        "Fungsi Bangunan": "Rumah Tinggal",
        "Klasifikasi": "Hunian",
        "Jumlah Lantai": 1,
        "Material Dominan": "Pasang Bata",
        "Sistem Stuktur Tampak": "Dinding Pemikul",
        "Tipe Atap": "Kombinasi",
        "Material Penutup Atap": "Seng",
        "Dinding Luar": "Bata Ekspos",
        "Kondisi Visual": "Baik",
        "Kode Material": "MUR (batu bata tanpa tulang)",
        "Kode Sistem Struktur": "LWAL",
        "Tingkat Keyakinan": "Tinggi",
        "Dokumetasi": null,
        "Kode Fungsi": "F01",
        "Klasifikasi Fungsi": "Hunian",
        "KODE MATERIAL": "MUR",
        "KODE SISTEM STRUKTUR": "LWAL",
        "KODE TIPE ATAP": "RSH8",
        "KODE MATERIAL PENUTUP ATAP": "RMT2",
        "KODE DINDING LUAR": "EWMA",
        "KODE KONDISI VISUAL ": "CV1",
        "JUMLAH LANTAI": "HEX:1",
        "TAKSONOMI": "MUR/LWAL/RSH8/RMT2/EWMA/CV1/HEX:1",
        "KODE SIGKAT": "MUR \\LWAL\\HEX:1",
        "LUAS_M2": 101.214450576,
        "Koefisien": 1.09,
        "Nilai Exposure": 553825230.6617569,
        "Klasifikasi Rentang Exposure": "Rp14.611.983,05 - Rp638.909.581,39",
        "koreksi_koordinat": "TIDAK"
      },
      "geometry": {
        "type": "Point",
        "coordinates": [
          105.2423902,
          -5.553408305
        ]
      }
    },
    {
      "type": "Feature",
      "properties": {
        "Nomor": 281,
        "NO": 281,
        "ID Bangunan": "Blok D (SDI-D45-045)",
        "Blok": "D",
        "Koordinat Latitude (Y)": -5.552649531,
        "Koordinat Longitude (X)": 105.2421697,
        "Fungsi Bangunan": "Rumah Tinggal",
        "Klasifikasi": "Hunian",
        "Jumlah Lantai": 2,
        "Material Dominan": "Beton Bertulang",
        "Sistem Stuktur Tampak": "Dinding Pemikul",
        "Tipe Atap": "Kombinasi",
        "Material Penutup Atap": "Seeng dan Genteng",
        "Dinding Luar": "Bata Plaster",
        "Kondisi Visual": "Baik",
        "Kode Material": "MCF (batu bata bertulang)",
        "Kode Sistem Struktur": "LWAL",
        "Tingkat Keyakinan": "Tinggi",
        "Dokumetasi": null,
        "Kode Fungsi": "F01",
        "Klasifikasi Fungsi": "Hunian",
        "KODE MATERIAL": "MCF",
        "KODE SISTEM STRUKTUR": "LWAL",
        "KODE TIPE ATAP": "RSH8",
        "KODE MATERIAL PENUTUP ATAP": null,
        "KODE DINDING LUAR": "EWMA",
        "KODE KONDISI VISUAL ": "CV1",
        "JUMLAH LANTAI": "HEX:2",
        "TAKSONOMI": "MCF/LWAL/RSH8//EWMA/CV1/HEX:2",
        "KODE SIGKAT": "MCF \\LWAL\\HEX:2",
        "LUAS_M2": 164.194566667,
        "Koefisien": 1.0,
        "Nilai Exposure": 824256724.66834,
        "Klasifikasi Rentang Exposure": "> Rp638.909.581,39 - Rp1.136.724.268,30",
        "koreksi_koordinat": "TIDAK"
      },
      "geometry": {
        "type": "Point",
        "coordinates": [
          105.2421697,
          -5.552649531
        ]
      }
    },
    {
      "type": "Feature",
      "properties": {
        "Nomor": 282,
        "NO": 282,
        "ID Bangunan": "Blok D (SDI-D46-046)",
        "Blok": "D",
        "Koordinat Latitude (Y)": -5.552534506,
        "Koordinat Longitude (X)": 105.2423119,
        "Fungsi Bangunan": "Rumah Tinggal",
        "Klasifikasi": "Hunian",
        "Jumlah Lantai": 1,
        "Material Dominan": "Pasang Bata",
        "Sistem Stuktur Tampak": "Dinding Pemikul",
        "Tipe Atap": "Kombinasi",
        "Material Penutup Atap": "Seng dan genteng",
        "Dinding Luar": "Bata Plaster",
        "Kondisi Visual": "Baik",
        "Kode Material": "MUR (batu bata tanpa tulang)",
        "Kode Sistem Struktur": "LFM",
        "Tingkat Keyakinan": "Tinggi",
        "Dokumetasi": null,
        "Kode Fungsi": "F01",
        "Klasifikasi Fungsi": "Hunian",
        "KODE MATERIAL": "MUR",
        "KODE SISTEM STRUKTUR": "LFM",
        "KODE TIPE ATAP": "RSH8",
        "KODE MATERIAL PENUTUP ATAP": "RMT2",
        "KODE DINDING LUAR": "EWMA",
        "KODE KONDISI VISUAL ": "CV1",
        "JUMLAH LANTAI": "HEX:1",
        "TAKSONOMI": "MUR/LFM/RSH8/RMT2/EWMA/CV1/HEX:1",
        "KODE SIGKAT": "MUR \\LFM\\HEX:1",
        "LUAS_M2": 226.43909727,
        "Koefisien": 1.0,
        "Nilai Exposure": 1136724268.2954,
        "Klasifikasi Rentang Exposure": "> Rp638.909.581,39 - Rp1.136.724.268,30",
        "koreksi_koordinat": "TIDAK"
      },
      "geometry": {
        "type": "Point",
        "coordinates": [
          105.2423119,
          -5.552534506
        ]
      }
    },
    {
      "type": "Feature",
      "properties": {
        "Nomor": 283,
        "NO": 283,
        "ID Bangunan": "Blok D (SDI-D47-047)",
        "Blok": "D",
        "Koordinat Latitude (Y)": -5.552396429,
        "Koordinat Longitude (X)": 105.2426285,
        "Fungsi Bangunan": "Rumah Tinggal",
        "Klasifikasi": "Hunian",
        "Jumlah Lantai": 1,
        "Material Dominan": "Pasang Bata",
        "Sistem Stuktur Tampak": "Dinding Pemikul",
        "Tipe Atap": "Kombinasi",
        "Material Penutup Atap": "genteng dan seng",
        "Dinding Luar": "Bata Plaster",
        "Kondisi Visual": "Baik",
        "Kode Material": "MUR (batu bata tanpa tulang)",
        "Kode Sistem Struktur": "LFM",
        "Tingkat Keyakinan": "Tinggi",
        "Dokumetasi": null,
        "Kode Fungsi": "F01",
        "Klasifikasi Fungsi": "Hunian",
        "KODE MATERIAL": "MUR",
        "KODE SISTEM STRUKTUR": "LFM",
        "KODE TIPE ATAP": "RSH8",
        "KODE MATERIAL PENUTUP ATAP": "RMT1+RMT6",
        "KODE DINDING LUAR": "EWMA",
        "KODE KONDISI VISUAL ": "CV1",
        "JUMLAH LANTAI": "HEX:1",
        "TAKSONOMI": "MUR/LFM/RSH8/RMT1+RMT6/EWMA/CV1/HEX:1",
        "KODE SIGKAT": "MUR \\LFM\\HEX:1",
        "LUAS_M2": 206.714621628,
        "Koefisien": 1.0,
        "Nilai Exposure": 1037707400.5725601,
        "Klasifikasi Rentang Exposure": "> Rp638.909.581,39 - Rp1.136.724.268,30",
        "koreksi_koordinat": "TIDAK"
      },
      "geometry": {
        "type": "Point",
        "coordinates": [
          105.2426285,
          -5.552396429
        ]
      }
    },
    {
      "type": "Feature",
      "properties": {
        "Nomor": 284,
        "NO": 284,
        "ID Bangunan": "Blok D (SDI-D48-048)",
        "Blok": "D",
        "Koordinat Latitude (Y)": -5.552327413,
        "Koordinat Longitude (X)": 105.2427156,
        "Fungsi Bangunan": "Rumah Tinggal",
        "Klasifikasi": "Hunian",
        "Jumlah Lantai": 1,
        "Material Dominan": "Pasang Bata",
        "Sistem Stuktur Tampak": "Dinding Pemikul",
        "Tipe Atap": "Kombinasi",
        "Material Penutup Atap": "Genteng",
        "Dinding Luar": "Bata Plaster",
        "Kondisi Visual": "Baik",
        "Kode Material": "MCF (batu bata bertulang)",
        "Kode Sistem Struktur": "LWAL",
        "Tingkat Keyakinan": "Tinggi",
        "Dokumetasi": null,
        "Kode Fungsi": "F01",
        "Klasifikasi Fungsi": "Hunian",
        "KODE MATERIAL": "MCF",
        "KODE SISTEM STRUKTUR": "LWAL",
        "KODE TIPE ATAP": "RSH8",
        "KODE MATERIAL PENUTUP ATAP": "RMT1",
        "KODE DINDING LUAR": "EWMA",
        "KODE KONDISI VISUAL ": "CV1",
        "JUMLAH LANTAI": "HEX:1",
        "TAKSONOMI": "MCF/LWAL/RSH8/RMT1/EWMA/CV1/HEX:1",
        "KODE SIGKAT": "MCF \\LWAL\\HEX:1",
        "LUAS_M2": 353.096756681,
        "Koefisien": 1.09,
        "Nilai Exposure": 1932074833.2070959,
        "Klasifikasi Rentang Exposure": "> Rp1.856.590.180,23 - < Rp11.941.713.042,64",
        "koreksi_koordinat": "TIDAK"
      },
      "geometry": {
        "type": "Point",
        "coordinates": [
          105.2427156,
          -5.552327413
        ]
      }
    },
    {
      "type": "Feature",
      "properties": {
        "Nomor": 285,
        "NO": 285,
        "ID Bangunan": "SDI-D01-056",
        "Blok": "D",
        "Koordinat Latitude (Y)": -5.554489,
        "Koordinat Longitude (X)": 105.240337,
        "Fungsi Bangunan": "Rumah Tinggal",
        "Klasifikasi": "Hunian",
        "Jumlah Lantai": 2,
        "Material Dominan": "Pasang Bata",
        "Sistem Stuktur Tampak": "Dinding Pemikul",
        "Tipe Atap": "Kombinasi",
        "Material Penutup Atap": "Genteng",
        "Dinding Luar": "Bata Plaster",
        "Kondisi Visual": "Baik",
        "Kode Material": "MUR (batu bata tanpa tulang)",
        "Kode Sistem Struktur": "LWAL",
        "Tingkat Keyakinan": "Tinggi",
        "Dokumetasi": null,
        "Kode Fungsi": "F01",
        "Klasifikasi Fungsi": "Hunian",
        "KODE MATERIAL": "MUR",
        "KODE SISTEM STRUKTUR": "LWAL",
        "KODE TIPE ATAP": "RSH8",
        "KODE MATERIAL PENUTUP ATAP": "RMT1",
        "KODE DINDING LUAR": "EWMA",
        "KODE KONDISI VISUAL ": "CV1",
        "JUMLAH LANTAI": "HEX:2",
        "TAKSONOMI": "MUR/LWAL/RSH8/RMT1/EWMA/CV1/HEX:2",
        "KODE SIGKAT": "MUR \\LWAL\\HEX:2",
        "LUAS_M2": 127.768920229,
        "Koefisien": 1.0,
        "Nilai Exposure": 641399979.54958,
        "Klasifikasi Rentang Exposure": "> Rp638.909.581,39 - Rp1.136.724.268,30",
        "koreksi_koordinat": "TIDAK"
      },
      "geometry": {
        "type": "Point",
        "coordinates": [
          105.240337,
          -5.554489
        ]
      }
    },
    {
      "type": "Feature",
      "properties": {
        "Nomor": 286,
        "NO": 286,
        "ID Bangunan": "SDI-D57-057",
        "Blok": "D",
        "Koordinat Latitude (Y)": -5.554381,
        "Koordinat Longitude (X)": 105.240221,
        "Fungsi Bangunan": "Rumah Tinggal",
        "Klasifikasi": "Hunian",
        "Jumlah Lantai": 1,
        "Material Dominan": "Pasang Bata",
        "Sistem Stuktur Tampak": "Dinding Pemikul",
        "Tipe Atap": "Pelana",
        "Material Penutup Atap": "Genteng",
        "Dinding Luar": "Campuran",
        "Kondisi Visual": "Sedang",
        "Kode Material": "MUR (batu bata tanpa tulang)",
        "Kode Sistem Struktur": "LWAL",
        "Tingkat Keyakinan": "Tinggi",
        "Dokumetasi": null,
        "Kode Fungsi": "F01",
        "Klasifikasi Fungsi": "Hunian",
        "KODE MATERIAL": "MUR",
        "KODE SISTEM STRUKTUR": "LWAL",
        "KODE TIPE ATAP": "RSH2",
        "KODE MATERIAL PENUTUP ATAP": "RMT1",
        "KODE DINDING LUAR": "EWO",
        "KODE KONDISI VISUAL ": "CV2",
        "JUMLAH LANTAI": "HEX:1",
        "TAKSONOMI": "MUR/LWAL/RSH2/RMT1/EWO/CV2/HEX:1",
        "KODE SIGKAT": "MUR \\LWAL\\HEX:1",
        "LUAS_M2": 180.519800849,
        "Koefisien": 1.0,
        "Nilai Exposure": 906209400.26198,
        "Klasifikasi Rentang Exposure": "> Rp638.909.581,39 - Rp1.136.724.268,30",
        "koreksi_koordinat": "TIDAK"
      },
      "geometry": {
        "type": "Point",
        "coordinates": [
          105.240221,
          -5.554381
        ]
      }
    },
    {
      "type": "Feature",
      "properties": {
        "Nomor": 287,
        "NO": 287,
        "ID Bangunan": "SDI-D59-059",
        "Blok": "D",
        "Koordinat Latitude (Y)": -5.553791,
        "Koordinat Longitude (X)": 105.24054,
        "Fungsi Bangunan": "Rumah Tinggal",
        "Klasifikasi": "Hunian",
        "Jumlah Lantai": 1,
        "Material Dominan": "Pasang Bata",
        "Sistem Stuktur Tampak": "Dinding Pemikul",
        "Tipe Atap": "Pelana",
        "Material Penutup Atap": "Genteng",
        "Dinding Luar": "Bata Plaster",
        "Kondisi Visual": "Baik",
        "Kode Material": "MUR (batu bata tanpa tulang)",
        "Kode Sistem Struktur": "LWAL",
        "Tingkat Keyakinan": "Tinggi",
        "Dokumetasi": null,
        "Kode Fungsi": "F01",
        "Klasifikasi Fungsi": "Hunian",
        "KODE MATERIAL": "MUR",
        "KODE SISTEM STRUKTUR": "LWAL",
        "KODE TIPE ATAP": "RSH2",
        "KODE MATERIAL PENUTUP ATAP": "RMT1",
        "KODE DINDING LUAR": "EWMA",
        "KODE KONDISI VISUAL ": "CV1",
        "JUMLAH LANTAI": "HEX:1",
        "TAKSONOMI": "MUR/LWAL/RSH2/RMT1/EWMA/CV1/HEX:1",
        "KODE SIGKAT": "MUR \\LWAL\\HEX:1",
        "LUAS_M2": 352.858416197,
        "Koefisien": 1.0,
        "Nilai Exposure": 1771349249.30894,
        "Klasifikasi Rentang Exposure": "> Rp1.136.724.268,30 - Rp1.856.590.180,23",
        "koreksi_koordinat": "TIDAK"
      },
      "geometry": {
        "type": "Point",
        "coordinates": [
          105.24054,
          -5.553791
        ]
      }
    },
    {
      "type": "Feature",
      "properties": {
        "Nomor": 288,
        "NO": 288,
        "ID Bangunan": "SDI-D60-060",
        "Blok": "D",
        "Koordinat Latitude (Y)": -5.553904,
        "Koordinat Longitude (X)": 105.241163,
        "Fungsi Bangunan": "Rumah Tinggal",
        "Klasifikasi": "Hunian",
        "Jumlah Lantai": 1,
        "Material Dominan": "Beton Bertulang",
        "Sistem Stuktur Tampak": "Rangka Beton Bertulang",
        "Tipe Atap": "Kombinasi",
        "Material Penutup Atap": "Genteng",
        "Dinding Luar": "Bata Plaster",
        "Kondisi Visual": "Baik",
        "Kode Material": "MCF (batu bata bertulang)",
        "Kode Sistem Struktur": "LFM",
        "Tingkat Keyakinan": "Tinggi",
        "Dokumetasi": null,
        "Kode Fungsi": "F01",
        "Klasifikasi Fungsi": "Hunian",
        "KODE MATERIAL": "MCF",
        "KODE SISTEM STRUKTUR": "LFM",
        "KODE TIPE ATAP": "RSH8",
        "KODE MATERIAL PENUTUP ATAP": "RMT1",
        "KODE DINDING LUAR": "EWMA",
        "KODE KONDISI VISUAL ": "CV1",
        "JUMLAH LANTAI": "HEX:1",
        "TAKSONOMI": "MCF/LFM/RSH8/RMT1/EWMA/CV1/HEX:1",
        "KODE SIGKAT": "MCF \\LFM\\HEX:1",
        "LUAS_M2": 352.858416197,
        "Koefisien": 1.0,
        "Nilai Exposure": 1771349249.30894,
        "Klasifikasi Rentang Exposure": "> Rp1.136.724.268,30 - Rp1.856.590.180,23",
        "koreksi_koordinat": "TIDAK"
      },
      "geometry": {
        "type": "Point",
        "coordinates": [
          105.241163,
          -5.553904
        ]
      }
    },
    {
      "type": "Feature",
      "properties": {
        "Nomor": 289,
        "NO": 289,
        "ID Bangunan": "SDI-D61-061",
        "Blok": "D",
        "Koordinat Latitude (Y)": -5.553903,
        "Koordinat Longitude (X)": 105.241164,
        "Fungsi Bangunan": "Rumah Tinggal",
        "Klasifikasi": "Hunian",
        "Jumlah Lantai": 1,
        "Material Dominan": "Pasang Bata",
        "Sistem Stuktur Tampak": "Dinding Pemikul",
        "Tipe Atap": "Pelana",
        "Material Penutup Atap": "Genteng",
        "Dinding Luar": "Bata Ekspos",
        "Kondisi Visual": "Sedang Dibangun",
        "Kode Material": "MUR (batu bata tanpa tulang)",
        "Kode Sistem Struktur": "LWAL",
        "Tingkat Keyakinan": "Tinggi",
        "Dokumetasi": null,
        "Kode Fungsi": "F01",
        "Klasifikasi Fungsi": "Hunian",
        "KODE MATERIAL": "MUR",
        "KODE SISTEM STRUKTUR": "LWAL",
        "KODE TIPE ATAP": "RSH2",
        "KODE MATERIAL PENUTUP ATAP": "RMT1",
        "KODE DINDING LUAR": "EWMA",
        "KODE KONDISI VISUAL ": "CV5",
        "JUMLAH LANTAI": "HEX:1",
        "TAKSONOMI": "MUR/LWAL/RSH2/RMT1/EWMA/CV5/HEX:1",
        "KODE SIGKAT": "MUR \\LWAL\\HEX:1",
        "LUAS_M2": 71.4154638085,
        "Koefisien": 1.0,
        "Nilai Exposure": 358505628.31867,
        "Klasifikasi Rentang Exposure": "Rp14.611.983,05 - Rp638.909.581,39",
        "koreksi_koordinat": "TIDAK"
      },
      "geometry": {
        "type": "Point",
        "coordinates": [
          105.241164,
          -5.553903
        ]
      }
    },
    {
      "type": "Feature",
      "properties": {
        "Nomor": 290,
        "NO": 290,
        "ID Bangunan": "SDI-D62-062",
        "Blok": "D",
        "Koordinat Latitude (Y)": -5.554023,
        "Koordinat Longitude (X)": 105.2413,
        "Fungsi Bangunan": "Rumah Tinggal",
        "Klasifikasi": "Hunian",
        "Jumlah Lantai": 1,
        "Material Dominan": "Campuran",
        "Sistem Stuktur Tampak": "Dinding Pemikul",
        "Tipe Atap": "Pelana",
        "Material Penutup Atap": "Asbes",
        "Dinding Luar": "Bata Plaster",
        "Kondisi Visual": "Sedang",
        "Kode Material": "MUR (batu bata tanpa tulang)",
        "Kode Sistem Struktur": "LWAL",
        "Tingkat Keyakinan": "Tinggi",
        "Dokumetasi": null,
        "Kode Fungsi": "F01",
        "Klasifikasi Fungsi": "Hunian",
        "KODE MATERIAL": "MUR",
        "KODE SISTEM STRUKTUR": "LWAL",
        "KODE TIPE ATAP": "RSH2",
        "KODE MATERIAL PENUTUP ATAP": "RMT6",
        "KODE DINDING LUAR": "EWMA",
        "KODE KONDISI VISUAL ": "CV2",
        "JUMLAH LANTAI": "HEX:1",
        "TAKSONOMI": "MUR/LWAL/RSH2/RMT6/EWMA/CV2/HEX:1",
        "KODE SIGKAT": "MUR \\LWAL\\HEX:1",
        "LUAS_M2": 215.378819691,
        "Koefisien": 1.0,
        "Nilai Exposure": 1081201674.84882,
        "Klasifikasi Rentang Exposure": "> Rp638.909.581,39 - Rp1.136.724.268,30",
        "koreksi_koordinat": "TIDAK"
      },
      "geometry": {
        "type": "Point",
        "coordinates": [
          105.2413,
          -5.554023
        ]
      }
    },
    {
      "type": "Feature",
      "properties": {
        "Nomor": 291,
        "NO": 291,
        "ID Bangunan": "SDI-D63-063",
        "Blok": "D",
        "Koordinat Latitude (Y)": -5.554003,
        "Koordinat Longitude (X)": 105.24129,
        "Fungsi Bangunan": "Rumah Tinggal",
        "Klasifikasi": "Hunian",
        "Jumlah Lantai": 1,
        "Material Dominan": "Pasang Bata",
        "Sistem Stuktur Tampak": "Dinding Pemikul",
        "Tipe Atap": "Pelana",
        "Material Penutup Atap": "Seng",
        "Dinding Luar": "Bata Plaster",
        "Kondisi Visual": "Baik",
        "Kode Material": "MUR (batu bata tanpa tulang)",
        "Kode Sistem Struktur": "LWAL",
        "Tingkat Keyakinan": "Tinggi",
        "Dokumetasi": null,
        "Kode Fungsi": "F01",
        "Klasifikasi Fungsi": "Hunian",
        "KODE MATERIAL": "MUR",
        "KODE SISTEM STRUKTUR": "LWAL",
        "KODE TIPE ATAP": "RSH2",
        "KODE MATERIAL PENUTUP ATAP": "RMT2",
        "KODE DINDING LUAR": "EWMA",
        "KODE KONDISI VISUAL ": "CV1",
        "JUMLAH LANTAI": "HEX:1",
        "TAKSONOMI": "MUR/LWAL/RSH2/RMT2/EWMA/CV1/HEX:1",
        "KODE SIGKAT": "MUR \\LWAL\\HEX:1",
        "LUAS_M2": 156.802481961,
        "Koefisien": 1.0,
        "Nilai Exposure": 787148459.4442201,
        "Klasifikasi Rentang Exposure": "> Rp638.909.581,39 - Rp1.136.724.268,30",
        "koreksi_koordinat": "TIDAK"
      },
      "geometry": {
        "type": "Point",
        "coordinates": [
          105.24129,
          -5.554003
        ]
      }
    },
    {
      "type": "Feature",
      "properties": {
        "Nomor": 292,
        "NO": 292,
        "ID Bangunan": "SDI-D64-064",
        "Blok": "D",
        "Koordinat Latitude (Y)": -5.553833,
        "Koordinat Longitude (X)": 105.241503,
        "Fungsi Bangunan": "Rumah Tinggal",
        "Klasifikasi": "Hunian",
        "Jumlah Lantai": 1,
        "Material Dominan": "Beton Bertulang",
        "Sistem Stuktur Tampak": "Rangka Beton Bertulang",
        "Tipe Atap": "Kombinasi",
        "Material Penutup Atap": "Genteng + Spandek",
        "Dinding Luar": "Campuran",
        "Kondisi Visual": "Baik",
        "Kode Material": "MCF (batu bata bertulang)",
        "Kode Sistem Struktur": "LFM",
        "Tingkat Keyakinan": "Tinggi",
        "Dokumetasi": null,
        "Kode Fungsi": "F01",
        "Klasifikasi Fungsi": "Hunian",
        "KODE MATERIAL": "MCF",
        "KODE SISTEM STRUKTUR": "LFM",
        "KODE TIPE ATAP": "RSH8",
        "KODE MATERIAL PENUTUP ATAP": "RMT1+RMT6",
        "KODE DINDING LUAR": "EWO",
        "KODE KONDISI VISUAL ": "CV1",
        "JUMLAH LANTAI": "HEX:1",
        "TAKSONOMI": "MCF/LFM/RSH8/RMT1+RMT6/EWO/CV1/HEX:1",
        "KODE SIGKAT": "MCF \\LFM\\HEX:1",
        "LUAS_M2": 161.643484456,
        "Koefisien": 1.0,
        "Nilai Exposure": 811450291.96912,
        "Klasifikasi Rentang Exposure": "> Rp638.909.581,39 - Rp1.136.724.268,30",
        "koreksi_koordinat": "TIDAK"
      },
      "geometry": {
        "type": "Point",
        "coordinates": [
          105.241503,
          -5.553833
        ]
      }
    },
    {
      "type": "Feature",
      "properties": {
        "Nomor": 293,
        "NO": 293,
        "ID Bangunan": "SDI-D65-065",
        "Blok": "D",
        "Koordinat Latitude (Y)": -5.554203,
        "Koordinat Longitude (X)": 105.241318,
        "Fungsi Bangunan": "Rumah Tinggal",
        "Klasifikasi": "Hunian",
        "Jumlah Lantai": 1,
        "Material Dominan": "Pasang Bata",
        "Sistem Stuktur Tampak": "Dinding Pemikul",
        "Tipe Atap": "Pelana",
        "Material Penutup Atap": "Seng",
        "Dinding Luar": "Bata Plaster",
        "Kondisi Visual": "Baik",
        "Kode Material": "MUR (batu bata tanpa tulang)",
        "Kode Sistem Struktur": "LWAL",
        "Tingkat Keyakinan": "Tinggi",
        "Dokumetasi": null,
        "Kode Fungsi": "F01",
        "Klasifikasi Fungsi": "Hunian",
        "KODE MATERIAL": "MUR",
        "KODE SISTEM STRUKTUR": "LWAL",
        "KODE TIPE ATAP": "RSH2",
        "KODE MATERIAL PENUTUP ATAP": "RMT2",
        "KODE DINDING LUAR": "EWMA",
        "KODE KONDISI VISUAL ": "CV1",
        "JUMLAH LANTAI": "HEX:1",
        "TAKSONOMI": "MUR/LWAL/RSH2/RMT2/EWMA/CV1/HEX:1",
        "KODE SIGKAT": "MUR \\LWAL\\HEX:1",
        "LUAS_M2": 102.086959704,
        "Koefisien": 1.0,
        "Nilai Exposure": 512476537.71408,
        "Klasifikasi Rentang Exposure": "Rp14.611.983,05 - Rp638.909.581,39",
        "koreksi_koordinat": "TIDAK"
      },
      "geometry": {
        "type": "Point",
        "coordinates": [
          105.241318,
          -5.554203
        ]
      }
    },
    {
      "type": "Feature",
      "properties": {
        "Nomor": 294,
        "NO": 294,
        "ID Bangunan": "SDI-D66-066",
        "Blok": "D",
        "Koordinat Latitude (Y)": -5.554075,
        "Koordinat Longitude (X)": 105.24128,
        "Fungsi Bangunan": "Rumah Tinggal",
        "Klasifikasi": "Hunian",
        "Jumlah Lantai": 1,
        "Material Dominan": "Bambu",
        "Sistem Stuktur Tampak": "Tidak Diketahui",
        "Tipe Atap": "Pelana",
        "Material Penutup Atap": "Seng",
        "Dinding Luar": "Campuran",
        "Kondisi Visual": "Sedang",
        "Kode Material": "MIX",
        "Kode Sistem Struktur": "LPB",
        "Tingkat Keyakinan": "Tinggi",
        "Dokumetasi": null,
        "Kode Fungsi": "F01",
        "Klasifikasi Fungsi": "Hunian",
        "KODE MATERIAL": "MIX",
        "KODE SISTEM STRUKTUR": "LPB",
        "KODE TIPE ATAP": "RSH2",
        "KODE MATERIAL PENUTUP ATAP": "RMT2",
        "KODE DINDING LUAR": "EWO",
        "KODE KONDISI VISUAL ": "CV2",
        "JUMLAH LANTAI": "HEX:1",
        "TAKSONOMI": "MIX/LPB/RSH2/RMT2/EWO/CV2/HEX:1",
        "KODE SIGKAT": "MIX \\LPB\\HEX:1",
        "LUAS_M2": 86.4534100913,
        "Koefisien": 1.0,
        "Nilai Exposure": 433996118.658326,
        "Klasifikasi Rentang Exposure": "Rp14.611.983,05 - Rp638.909.581,39",
        "koreksi_koordinat": "TIDAK"
      },
      "geometry": {
        "type": "Point",
        "coordinates": [
          105.24128,
          -5.554075
        ]
      }
    },
    {
      "type": "Feature",
      "properties": {
        "Nomor": 295,
        "NO": 295,
        "ID Bangunan": "BLOK D (SDI-D67-067)",
        "Blok": "D",
        "Koordinat Latitude (Y)": -5.554182,
        "Koordinat Longitude (X)": 105.240078,
        "Fungsi Bangunan": "Rumah Tinggal",
        "Klasifikasi": "Hunian",
        "Jumlah Lantai": 1,
        "Material Dominan": "Pasang Bata",
        "Sistem Stuktur Tampak": "Rangka Beton Bertulang",
        "Tipe Atap": "Limasan",
        "Material Penutup Atap": "Genteng",
        "Dinding Luar": "Bata Plaster",
        "Kondisi Visual": "Sedang",
        "Kode Material": "MCF (batu bata bertulang)",
        "Kode Sistem Struktur": "LFINF",
        "Tingkat Keyakinan": "Tinggi",
        "Dokumetasi": null,
        "Kode Fungsi": "F01",
        "Klasifikasi Fungsi": "Hunian",
        "KODE MATERIAL": "MCF",
        "KODE SISTEM STRUKTUR": "LFINF",
        "KODE TIPE ATAP": "RSH3",
        "KODE MATERIAL PENUTUP ATAP": "RMT1",
        "KODE DINDING LUAR": "EWMA",
        "KODE KONDISI VISUAL ": "CV2",
        "JUMLAH LANTAI": "HEX:1",
        "TAKSONOMI": "MCF/LFINF/RSH3/RMT1/EWMA/CV2/HEX:1",
        "KODE SIGKAT": "MCF \\LFINF\\HEX:1",
        "LUAS_M2": 401.150705284,
        "Koefisien": 1.0,
        "Nilai Exposure": 2013776540.52568,
        "Klasifikasi Rentang Exposure": "> Rp1.856.590.180,23 - < Rp11.941.713.042,64",
        "koreksi_koordinat": "TIDAK"
      },
      "geometry": {
        "type": "Point",
        "coordinates": [
          105.240078,
          -5.554182
        ]
      }
    },
    {
      "type": "Feature",
      "properties": {
        "Nomor": 296,
        "NO": 296,
        "ID Bangunan": "BLOK D (SDI-D69-069)",
        "Blok": "D",
        "Koordinat Latitude (Y)": -5.554683,
        "Koordinat Longitude (X)": 105.24041,
        "Fungsi Bangunan": "Rumah Tinggal",
        "Klasifikasi": "Hunian",
        "Jumlah Lantai": 1,
        "Material Dominan": "Pasang Bata",
        "Sistem Stuktur Tampak": "Rangka Beton Bertulang",
        "Tipe Atap": "Kombinasi",
        "Material Penutup Atap": "Genteng",
        "Dinding Luar": "Bata Plaster",
        "Kondisi Visual": "Baik",
        "Kode Material": "MCF (batu bata bertulang)",
        "Kode Sistem Struktur": "LFINF",
        "Tingkat Keyakinan": "Tinggi",
        "Dokumetasi": null,
        "Kode Fungsi": "F01",
        "Klasifikasi Fungsi": "Hunian",
        "KODE MATERIAL": "MCF",
        "KODE SISTEM STRUKTUR": "LFINF",
        "KODE TIPE ATAP": "RSH8",
        "KODE MATERIAL PENUTUP ATAP": "RMT1",
        "KODE DINDING LUAR": "EWMA",
        "KODE KONDISI VISUAL ": "CV1",
        "JUMLAH LANTAI": "HEX:1",
        "TAKSONOMI": "MCF/LFINF/RSH8/RMT1/EWMA/CV1/HEX:1",
        "KODE SIGKAT": "MCF \\LFINF\\HEX:1",
        "LUAS_M2": 210.787673321,
        "Koefisien": 1.0,
        "Nilai Exposure": 1058154120.07142,
        "Klasifikasi Rentang Exposure": "> Rp638.909.581,39 - Rp1.136.724.268,30",
        "koreksi_koordinat": "TIDAK"
      },
      "geometry": {
        "type": "Point",
        "coordinates": [
          105.24041,
          -5.554683
        ]
      }
    },
    {
      "type": "Feature",
      "properties": {
        "Nomor": 297,
        "NO": 297,
        "ID Bangunan": "BLOK D (SDI-D70-070)",
        "Blok": "D",
        "Koordinat Latitude (Y)": -5.554838,
        "Koordinat Longitude (X)": 105.240846,
        "Fungsi Bangunan": "Rumah Tinggal",
        "Klasifikasi": "Hunian",
        "Jumlah Lantai": 1,
        "Material Dominan": "Pasang Bata",
        "Sistem Stuktur Tampak": "Rangka Beton Bertulang",
        "Tipe Atap": "Pelana",
        "Material Penutup Atap": "Genteng",
        "Dinding Luar": "Bata Plaster",
        "Kondisi Visual": "Baik",
        "Kode Material": "MCF (batu bata bertulang)",
        "Kode Sistem Struktur": "LFINF",
        "Tingkat Keyakinan": "Tinggi",
        "Dokumetasi": null,
        "Kode Fungsi": "F01",
        "Klasifikasi Fungsi": "Hunian",
        "KODE MATERIAL": "MCF",
        "KODE SISTEM STRUKTUR": "LFINF",
        "KODE TIPE ATAP": "RSH2",
        "KODE MATERIAL PENUTUP ATAP": "RMT1",
        "KODE DINDING LUAR": "EWMA",
        "KODE KONDISI VISUAL ": "CV1",
        "JUMLAH LANTAI": "HEX:1",
        "TAKSONOMI": "MCF/LFINF/RSH2/RMT1/EWMA/CV1/HEX:1",
        "KODE SIGKAT": "MCF \\LFINF\\HEX:1",
        "LUAS_M2": 108.880600246,
        "Koefisien": 1.0,
        "Nilai Exposure": 546580613.23492,
        "Klasifikasi Rentang Exposure": "Rp14.611.983,05 - Rp638.909.581,39",
        "koreksi_koordinat": "TIDAK"
      },
      "geometry": {
        "type": "Point",
        "coordinates": [
          105.240846,
          -5.554838
        ]
      }
    },
    {
      "type": "Feature",
      "properties": {
        "Nomor": 298,
        "NO": 298,
        "ID Bangunan": "BLOK D (SDI-D71-071)",
        "Blok": "D",
        "Koordinat Latitude (Y)": -5.554811,
        "Koordinat Longitude (X)": 105.240907,
        "Fungsi Bangunan": "Rumah Tinggal",
        "Klasifikasi": "Hunian",
        "Jumlah Lantai": 1,
        "Material Dominan": "Pasang Bata",
        "Sistem Stuktur Tampak": "Rangka Beton Bertulang",
        "Tipe Atap": "Kombinasi",
        "Material Penutup Atap": "Genteng",
        "Dinding Luar": "Campuran",
        "Kondisi Visual": "Sedang",
        "Kode Material": "MCF (batu bata bertulang)",
        "Kode Sistem Struktur": "LFINF",
        "Tingkat Keyakinan": "Tinggi",
        "Dokumetasi": null,
        "Kode Fungsi": "F01",
        "Klasifikasi Fungsi": "Hunian",
        "KODE MATERIAL": "MCF",
        "KODE SISTEM STRUKTUR": "LFINF",
        "KODE TIPE ATAP": "RSH8",
        "KODE MATERIAL PENUTUP ATAP": "RMT1",
        "KODE DINDING LUAR": "EWO",
        "KODE KONDISI VISUAL ": "CV2",
        "JUMLAH LANTAI": "HEX:1",
        "TAKSONOMI": "MCF/LFINF/RSH8/RMT1/EWO/CV2/HEX:1",
        "KODE SIGKAT": "MCF \\LFINF\\HEX:1",
        "LUAS_M2": 38.9657829528,
        "Koefisien": 1.0,
        "Nilai Exposure": 195608230.42305598,
        "Klasifikasi Rentang Exposure": "Rp14.611.983,05 - Rp638.909.581,39",
        "koreksi_koordinat": "TIDAK"
      },
      "geometry": {
        "type": "Point",
        "coordinates": [
          105.240907,
          -5.554811
        ]
      }
    },
    {
      "type": "Feature",
      "properties": {
        "Nomor": 299,
        "NO": 299,
        "ID Bangunan": "BLOK D (SDI-D72-072)",
        "Blok": "D",
        "Koordinat Latitude (Y)": -5.554897,
        "Koordinat Longitude (X)": 105.240587,
        "Fungsi Bangunan": "Rumah Tinggal",
        "Klasifikasi": "Hunian",
        "Jumlah Lantai": 1,
        "Material Dominan": "Pasang Bata",
        "Sistem Stuktur Tampak": "Rangka Beton Bertulang",
        "Tipe Atap": "Kombinasi",
        "Material Penutup Atap": "Genteng",
        "Dinding Luar": "Bata Plaster",
        "Kondisi Visual": "Sedang",
        "Kode Material": "MCF (batu bata bertulang)",
        "Kode Sistem Struktur": "LFINF",
        "Tingkat Keyakinan": "Tinggi",
        "Dokumetasi": null,
        "Kode Fungsi": "F01",
        "Klasifikasi Fungsi": "Hunian",
        "KODE MATERIAL": "MCF",
        "KODE SISTEM STRUKTUR": "LFINF",
        "KODE TIPE ATAP": "RSH8",
        "KODE MATERIAL PENUTUP ATAP": "RMT1",
        "KODE DINDING LUAR": "EWMA",
        "KODE KONDISI VISUAL ": "CV2",
        "JUMLAH LANTAI": "HEX:1",
        "TAKSONOMI": "MCF/LFINF/RSH8/RMT1/EWMA/CV2/HEX:1",
        "KODE SIGKAT": "MCF \\LFINF\\HEX:1",
        "LUAS_M2": 141.981085215,
        "Koefisien": 1.0,
        "Nilai Exposure": 712745047.7793001,
        "Klasifikasi Rentang Exposure": "> Rp638.909.581,39 - Rp1.136.724.268,30",
        "koreksi_koordinat": "TIDAK"
      },
      "geometry": {
        "type": "Point",
        "coordinates": [
          105.240587,
          -5.554897
        ]
      }
    },
    {
      "type": "Feature",
      "properties": {
        "Nomor": 300,
        "NO": 300,
        "ID Bangunan": "BLOK D (SDI-D73-073)",
        "Blok": "D",
        "Koordinat Latitude (Y)": -5.555048,
        "Koordinat Longitude (X)": 105.240708,
        "Fungsi Bangunan": "Rumah Tinggal",
        "Klasifikasi": "Hunian",
        "Jumlah Lantai": 1,
        "Material Dominan": "Pasang Bata",
        "Sistem Stuktur Tampak": "Rangka Beton Bertulang",
        "Tipe Atap": "Pelana",
        "Material Penutup Atap": "Genteng",
        "Dinding Luar": "Campuran",
        "Kondisi Visual": "Sedang",
        "Kode Material": "MCF (batu bata bertulang)",
        "Kode Sistem Struktur": "LFINF",
        "Tingkat Keyakinan": "Tinggi",
        "Dokumetasi": null,
        "Kode Fungsi": "F01",
        "Klasifikasi Fungsi": "Hunian",
        "KODE MATERIAL": "MCF",
        "KODE SISTEM STRUKTUR": "LFINF",
        "KODE TIPE ATAP": "RSH2",
        "KODE MATERIAL PENUTUP ATAP": "RMT1",
        "KODE DINDING LUAR": "EWO",
        "KODE KONDISI VISUAL ": "CV2",
        "JUMLAH LANTAI": "HEX:1",
        "TAKSONOMI": "MCF/LFINF/RSH2/RMT1/EWO/CV2/HEX:1",
        "KODE SIGKAT": "MCF \\LFINF\\HEX:1",
        "LUAS_M2": 108.880600246,
        "Koefisien": 1.0,
        "Nilai Exposure": 546580613.23492,
        "Klasifikasi Rentang Exposure": "Rp14.611.983,05 - Rp638.909.581,39",
        "koreksi_koordinat": "TIDAK"
      },
      "geometry": {
        "type": "Point",
        "coordinates": [
          105.240708,
          -5.555048
        ]
      }
    },
    {
      "type": "Feature",
      "properties": {
        "Nomor": 301,
        "NO": 301,
        "ID Bangunan": "BLOK D (SDI-D74-074)",
        "Blok": "D",
        "Koordinat Latitude (Y)": -5.554716,
        "Koordinat Longitude (X)": 105.241056,
        "Fungsi Bangunan": "Rumah Tinggal",
        "Klasifikasi": "Hunian",
        "Jumlah Lantai": 1,
        "Material Dominan": "Pasang Bata",
        "Sistem Stuktur Tampak": "Rangka Beton Bertulang",
        "Tipe Atap": "Kombinasi",
        "Material Penutup Atap": "Genteng",
        "Dinding Luar": "Bata Plaster",
        "Kondisi Visual": "Baik",
        "Kode Material": "MCF (batu bata bertulang)",
        "Kode Sistem Struktur": "LFINF",
        "Tingkat Keyakinan": "Tinggi",
        "Dokumetasi": null,
        "Kode Fungsi": "F01",
        "Klasifikasi Fungsi": "Hunian",
        "KODE MATERIAL": "MCF",
        "KODE SISTEM STRUKTUR": "LFINF",
        "KODE TIPE ATAP": "RSH8",
        "KODE MATERIAL PENUTUP ATAP": "RMT1",
        "KODE DINDING LUAR": "EWMA",
        "KODE KONDISI VISUAL ": "CV1",
        "JUMLAH LANTAI": "HEX:1",
        "TAKSONOMI": "MCF/LFINF/RSH8/RMT1/EWMA/CV1/HEX:1",
        "KODE SIGKAT": "MCF \\LFINF\\HEX:1",
        "LUAS_M2": 534.390490631,
        "Koefisien": 1.0,
        "Nilai Exposure": 2682640262.9676204,
        "Klasifikasi Rentang Exposure": "> Rp1.856.590.180,23 - < Rp11.941.713.042,64",
        "koreksi_koordinat": "TIDAK"
      },
      "geometry": {
        "type": "Point",
        "coordinates": [
          105.241056,
          -5.554716
        ]
      }
    },
    {
      "type": "Feature",
      "properties": {
        "Nomor": 302,
        "NO": 302,
        "ID Bangunan": "BLOK D (SDI-D75-075)",
        "Blok": "D",
        "Koordinat Latitude (Y)": -5.554612,
        "Koordinat Longitude (X)": 105.241172,
        "Fungsi Bangunan": "Rumah Tinggal",
        "Klasifikasi": "Hunian",
        "Jumlah Lantai": 1,
        "Material Dominan": "Pasang Bata",
        "Sistem Stuktur Tampak": "Rangka Beton Bertulang",
        "Tipe Atap": "Kombinasi",
        "Material Penutup Atap": "Genteng",
        "Dinding Luar": "Bata Plaster",
        "Kondisi Visual": "Sedang",
        "Kode Material": "MCF (batu bata bertulang)",
        "Kode Sistem Struktur": "LFINF",
        "Tingkat Keyakinan": "Tinggi",
        "Dokumetasi": null,
        "Kode Fungsi": "F01",
        "Klasifikasi Fungsi": "Hunian",
        "KODE MATERIAL": "MCF",
        "KODE SISTEM STRUKTUR": "LFINF",
        "KODE TIPE ATAP": "RSH8",
        "KODE MATERIAL PENUTUP ATAP": "RMT1",
        "KODE DINDING LUAR": "EWMA",
        "KODE KONDISI VISUAL ": "CV2",
        "JUMLAH LANTAI": "HEX:1",
        "TAKSONOMI": "MCF/LFINF/RSH8/RMT1/EWMA/CV2/HEX:1",
        "KODE SIGKAT": "MCF \\LFINF\\HEX:1",
        "LUAS_M2": 534.390490631,
        "Koefisien": 1.0,
        "Nilai Exposure": 2682640262.9676204,
        "Klasifikasi Rentang Exposure": "> Rp1.856.590.180,23 - < Rp11.941.713.042,64",
        "koreksi_koordinat": "TIDAK"
      },
      "geometry": {
        "type": "Point",
        "coordinates": [
          105.241172,
          -5.554612
        ]
      }
    },
    {
      "type": "Feature",
      "properties": {
        "Nomor": 303,
        "NO": 303,
        "ID Bangunan": "Blok D (SDI-D78-078)",
        "Blok": "D",
        "Koordinat Latitude (Y)": -5.554491,
        "Koordinat Longitude (X)": 105.241306,
        "Fungsi Bangunan": "Rumah Tinggal",
        "Klasifikasi": "Hunian",
        "Jumlah Lantai": 1,
        "Material Dominan": "Pasang Bata",
        "Sistem Stuktur Tampak": "Rangka Beton Bertulang",
        "Tipe Atap": "Kombinasi",
        "Material Penutup Atap": "Genteng",
        "Dinding Luar": "Bata Plaster",
        "Kondisi Visual": "Sedang",
        "Kode Material": "MCF (batu bata bertulang)",
        "Kode Sistem Struktur": "LFINF",
        "Tingkat Keyakinan": "Tinggi",
        "Dokumetasi": null,
        "Kode Fungsi": "F01",
        "Klasifikasi Fungsi": "Hunian",
        "KODE MATERIAL": "MCF",
        "KODE SISTEM STRUKTUR": "LFINF",
        "KODE TIPE ATAP": "RSH8",
        "KODE MATERIAL PENUTUP ATAP": "RMT1",
        "KODE DINDING LUAR": "EWMA",
        "KODE KONDISI VISUAL ": "CV2",
        "JUMLAH LANTAI": "HEX:1",
        "TAKSONOMI": "MCF/LFINF/RSH8/RMT1/EWMA/CV2/HEX:1",
        "KODE SIGKAT": "MCF \\LFINF\\HEX:1",
        "LUAS_M2": 127.487418297,
        "Koefisien": 1.0,
        "Nilai Exposure": 639986839.85094,
        "Klasifikasi Rentang Exposure": "> Rp638.909.581,39 - Rp1.136.724.268,30",
        "koreksi_koordinat": "TIDAK"
      },
      "geometry": {
        "type": "Point",
        "coordinates": [
          105.241306,
          -5.554491
        ]
      }
    },
    {
      "type": "Feature",
      "properties": {
        "Nomor": 304,
        "NO": 304,
        "ID Bangunan": "Blok D (SDI-D79-079)",
        "Blok": "D",
        "Koordinat Latitude (Y)": -5.554482,
        "Koordinat Longitude (X)": 105.241329,
        "Fungsi Bangunan": "Rumah Tinggal",
        "Klasifikasi": "Hunian",
        "Jumlah Lantai": 1,
        "Material Dominan": "Pasang Bata",
        "Sistem Stuktur Tampak": "Rangka Beton Bertulang",
        "Tipe Atap": "Kombinasi",
        "Material Penutup Atap": "Genteng",
        "Dinding Luar": "Bata Plaster",
        "Kondisi Visual": "Baik",
        "Kode Material": "MCF (batu bata bertulang)",
        "Kode Sistem Struktur": "LFINF",
        "Tingkat Keyakinan": "Tinggi",
        "Dokumetasi": null,
        "Kode Fungsi": "F01",
        "Klasifikasi Fungsi": "Hunian",
        "KODE MATERIAL": "MCF",
        "KODE SISTEM STRUKTUR": "LFINF",
        "KODE TIPE ATAP": "RSH8",
        "KODE MATERIAL PENUTUP ATAP": "RMT1",
        "KODE DINDING LUAR": "EWMA",
        "KODE KONDISI VISUAL ": "CV1",
        "JUMLAH LANTAI": "HEX:1",
        "TAKSONOMI": "MCF/LFINF/RSH8/RMT1/EWMA/CV1/HEX:1",
        "KODE SIGKAT": "MCF \\LFINF\\HEX:1",
        "LUAS_M2": 183.094513551,
        "Koefisien": 1.0,
        "Nilai Exposure": 919134458.02602,
        "Klasifikasi Rentang Exposure": "> Rp638.909.581,39 - Rp1.136.724.268,30",
        "koreksi_koordinat": "TIDAK"
      },
      "geometry": {
        "type": "Point",
        "coordinates": [
          105.241329,
          -5.554482
        ]
      }
    },
    {
      "type": "Feature",
      "properties": {
        "Nomor": 305,
        "NO": 305,
        "ID Bangunan": "Blok D (SDI-D80-080)",
        "Blok": "D",
        "Koordinat Latitude (Y)": -5.554378,
        "Koordinat Longitude (X)": 105.241456,
        "Fungsi Bangunan": "Rumah Tinggal",
        "Klasifikasi": "Hunian",
        "Jumlah Lantai": 1,
        "Material Dominan": "Pasang Bata",
        "Sistem Stuktur Tampak": "Rangka Beton Bertulang",
        "Tipe Atap": "Kombinasi",
        "Material Penutup Atap": "Genteng",
        "Dinding Luar": "Bata Plaster",
        "Kondisi Visual": "Sedang",
        "Kode Material": "MCF (batu bata bertulang)",
        "Kode Sistem Struktur": "LFINF",
        "Tingkat Keyakinan": "Tinggi",
        "Dokumetasi": null,
        "Kode Fungsi": "F01",
        "Klasifikasi Fungsi": "Hunian",
        "KODE MATERIAL": "MCF",
        "KODE SISTEM STRUKTUR": "LFINF",
        "KODE TIPE ATAP": "RSH8",
        "KODE MATERIAL PENUTUP ATAP": "RMT1",
        "KODE DINDING LUAR": "EWMA",
        "KODE KONDISI VISUAL ": "CV2",
        "JUMLAH LANTAI": "HEX:1",
        "TAKSONOMI": "MCF/LFINF/RSH8/RMT1/EWMA/CV2/HEX:1",
        "KODE SIGKAT": "MCF \\LFINF\\HEX:1",
        "LUAS_M2": 210.787673321,
        "Koefisien": 1.0,
        "Nilai Exposure": 1058154120.07142,
        "Klasifikasi Rentang Exposure": "> Rp638.909.581,39 - Rp1.136.724.268,30",
        "koreksi_koordinat": "TIDAK"
      },
      "geometry": {
        "type": "Point",
        "coordinates": [
          105.241456,
          -5.554378
        ]
      }
    },
    {
      "type": "Feature",
      "properties": {
        "Nomor": 306,
        "NO": 306,
        "ID Bangunan": "Blok D (SDI-D81-081)",
        "Blok": "D",
        "Koordinat Latitude (Y)": -5.554988,
        "Koordinat Longitude (X)": 105.24074,
        "Fungsi Bangunan": "Rumah Tinggal",
        "Klasifikasi": "Hunian",
        "Jumlah Lantai": 1,
        "Material Dominan": "Pasang Bata",
        "Sistem Stuktur Tampak": "Rangka Beton Bertulang",
        "Tipe Atap": "Limasan",
        "Material Penutup Atap": "Genteng",
        "Dinding Luar": "Bata Plaster",
        "Kondisi Visual": "Sedang",
        "Kode Material": "MCF (batu bata bertulang)",
        "Kode Sistem Struktur": "LFINF",
        "Tingkat Keyakinan": "Tinggi",
        "Dokumetasi": null,
        "Kode Fungsi": "F01",
        "Klasifikasi Fungsi": "Hunian",
        "KODE MATERIAL": "MCF",
        "KODE SISTEM STRUKTUR": "LFINF",
        "KODE TIPE ATAP": "RSH3",
        "KODE MATERIAL PENUTUP ATAP": "RMT1",
        "KODE DINDING LUAR": "EWMA",
        "KODE KONDISI VISUAL ": "CV2",
        "JUMLAH LANTAI": "HEX:1",
        "TAKSONOMI": "MCF/LFINF/RSH3/RMT1/EWMA/CV2/HEX:1",
        "KODE SIGKAT": "MCF \\LFINF\\HEX:1",
        "LUAS_M2": 210.787673321,
        "Koefisien": 1.0,
        "Nilai Exposure": 1058154120.07142,
        "Klasifikasi Rentang Exposure": "> Rp638.909.581,39 - Rp1.136.724.268,30",
        "koreksi_koordinat": "TIDAK"
      },
      "geometry": {
        "type": "Point",
        "coordinates": [
          105.24074,
          -5.554988
        ]
      }
    },
    {
      "type": "Feature",
      "properties": {
        "Nomor": 307,
        "NO": 307,
        "ID Bangunan": "Blok D (SDI-D82-082)",
        "Blok": "D",
        "Koordinat Latitude (Y)": -5.555002,
        "Koordinat Longitude (X)": 105.240759,
        "Fungsi Bangunan": "Rumah Tinggal",
        "Klasifikasi": "Hunian",
        "Jumlah Lantai": 1,
        "Material Dominan": "Pasang Bata",
        "Sistem Stuktur Tampak": "Rangka Beton Bertulang",
        "Tipe Atap": "Limasan",
        "Material Penutup Atap": "Genteng",
        "Dinding Luar": "Bata Plaster",
        "Kondisi Visual": "Sedang",
        "Kode Material": "MCF (batu bata bertulang)",
        "Kode Sistem Struktur": "LFINF",
        "Tingkat Keyakinan": "Tinggi",
        "Dokumetasi": null,
        "Kode Fungsi": "F01",
        "Klasifikasi Fungsi": "Hunian",
        "KODE MATERIAL": "MCF",
        "KODE SISTEM STRUKTUR": "LFINF",
        "KODE TIPE ATAP": "RSH3",
        "KODE MATERIAL PENUTUP ATAP": "RMT1",
        "KODE DINDING LUAR": "EWMA",
        "KODE KONDISI VISUAL ": "CV2",
        "JUMLAH LANTAI": "HEX:1",
        "TAKSONOMI": "MCF/LFINF/RSH3/RMT1/EWMA/CV2/HEX:1",
        "KODE SIGKAT": "MCF \\LFINF\\HEX:1",
        "LUAS_M2": 18.8659137076,
        "Koefisien": 1.0,
        "Nilai Exposure": 94706886.812152,
        "Klasifikasi Rentang Exposure": "Rp14.611.983,05 - Rp638.909.581,39",
        "koreksi_koordinat": "TIDAK"
      },
      "geometry": {
        "type": "Point",
        "coordinates": [
          105.240759,
          -5.555002
        ]
      }
    },
    {
      "type": "Feature",
      "properties": {
        "Nomor": 308,
        "NO": 308,
        "ID Bangunan": "Blok D (SDI-D83-083)",
        "Blok": "D",
        "Koordinat Latitude (Y)": -5.555157,
        "Koordinat Longitude (X)": 105.240808,
        "Fungsi Bangunan": "Rumah Tinggal",
        "Klasifikasi": "Hunian",
        "Jumlah Lantai": 1,
        "Material Dominan": "Pasang Bata",
        "Sistem Stuktur Tampak": "Rangka Beton Bertulang",
        "Tipe Atap": "Pelana",
        "Material Penutup Atap": "Genteng",
        "Dinding Luar": "Bata Plaster",
        "Kondisi Visual": "Baik",
        "Kode Material": "MCF (batu bata bertulang)",
        "Kode Sistem Struktur": "LFINF",
        "Tingkat Keyakinan": "Tinggi",
        "Dokumetasi": null,
        "Kode Fungsi": "F01",
        "Klasifikasi Fungsi": "Hunian",
        "KODE MATERIAL": "MCF",
        "KODE SISTEM STRUKTUR": "LFINF",
        "KODE TIPE ATAP": "RSH2",
        "KODE MATERIAL PENUTUP ATAP": "RMT1",
        "KODE DINDING LUAR": "EWMA",
        "KODE KONDISI VISUAL ": "CV1",
        "JUMLAH LANTAI": "HEX:1",
        "TAKSONOMI": "MCF/LFINF/RSH2/RMT1/EWMA/CV1/HEX:1",
        "KODE SIGKAT": "MCF \\LFINF\\HEX:1",
        "LUAS_M2": 18.8659137076,
        "Koefisien": 1.0,
        "Nilai Exposure": 94706886.812152,
        "Klasifikasi Rentang Exposure": "Rp14.611.983,05 - Rp638.909.581,39",
        "koreksi_koordinat": "TIDAK"
      },
      "geometry": {
        "type": "Point",
        "coordinates": [
          105.240808,
          -5.555157
        ]
      }
    },
    {
      "type": "Feature",
      "properties": {
        "Nomor": 309,
        "NO": 309,
        "ID Bangunan": "Blok D (SDI-D84-084)",
        "Blok": "D",
        "Koordinat Latitude (Y)": -5.555124,
        "Koordinat Longitude (X)": 105.240798,
        "Fungsi Bangunan": "Rumah Tinggal",
        "Klasifikasi": "Hunian",
        "Jumlah Lantai": 1,
        "Material Dominan": "Pasang Bata",
        "Sistem Stuktur Tampak": "Rangka Beton Bertulang",
        "Tipe Atap": "Pelana",
        "Material Penutup Atap": "Genteng",
        "Dinding Luar": "Bata Ekspos",
        "Kondisi Visual": "Baik",
        "Kode Material": "MCF (batu bata bertulang)",
        "Kode Sistem Struktur": "LFINF",
        "Tingkat Keyakinan": "Tinggi",
        "Dokumetasi": null,
        "Kode Fungsi": "F01",
        "Klasifikasi Fungsi": "Hunian",
        "KODE MATERIAL": "MCF",
        "KODE SISTEM STRUKTUR": "LFINF",
        "KODE TIPE ATAP": "RSH2",
        "KODE MATERIAL PENUTUP ATAP": "RMT1",
        "KODE DINDING LUAR": "EWMA",
        "KODE KONDISI VISUAL ": "CV1",
        "JUMLAH LANTAI": "HEX:1",
        "TAKSONOMI": "MCF/LFINF/RSH2/RMT1/EWMA/CV1/HEX:1",
        "KODE SIGKAT": "MCF \\LFINF\\HEX:1",
        "LUAS_M2": 111.396225302,
        "Koefisien": 1.0,
        "Nilai Exposure": 559209051.01604,
        "Klasifikasi Rentang Exposure": "Rp14.611.983,05 - Rp638.909.581,39",
        "koreksi_koordinat": "TIDAK"
      },
      "geometry": {
        "type": "Point",
        "coordinates": [
          105.240798,
          -5.555124
        ]
      }
    },
    {
      "type": "Feature",
      "properties": {
        "Nomor": 310,
        "NO": 310,
        "ID Bangunan": "Blok D (SDI-D86-086)",
        "Blok": "D",
        "Koordinat Latitude (Y)": -5.555215,
        "Koordinat Longitude (X)": 105.240861,
        "Fungsi Bangunan": "Rumah Tinggal",
        "Klasifikasi": "Hunian",
        "Jumlah Lantai": 1,
        "Material Dominan": "Pasang Bata",
        "Sistem Stuktur Tampak": "Rangka Beton Bertulang",
        "Tipe Atap": "Pelana",
        "Material Penutup Atap": "Genteng",
        "Dinding Luar": "Bata Plaster",
        "Kondisi Visual": "Baik",
        "Kode Material": "MCF (batu bata bertulang)",
        "Kode Sistem Struktur": "LFINF",
        "Tingkat Keyakinan": "Tinggi",
        "Dokumetasi": null,
        "Kode Fungsi": "F01",
        "Klasifikasi Fungsi": "Hunian",
        "KODE MATERIAL": "MCF",
        "KODE SISTEM STRUKTUR": "LFINF",
        "KODE TIPE ATAP": "RSH2",
        "KODE MATERIAL PENUTUP ATAP": "RMT1",
        "KODE DINDING LUAR": "EWMA",
        "KODE KONDISI VISUAL ": "CV1",
        "JUMLAH LANTAI": "HEX:1",
        "TAKSONOMI": "MCF/LFINF/RSH2/RMT1/EWMA/CV1/HEX:1",
        "KODE SIGKAT": "MCF \\LFINF\\HEX:1",
        "LUAS_M2": 71.7548275486,
        "Koefisien": 1.0,
        "Nilai Exposure": 360209234.293972,
        "Klasifikasi Rentang Exposure": "Rp14.611.983,05 - Rp638.909.581,39",
        "koreksi_koordinat": "TIDAK"
      },
      "geometry": {
        "type": "Point",
        "coordinates": [
          105.240861,
          -5.555215
        ]
      }
    },
    {
      "type": "Feature",
      "properties": {
        "Nomor": 311,
        "NO": 311,
        "ID Bangunan": "Blok D (SDI-D88-088)",
        "Blok": "D",
        "Koordinat Latitude (Y)": -5.555378,
        "Koordinat Longitude (X)": 105.24096,
        "Fungsi Bangunan": "Rumah Tinggal",
        "Klasifikasi": "Hunian",
        "Jumlah Lantai": 1,
        "Material Dominan": "Pasang Bata",
        "Sistem Stuktur Tampak": "Dinding Pemikul",
        "Tipe Atap": "Pelana",
        "Material Penutup Atap": "Genteng",
        "Dinding Luar": "Campuran",
        "Kondisi Visual": "Sedang",
        "Kode Material": "MCF (batu bata bertulang)",
        "Kode Sistem Struktur": "LFINF",
        "Tingkat Keyakinan": "Tinggi",
        "Dokumetasi": null,
        "Kode Fungsi": "F01",
        "Klasifikasi Fungsi": "Hunian",
        "KODE MATERIAL": "MCF",
        "KODE SISTEM STRUKTUR": "LFINF",
        "KODE TIPE ATAP": "RSH2",
        "KODE MATERIAL PENUTUP ATAP": "RMT1",
        "KODE DINDING LUAR": "EWO",
        "KODE KONDISI VISUAL ": "CV2",
        "JUMLAH LANTAI": "HEX:1",
        "TAKSONOMI": "MCF/LFINF/RSH2/RMT1/EWO/CV2/HEX:1",
        "KODE SIGKAT": "MCF \\LFINF\\HEX:1",
        "LUAS_M2": 132.781832344,
        "Koefisien": 1.0,
        "Nilai Exposure": 666564798.36688,
        "Klasifikasi Rentang Exposure": "> Rp638.909.581,39 - Rp1.136.724.268,30",
        "koreksi_koordinat": "TIDAK"
      },
      "geometry": {
        "type": "Point",
        "coordinates": [
          105.24096,
          -5.555378
        ]
      }
    },
    {
      "type": "Feature",
      "properties": {
        "Nomor": 312,
        "NO": 312,
        "ID Bangunan": "Blok D (SDI-D89-089)",
        "Blok": "D",
        "Koordinat Latitude (Y)": -5.555304,
        "Koordinat Longitude (X)": 105.240913,
        "Fungsi Bangunan": "Rumah Tinggal",
        "Klasifikasi": "Hunian",
        "Jumlah Lantai": 1,
        "Material Dominan": "Pasang Bata",
        "Sistem Stuktur Tampak": "Dinding Pemikul",
        "Tipe Atap": "Pelana",
        "Material Penutup Atap": "Genteng",
        "Dinding Luar": "Bata Ekspos",
        "Kondisi Visual": "Sedang",
        "Kode Material": "MUR (batu bata tanpa tulang)",
        "Kode Sistem Struktur": "LWAL",
        "Tingkat Keyakinan": "Tinggi",
        "Dokumetasi": null,
        "Kode Fungsi": "F01",
        "Klasifikasi Fungsi": "Hunian",
        "KODE MATERIAL": "MUR",
        "KODE SISTEM STRUKTUR": "LWAL",
        "KODE TIPE ATAP": "RSH2",
        "KODE MATERIAL PENUTUP ATAP": "RMT1",
        "KODE DINDING LUAR": "EWMA",
        "KODE KONDISI VISUAL ": "CV2",
        "JUMLAH LANTAI": "HEX:1",
        "TAKSONOMI": "MUR/LWAL/RSH2/RMT1/EWMA/CV2/HEX:1",
        "KODE SIGKAT": "MUR \\LWAL\\HEX:1",
        "LUAS_M2": 71.7548275486,
        "Koefisien": 1.0,
        "Nilai Exposure": 360209234.293972,
        "Klasifikasi Rentang Exposure": "Rp14.611.983,05 - Rp638.909.581,39",
        "koreksi_koordinat": "TIDAK"
      },
      "geometry": {
        "type": "Point",
        "coordinates": [
          105.240913,
          -5.555304
        ]
      }
    },
    {
      "type": "Feature",
      "properties": {
        "Nomor": 313,
        "NO": 313,
        "ID Bangunan": "Blok D (SDI-D90-090)",
        "Blok": "D",
        "Koordinat Latitude (Y)": -5.555425,
        "Koordinat Longitude (X)": 105.241005,
        "Fungsi Bangunan": "Rumah Tinggal",
        "Klasifikasi": "Hunian",
        "Jumlah Lantai": 1,
        "Material Dominan": "Pasang Bata",
        "Sistem Stuktur Tampak": "Dinding Pemikul",
        "Tipe Atap": "Pelana",
        "Material Penutup Atap": "Genteng",
        "Dinding Luar": "Bata Plaster",
        "Kondisi Visual": "Baik",
        "Kode Material": "MCF (batu bata bertulang)",
        "Kode Sistem Struktur": "LWAL",
        "Tingkat Keyakinan": "Tinggi",
        "Dokumetasi": null,
        "Kode Fungsi": "F01",
        "Klasifikasi Fungsi": "Hunian",
        "KODE MATERIAL": "MCF",
        "KODE SISTEM STRUKTUR": "LWAL",
        "KODE TIPE ATAP": "RSH2",
        "KODE MATERIAL PENUTUP ATAP": "RMT1",
        "KODE DINDING LUAR": "EWMA",
        "KODE KONDISI VISUAL ": "CV1",
        "JUMLAH LANTAI": "HEX:1",
        "TAKSONOMI": "MCF/LWAL/RSH2/RMT1/EWMA/CV1/HEX:1",
        "KODE SIGKAT": "MCF \\LWAL\\HEX:1",
        "LUAS_M2": 71.7548275486,
        "Koefisien": 1.0,
        "Nilai Exposure": 360209234.293972,
        "Klasifikasi Rentang Exposure": "Rp14.611.983,05 - Rp638.909.581,39",
        "koreksi_koordinat": "TIDAK"
      },
      "geometry": {
        "type": "Point",
        "coordinates": [
          105.241005,
          -5.555425
        ]
      }
    },
    {
      "type": "Feature",
      "properties": {
        "Nomor": 314,
        "NO": 314,
        "ID Bangunan": "Blok D (SDI-D91-091)",
        "Blok": "D",
        "Koordinat Latitude (Y)": -5.555392,
        "Koordinat Longitude (X)": 105.240974,
        "Fungsi Bangunan": "Rumah Tinggal",
        "Klasifikasi": "Hunian",
        "Jumlah Lantai": 1,
        "Material Dominan": "Pasang Bata",
        "Sistem Stuktur Tampak": "Dinding Pemikul",
        "Tipe Atap": "Pelana",
        "Material Penutup Atap": "Asbes",
        "Dinding Luar": "Bata Plaster",
        "Kondisi Visual": "Sedang",
        "Kode Material": "MUR (batu bata tanpa tulang)",
        "Kode Sistem Struktur": "LWAL",
        "Tingkat Keyakinan": "Tinggi",
        "Dokumetasi": null,
        "Kode Fungsi": "F01",
        "Klasifikasi Fungsi": "Hunian",
        "KODE MATERIAL": "MUR",
        "KODE SISTEM STRUKTUR": "LWAL",
        "KODE TIPE ATAP": "RSH2",
        "KODE MATERIAL PENUTUP ATAP": "RMT6",
        "KODE DINDING LUAR": "EWMA",
        "KODE KONDISI VISUAL ": "CV2",
        "JUMLAH LANTAI": "HEX:1",
        "TAKSONOMI": "MUR/LWAL/RSH2/RMT6/EWMA/CV2/HEX:1",
        "KODE SIGKAT": "MUR \\LWAL\\HEX:1",
        "LUAS_M2": 76.0036747988,
        "Koefisien": 1.0,
        "Nilai Exposure": 381538447.48997605,
        "Klasifikasi Rentang Exposure": "Rp14.611.983,05 - Rp638.909.581,39",
        "koreksi_koordinat": "TIDAK"
      },
      "geometry": {
        "type": "Point",
        "coordinates": [
          105.240974,
          -5.555392
        ]
      }
    },
    {
      "type": "Feature",
      "properties": {
        "Nomor": 315,
        "NO": 315,
        "ID Bangunan": "Blok D (SDI-D92-092)",
        "Blok": "D",
        "Koordinat Latitude (Y)": -5.555602,
        "Koordinat Longitude (X)": 105.241085,
        "Fungsi Bangunan": "Rumah Tinggal",
        "Klasifikasi": "Hunian",
        "Jumlah Lantai": 1,
        "Material Dominan": "Pasang Bata",
        "Sistem Stuktur Tampak": "Dinding Pemikul",
        "Tipe Atap": "Pelana",
        "Material Penutup Atap": "Asbes",
        "Dinding Luar": "Campuran",
        "Kondisi Visual": "Sedang",
        "Kode Material": "MUR (batu bata tanpa tulang)",
        "Kode Sistem Struktur": "LWAL",
        "Tingkat Keyakinan": "Tinggi",
        "Dokumetasi": null,
        "Kode Fungsi": "F01",
        "Klasifikasi Fungsi": "Hunian",
        "KODE MATERIAL": "MUR",
        "KODE SISTEM STRUKTUR": "LWAL",
        "KODE TIPE ATAP": "RSH2",
        "KODE MATERIAL PENUTUP ATAP": "RMT6",
        "KODE DINDING LUAR": "EWO",
        "KODE KONDISI VISUAL ": "CV2",
        "JUMLAH LANTAI": "HEX:1",
        "TAKSONOMI": "MUR/LWAL/RSH2/RMT6/EWO/CV2/HEX:1",
        "KODE SIGKAT": "MUR \\LWAL\\HEX:1",
        "LUAS_M2": 76.0036747988,
        "Koefisien": 1.0,
        "Nilai Exposure": 381538447.48997605,
        "Klasifikasi Rentang Exposure": "Rp14.611.983,05 - Rp638.909.581,39",
        "koreksi_koordinat": "TIDAK"
      },
      "geometry": {
        "type": "Point",
        "coordinates": [
          105.241085,
          -5.555602
        ]
      }
    },
    {
      "type": "Feature",
      "properties": {
        "Nomor": 316,
        "NO": 316,
        "ID Bangunan": "Blok D (SDI-D93-093)",
        "Blok": "D",
        "Koordinat Latitude (Y)": -5.555493,
        "Koordinat Longitude (X)": 105.241021,
        "Fungsi Bangunan": "Rumah Tinggal",
        "Klasifikasi": "Hunian",
        "Jumlah Lantai": 1,
        "Material Dominan": "Pasang Bata",
        "Sistem Stuktur Tampak": "Dinding Pemikul",
        "Tipe Atap": "Pelana",
        "Material Penutup Atap": "Genteng",
        "Dinding Luar": "Campuran",
        "Kondisi Visual": "Sedang Dibangun",
        "Kode Material": "MUR (batu bata tanpa tulang)",
        "Kode Sistem Struktur": "LWAL",
        "Tingkat Keyakinan": "Tinggi",
        "Dokumetasi": null,
        "Kode Fungsi": "F01",
        "Klasifikasi Fungsi": "Hunian",
        "KODE MATERIAL": "MUR",
        "KODE SISTEM STRUKTUR": "LWAL",
        "KODE TIPE ATAP": "RSH2",
        "KODE MATERIAL PENUTUP ATAP": "RMT1",
        "KODE DINDING LUAR": "EWO",
        "KODE KONDISI VISUAL ": "CV5",
        "JUMLAH LANTAI": "HEX:1",
        "TAKSONOMI": "MUR/LWAL/RSH2/RMT1/EWO/CV5/HEX:1",
        "KODE SIGKAT": "MUR \\LWAL\\HEX:1",
        "LUAS_M2": 304.473447694,
        "Koefisien": 1.0,
        "Nilai Exposure": 1528456707.42388,
        "Klasifikasi Rentang Exposure": "> Rp1.136.724.268,30 - Rp1.856.590.180,23",
        "koreksi_koordinat": "TIDAK"
      },
      "geometry": {
        "type": "Point",
        "coordinates": [
          105.241021,
          -5.555493
        ]
      }
    },
    {
      "type": "Feature",
      "properties": {
        "Nomor": 317,
        "NO": 317,
        "ID Bangunan": "Blok D (SDI-D94-094)",
        "Blok": "D",
        "Koordinat Latitude (Y)": -5.555734,
        "Koordinat Longitude (X)": 105.241156,
        "Fungsi Bangunan": "Rumah Tinggal",
        "Klasifikasi": "Hunian",
        "Jumlah Lantai": 1,
        "Material Dominan": "Pasang Bata",
        "Sistem Stuktur Tampak": "Rangka Beton Bertulang",
        "Tipe Atap": "Pelana",
        "Material Penutup Atap": "Genteng",
        "Dinding Luar": "Bata Plaster",
        "Kondisi Visual": "Baik",
        "Kode Material": "MCF (batu bata bertulang)",
        "Kode Sistem Struktur": "LFINF",
        "Tingkat Keyakinan": "Tinggi",
        "Dokumetasi": null,
        "Kode Fungsi": "F01",
        "Klasifikasi Fungsi": "Hunian",
        "KODE MATERIAL": "MCF",
        "KODE SISTEM STRUKTUR": "LFINF",
        "KODE TIPE ATAP": "RSH2",
        "KODE MATERIAL PENUTUP ATAP": "RMT1",
        "KODE DINDING LUAR": "EWMA",
        "KODE KONDISI VISUAL ": "CV1",
        "JUMLAH LANTAI": "HEX:1",
        "TAKSONOMI": "MCF/LFINF/RSH2/RMT1/EWMA/CV1/HEX:1",
        "KODE SIGKAT": "MCF \\LFINF\\HEX:1",
        "LUAS_M2": 162.660495348,
        "Koefisien": 1.0,
        "Nilai Exposure": 816555686.64696,
        "Klasifikasi Rentang Exposure": "> Rp638.909.581,39 - Rp1.136.724.268,30",
        "koreksi_koordinat": "TIDAK"
      },
      "geometry": {
        "type": "Point",
        "coordinates": [
          105.241156,
          -5.555734
        ]
      }
    },
    {
      "type": "Feature",
      "properties": {
        "Nomor": 318,
        "NO": 318,
        "ID Bangunan": "Blok D (SDI-D95-095)",
        "Blok": "D",
        "Koordinat Latitude (Y)": -5.555688,
        "Koordinat Longitude (X)": 105.241129,
        "Fungsi Bangunan": "Rumah Tinggal",
        "Klasifikasi": "Hunian",
        "Jumlah Lantai": 1,
        "Material Dominan": "Pasang Bata",
        "Sistem Stuktur Tampak": "Rangka Beton Bertulang",
        "Tipe Atap": "Pelana",
        "Material Penutup Atap": "Genteng",
        "Dinding Luar": "Bata Plaster",
        "Kondisi Visual": "Baik",
        "Kode Material": "MCF (batu bata bertulang)",
        "Kode Sistem Struktur": "LFINF",
        "Tingkat Keyakinan": "Tinggi",
        "Dokumetasi": null,
        "Kode Fungsi": "F01",
        "Klasifikasi Fungsi": "Hunian",
        "KODE MATERIAL": "MCF",
        "KODE SISTEM STRUKTUR": "LFINF",
        "KODE TIPE ATAP": "RSH2",
        "KODE MATERIAL PENUTUP ATAP": "RMT1",
        "KODE DINDING LUAR": "EWMA",
        "KODE KONDISI VISUAL ": "CV1",
        "JUMLAH LANTAI": "HEX:1",
        "TAKSONOMI": "MCF/LFINF/RSH2/RMT1/EWMA/CV1/HEX:1",
        "KODE SIGKAT": "MCF \\LFINF\\HEX:1",
        "LUAS_M2": 76.0036747988,
        "Koefisien": 1.0,
        "Nilai Exposure": 381538447.48997605,
        "Klasifikasi Rentang Exposure": "Rp14.611.983,05 - Rp638.909.581,39",
        "koreksi_koordinat": "TIDAK"
      },
      "geometry": {
        "type": "Point",
        "coordinates": [
          105.241129,
          -5.555688
        ]
      }
    },
    {
      "type": "Feature",
      "properties": {
        "Nomor": 319,
        "NO": 319,
        "ID Bangunan": "Blok D (SDI-D96-096)",
        "Blok": "D",
        "Koordinat Latitude (Y)": -5.555564,
        "Koordinat Longitude (X)": 105.241112,
        "Fungsi Bangunan": "Rumah Tinggal",
        "Klasifikasi": "Hunian",
        "Jumlah Lantai": 1,
        "Material Dominan": "Pasang Bata",
        "Sistem Stuktur Tampak": "Rangka Beton Bertulang",
        "Tipe Atap": "Pelana",
        "Material Penutup Atap": "Genteng",
        "Dinding Luar": "Bata Plaster",
        "Kondisi Visual": "Sedang",
        "Kode Material": "MCF (batu bata bertulang)",
        "Kode Sistem Struktur": "LFINF",
        "Tingkat Keyakinan": "Tinggi",
        "Dokumetasi": null,
        "Kode Fungsi": "F01",
        "Klasifikasi Fungsi": "Hunian",
        "KODE MATERIAL": "MCF",
        "KODE SISTEM STRUKTUR": "LFINF",
        "KODE TIPE ATAP": "RSH2",
        "KODE MATERIAL PENUTUP ATAP": "RMT1",
        "KODE DINDING LUAR": "EWMA",
        "KODE KONDISI VISUAL ": "CV2",
        "JUMLAH LANTAI": "HEX:1",
        "TAKSONOMI": "MCF/LFINF/RSH2/RMT1/EWMA/CV2/HEX:1",
        "KODE SIGKAT": "MCF \\LFINF\\HEX:1",
        "LUAS_M2": 304.473447694,
        "Koefisien": 1.0,
        "Nilai Exposure": 1528456707.42388,
        "Klasifikasi Rentang Exposure": "> Rp1.136.724.268,30 - Rp1.856.590.180,23",
        "koreksi_koordinat": "TIDAK"
      },
      "geometry": {
        "type": "Point",
        "coordinates": [
          105.241112,
          -5.555564
        ]
      }
    },
    {
      "type": "Feature",
      "properties": {
        "Nomor": 320,
        "NO": 320,
        "ID Bangunan": "Blok D (SDI-D97-097)",
        "Blok": "D",
        "Koordinat Latitude (Y)": -5.555777,
        "Koordinat Longitude (X)": 105.241179,
        "Fungsi Bangunan": "Rumah Tinggal",
        "Klasifikasi": "Hunian",
        "Jumlah Lantai": 1,
        "Material Dominan": "Pasang Bata",
        "Sistem Stuktur Tampak": "Rangka Beton Bertulang",
        "Tipe Atap": "Pelana",
        "Material Penutup Atap": "Genteng",
        "Dinding Luar": "Bata Plaster",
        "Kondisi Visual": "Baik",
        "Kode Material": "MCF (batu bata bertulang)",
        "Kode Sistem Struktur": "LFINF",
        "Tingkat Keyakinan": "Tinggi",
        "Dokumetasi": null,
        "Kode Fungsi": "F01",
        "Klasifikasi Fungsi": "Hunian",
        "KODE MATERIAL": "MCF",
        "KODE SISTEM STRUKTUR": "LFINF",
        "KODE TIPE ATAP": "RSH2",
        "KODE MATERIAL PENUTUP ATAP": "RMT1",
        "KODE DINDING LUAR": "EWMA",
        "KODE KONDISI VISUAL ": "CV1",
        "JUMLAH LANTAI": "HEX:1",
        "TAKSONOMI": "MCF/LFINF/RSH2/RMT1/EWMA/CV1/HEX:1",
        "KODE SIGKAT": "MCF \\LFINF\\HEX:1",
        "LUAS_M2": 304.473447694,
        "Koefisien": 1.0,
        "Nilai Exposure": 1528456707.42388,
        "Klasifikasi Rentang Exposure": "> Rp1.136.724.268,30 - Rp1.856.590.180,23",
        "koreksi_koordinat": "TIDAK"
      },
      "geometry": {
        "type": "Point",
        "coordinates": [
          105.241179,
          -5.555777
        ]
      }
    },
    {
      "type": "Feature",
      "properties": {
        "Nomor": 321,
        "NO": 321,
        "ID Bangunan": "Blok D (SDI-D98-098)",
        "Blok": "D",
        "Koordinat Latitude (Y)": -5.555777,
        "Koordinat Longitude (X)": 105.241178,
        "Fungsi Bangunan": "Rumah Tinggal",
        "Klasifikasi": "Hunian",
        "Jumlah Lantai": 1,
        "Material Dominan": "Pasang Bata",
        "Sistem Stuktur Tampak": "Rangka Beton Bertulang",
        "Tipe Atap": "Pelana",
        "Material Penutup Atap": "Genteng",
        "Dinding Luar": "Bata Plaster",
        "Kondisi Visual": "Baik",
        "Kode Material": "MCF (batu bata bertulang)",
        "Kode Sistem Struktur": "LFINF",
        "Tingkat Keyakinan": "Tinggi",
        "Dokumetasi": null,
        "Kode Fungsi": "F01",
        "Klasifikasi Fungsi": "Hunian",
        "KODE MATERIAL": "MCF",
        "KODE SISTEM STRUKTUR": "LFINF",
        "KODE TIPE ATAP": "RSH2",
        "KODE MATERIAL PENUTUP ATAP": "RMT1",
        "KODE DINDING LUAR": "EWMA",
        "KODE KONDISI VISUAL ": "CV1",
        "JUMLAH LANTAI": "HEX:1",
        "TAKSONOMI": "MCF/LFINF/RSH2/RMT1/EWMA/CV1/HEX:1",
        "KODE SIGKAT": "MCF \\LFINF\\HEX:1",
        "LUAS_M2": 304.473447694,
        "Koefisien": 1.0,
        "Nilai Exposure": 1528456707.42388,
        "Klasifikasi Rentang Exposure": "> Rp1.136.724.268,30 - Rp1.856.590.180,23",
        "koreksi_koordinat": "TIDAK"
      },
      "geometry": {
        "type": "Point",
        "coordinates": [
          105.241178,
          -5.555777
        ]
      }
    },
    {
      "type": "Feature",
      "properties": {
        "Nomor": 322,
        "NO": 322,
        "ID Bangunan": "Blok D (SDI-D99-099)",
        "Blok": "D",
        "Koordinat Latitude (Y)": -5.555738,
        "Koordinat Longitude (X)": 105.241161,
        "Fungsi Bangunan": "Rumah Tinggal",
        "Klasifikasi": "Hunian",
        "Jumlah Lantai": 1,
        "Material Dominan": "Pasang Bata",
        "Sistem Stuktur Tampak": "Dinding Pemikul",
        "Tipe Atap": "Pelana",
        "Material Penutup Atap": "Genteng",
        "Dinding Luar": "Bata Plaster",
        "Kondisi Visual": "Baik",
        "Kode Material": "MUR (batu bata tanpa tulang)",
        "Kode Sistem Struktur": "LWAL",
        "Tingkat Keyakinan": "Tinggi",
        "Dokumetasi": null,
        "Kode Fungsi": "F01",
        "Klasifikasi Fungsi": "Hunian",
        "KODE MATERIAL": "MUR",
        "KODE SISTEM STRUKTUR": "LWAL",
        "KODE TIPE ATAP": "RSH2",
        "KODE MATERIAL PENUTUP ATAP": "RMT1",
        "KODE DINDING LUAR": "EWMA",
        "KODE KONDISI VISUAL ": "CV1",
        "JUMLAH LANTAI": "HEX:1",
        "TAKSONOMI": "MUR/LWAL/RSH2/RMT1/EWMA/CV1/HEX:1",
        "KODE SIGKAT": "MUR \\LWAL\\HEX:1",
        "LUAS_M2": 36.7952428579,
        "Koefisien": 1.09,
        "Nilai Exposure": 201336209.86985725,
        "Klasifikasi Rentang Exposure": "Rp14.611.983,05 - Rp638.909.581,39",
        "koreksi_koordinat": "TIDAK"
      },
      "geometry": {
        "type": "Point",
        "coordinates": [
          105.241161,
          -5.555738
        ]
      }
    },
    {
      "type": "Feature",
      "properties": {
        "Nomor": 323,
        "NO": 323,
        "ID Bangunan": "Blok D (SDI-D100-100)",
        "Blok": "D",
        "Koordinat Latitude (Y)": -5.556175,
        "Koordinat Longitude (X)": 105.241449,
        "Fungsi Bangunan": "Rumah Tinggal",
        "Klasifikasi": "Hunian",
        "Jumlah Lantai": 2,
        "Material Dominan": "Pasang Bata",
        "Sistem Stuktur Tampak": "Rangka Beton Bertulang",
        "Tipe Atap": "Pelana",
        "Material Penutup Atap": "Genteng",
        "Dinding Luar": "Bata Plaster",
        "Kondisi Visual": "Sedang",
        "Kode Material": "MCF (batu bata bertulang)",
        "Kode Sistem Struktur": "LFINF",
        "Tingkat Keyakinan": "Tinggi",
        "Dokumetasi": null,
        "Kode Fungsi": "F01",
        "Klasifikasi Fungsi": "Hunian",
        "KODE MATERIAL": "MCF",
        "KODE SISTEM STRUKTUR": "LFINF",
        "KODE TIPE ATAP": "RSH2",
        "KODE MATERIAL PENUTUP ATAP": "RMT1",
        "KODE DINDING LUAR": "EWMA",
        "KODE KONDISI VISUAL ": "CV2",
        "JUMLAH LANTAI": "HEX:2",
        "TAKSONOMI": "MCF/LFINF/RSH2/RMT1/EWMA/CV2/HEX:2",
        "KODE SIGKAT": "MCF \\LFINF\\HEX:2",
        "LUAS_M2": 36.7952428579,
        "Koefisien": 1.0,
        "Nilai Exposure": 184712119.146658,
        "Klasifikasi Rentang Exposure": "Rp14.611.983,05 - Rp638.909.581,39",
        "koreksi_koordinat": "TIDAK"
      },
      "geometry": {
        "type": "Point",
        "coordinates": [
          105.241449,
          -5.556175
        ]
      }
    },
    {
      "type": "Feature",
      "properties": {
        "Nomor": 324,
        "NO": 324,
        "ID Bangunan": "Blok D (SDI-D102-102)",
        "Blok": "D",
        "Koordinat Latitude (Y)": -5.555945,
        "Koordinat Longitude (X)": 105.241348,
        "Fungsi Bangunan": "Rumah Tinggal",
        "Klasifikasi": "Hunian",
        "Jumlah Lantai": 1,
        "Material Dominan": "Pasang Bata",
        "Sistem Stuktur Tampak": "Dinding Pemikul",
        "Tipe Atap": "Limasan",
        "Material Penutup Atap": "Genteng",
        "Dinding Luar": "Bata Plaster",
        "Kondisi Visual": "Sedang",
        "Kode Material": "MUR (batu bata tanpa tulang)",
        "Kode Sistem Struktur": "LWAL",
        "Tingkat Keyakinan": "Tinggi",
        "Dokumetasi": null,
        "Kode Fungsi": "F01",
        "Klasifikasi Fungsi": "Hunian",
        "KODE MATERIAL": "MUR",
        "KODE SISTEM STRUKTUR": "LWAL",
        "KODE TIPE ATAP": "RSH3",
        "KODE MATERIAL PENUTUP ATAP": "RMT1",
        "KODE DINDING LUAR": "EWMA",
        "KODE KONDISI VISUAL ": "CV2",
        "JUMLAH LANTAI": "HEX:1",
        "TAKSONOMI": "MUR/LWAL/RSH3/RMT1/EWMA/CV2/HEX:1",
        "KODE SIGKAT": "MUR \\LWAL\\HEX:1",
        "LUAS_M2": 128.447660427,
        "Koefisien": 1.0,
        "Nilai Exposure": 644807255.34354,
        "Klasifikasi Rentang Exposure": "> Rp638.909.581,39 - Rp1.136.724.268,30",
        "koreksi_koordinat": "TIDAK"
      },
      "geometry": {
        "type": "Point",
        "coordinates": [
          105.241348,
          -5.555945
        ]
      }
    },
    {
      "type": "Feature",
      "properties": {
        "Nomor": 325,
        "NO": 325,
        "ID Bangunan": "Blok D (SDI-D103-103)",
        "Blok": "D",
        "Koordinat Latitude (Y)": -5.556578,
        "Koordinat Longitude (X)": 105.241755,
        "Fungsi Bangunan": "Rumah Tinggal",
        "Klasifikasi": "Hunian",
        "Jumlah Lantai": 1,
        "Material Dominan": "Pasang Bata",
        "Sistem Stuktur Tampak": "Rangka Beton Bertulang",
        "Tipe Atap": "Pelana",
        "Material Penutup Atap": "Genteng",
        "Dinding Luar": "Bata Plaster",
        "Kondisi Visual": "Baik",
        "Kode Material": "MCF (batu bata bertulang)",
        "Kode Sistem Struktur": "LWAL",
        "Tingkat Keyakinan": "Tinggi",
        "Dokumetasi": null,
        "Kode Fungsi": "F01",
        "Klasifikasi Fungsi": "Hunian",
        "KODE MATERIAL": "MCF",
        "KODE SISTEM STRUKTUR": "LWAL",
        "KODE TIPE ATAP": "RSH2",
        "KODE MATERIAL PENUTUP ATAP": "RMT1",
        "KODE DINDING LUAR": "EWMA",
        "KODE KONDISI VISUAL ": "CV1",
        "JUMLAH LANTAI": "HEX:1",
        "TAKSONOMI": "MCF/LWAL/RSH2/RMT1/EWMA/CV1/HEX:1",
        "KODE SIGKAT": "MCF \\LWAL\\HEX:1",
        "LUAS_M2": 411.963575497,
        "Koefisien": 1.0,
        "Nilai Exposure": 2068057148.99494,
        "Klasifikasi Rentang Exposure": "> Rp1.856.590.180,23 - < Rp11.941.713.042,64",
        "koreksi_koordinat": "TIDAK"
      },
      "geometry": {
        "type": "Point",
        "coordinates": [
          105.241755,
          -5.556578
        ]
      }
    },
    {
      "type": "Feature",
      "properties": {
        "Nomor": 326,
        "NO": 326,
        "ID Bangunan": "Blok D (SDI-D105-105)",
        "Blok": "D",
        "Koordinat Latitude (Y)": -5.55629,
        "Koordinat Longitude (X)": 105.241535,
        "Fungsi Bangunan": "Rumah Tinggal",
        "Klasifikasi": "Hunian",
        "Jumlah Lantai": 1,
        "Material Dominan": "Pasang Bata",
        "Sistem Stuktur Tampak": "Dinding Pemikul",
        "Tipe Atap": "Pelana",
        "Material Penutup Atap": "Genteng",
        "Dinding Luar": "Bata Plaster",
        "Kondisi Visual": "Rusak Ringan",
        "Kode Material": "MUR (batu bata tanpa tulang)",
        "Kode Sistem Struktur": "LWAL",
        "Tingkat Keyakinan": "Tinggi",
        "Dokumetasi": null,
        "Kode Fungsi": "F01",
        "Klasifikasi Fungsi": "Hunian",
        "KODE MATERIAL": "MUR",
        "KODE SISTEM STRUKTUR": "LWAL",
        "KODE TIPE ATAP": "RSH2",
        "KODE MATERIAL PENUTUP ATAP": "RMT1",
        "KODE DINDING LUAR": "EWMA",
        "KODE KONDISI VISUAL ": "CV2",
        "JUMLAH LANTAI": "HEX:1",
        "TAKSONOMI": "MUR/LWAL/RSH2/RMT1/EWMA/CV2/HEX:1",
        "KODE SIGKAT": "MUR \\LWAL\\HEX:1",
        "LUAS_M2": 146.448671138,
        "Koefisien": 1.0,
        "Nilai Exposure": 735172329.1127601,
        "Klasifikasi Rentang Exposure": "> Rp638.909.581,39 - Rp1.136.724.268,30",
        "koreksi_koordinat": "TIDAK"
      },
      "geometry": {
        "type": "Point",
        "coordinates": [
          105.241535,
          -5.55629
        ]
      }
    },
    {
      "type": "Feature",
      "properties": {
        "Nomor": 327,
        "NO": 327,
        "ID Bangunan": "SDI-A68-068",
        "Blok": "A",
        "Koordinat Latitude (Y)": -5.545808,
        "Koordinat Longitude (X)": 105.227883,
        "Fungsi Bangunan": "Rumah Tinggal",
        "Klasifikasi": "Hunian",
        "Jumlah Lantai": 1,
        "Material Dominan": "Pasang Bata",
        "Sistem Stuktur Tampak": "Rangka Beton Bertulang",
        "Tipe Atap": "Pelana",
        "Material Penutup Atap": "Genteng",
        "Dinding Luar": "Bata Plaster",
        "Kondisi Visual": "Sedang",
        "Kode Material": "MCF (batu bata bertulang)",
        "Kode Sistem Struktur": "LFINF",
        "Tingkat Keyakinan": "Tinggi",
        "Dokumetasi": null,
        "Kode Fungsi": "F01",
        "Klasifikasi Fungsi": "Hunian",
        "KODE MATERIAL": "MCF",
        "KODE SISTEM STRUKTUR": "LFINF",
        "KODE TIPE ATAP": "RSH2",
        "KODE MATERIAL PENUTUP ATAP": "RMT1",
        "KODE DINDING LUAR": "EWMA",
        "KODE KONDISI VISUAL ": "CV2",
        "JUMLAH LANTAI": "HEX:1",
        "TAKSONOMI": "MCF/LFINF/RSH2/RMT1/EWMA/CV2/HEX:1",
        "KODE SIGKAT": "MCF \\LFINF\\HEX:1",
        "LUAS_M2": 189.271791594,
        "Koefisien": 1.0,
        "Nilai Exposure": 950144393.80188,
        "Klasifikasi Rentang Exposure": "> Rp638.909.581,39 - Rp1.136.724.268,30",
        "koreksi_koordinat": "TIDAK"
      },
      "geometry": {
        "type": "Point",
        "coordinates": [
          105.227883,
          -5.545808
        ]
      }
    },
    {
      "type": "Feature",
      "properties": {
        "Nomor": 328,
        "NO": 328,
        "ID Bangunan": "SDI-A69-069",
        "Blok": "A",
        "Koordinat Latitude (Y)": -5.545427,
        "Koordinat Longitude (X)": 105.228113,
        "Fungsi Bangunan": "Rumah Tinggal",
        "Klasifikasi": "Hunian",
        "Jumlah Lantai": 1,
        "Material Dominan": "Pasang Bata",
        "Sistem Stuktur Tampak": "Rangka Beton Bertulang",
        "Tipe Atap": "Pelana",
        "Material Penutup Atap": "Genteng",
        "Dinding Luar": "Bata Plaster",
        "Kondisi Visual": "Baik",
        "Kode Material": "MCF (batu bata bertulang)",
        "Kode Sistem Struktur": "LFINF",
        "Tingkat Keyakinan": "Tinggi",
        "Dokumetasi": null,
        "Kode Fungsi": "F01",
        "Klasifikasi Fungsi": "Hunian",
        "KODE MATERIAL": "MCF",
        "KODE SISTEM STRUKTUR": "LFINF",
        "KODE TIPE ATAP": "RSH2",
        "KODE MATERIAL PENUTUP ATAP": "RMT1",
        "KODE DINDING LUAR": "EWMA",
        "KODE KONDISI VISUAL ": "CV1",
        "JUMLAH LANTAI": "HEX:1",
        "TAKSONOMI": "MCF/LFINF/RSH2/RMT1/EWMA/CV1/HEX:1",
        "KODE SIGKAT": "MCF \\LFINF\\HEX:1",
        "LUAS_M2": 90.258731437,
        "Koefisien": 1.0,
        "Nilai Exposure": 453098831.81373996,
        "Klasifikasi Rentang Exposure": "Rp14.611.983,05 - Rp638.909.581,39",
        "koreksi_koordinat": "TIDAK"
      },
      "geometry": {
        "type": "Point",
        "coordinates": [
          105.228113,
          -5.545427
        ]
      }
    },
    {
      "type": "Feature",
      "properties": {
        "Nomor": 329,
        "NO": 329,
        "ID Bangunan": "SDI-A70-070",
        "Blok": "A",
        "Koordinat Latitude (Y)": -5.54566,
        "Koordinat Longitude (X)": 105.227796,
        "Fungsi Bangunan": "Rumah Tinggal",
        "Klasifikasi": "Hunian",
        "Jumlah Lantai": 1,
        "Material Dominan": "Pasang Bata",
        "Sistem Stuktur Tampak": "Dinding Pemikul",
        "Tipe Atap": "Pelana",
        "Material Penutup Atap": "Genteng",
        "Dinding Luar": "Bata Plaster",
        "Kondisi Visual": "Sedang",
        "Kode Material": "MCF (batu bata bertulang)",
        "Kode Sistem Struktur": "LFINF",
        "Tingkat Keyakinan": "Tinggi",
        "Dokumetasi": null,
        "Kode Fungsi": "F01",
        "Klasifikasi Fungsi": "Hunian",
        "KODE MATERIAL": "MCF",
        "KODE SISTEM STRUKTUR": "LFINF",
        "KODE TIPE ATAP": "RSH2",
        "KODE MATERIAL PENUTUP ATAP": "RMT1",
        "KODE DINDING LUAR": "EWMA",
        "KODE KONDISI VISUAL ": "CV2",
        "JUMLAH LANTAI": "HEX:1",
        "TAKSONOMI": "MCF/LFINF/RSH2/RMT1/EWMA/CV2/HEX:1",
        "KODE SIGKAT": "MCF \\LFINF\\HEX:1",
        "LUAS_M2": 77.0121954698,
        "Koefisien": 1.0,
        "Nilai Exposure": 386601221.258396,
        "Klasifikasi Rentang Exposure": "Rp14.611.983,05 - Rp638.909.581,39",
        "koreksi_koordinat": "TIDAK"
      },
      "geometry": {
        "type": "Point",
        "coordinates": [
          105.227796,
          -5.54566
        ]
      }
    },
    {
      "type": "Feature",
      "properties": {
        "Nomor": 330,
        "NO": 330,
        "ID Bangunan": "SDI-A71-071",
        "Blok": "A",
        "Koordinat Latitude (Y)": -5.546319,
        "Koordinat Longitude (X)": 105.227058,
        "Fungsi Bangunan": "Rumah Tinggal",
        "Klasifikasi": "Hunian",
        "Jumlah Lantai": 1,
        "Material Dominan": "Kayu",
        "Sistem Stuktur Tampak": "Rangka Kayu",
        "Tipe Atap": "Pelana",
        "Material Penutup Atap": "Asbes",
        "Dinding Luar": "Campuran",
        "Kondisi Visual": "Sedang",
        "Kode Material": "W (kayu)",
        "Kode Sistem Struktur": "LPB",
        "Tingkat Keyakinan": "Tinggi",
        "Dokumetasi": null,
        "Kode Fungsi": "F01",
        "Klasifikasi Fungsi": "Hunian",
        "KODE MATERIAL": "W",
        "KODE SISTEM STRUKTUR": "LPB",
        "KODE TIPE ATAP": "RSH2",
        "KODE MATERIAL PENUTUP ATAP": "RMT6",
        "KODE DINDING LUAR": "EWO",
        "KODE KONDISI VISUAL ": "CV2",
        "JUMLAH LANTAI": "HEX:1",
        "TAKSONOMI": "W/LPB/RSH2/RMT6/EWO/CV2/HEX:1",
        "KODE SIGKAT": "W \\LPB\\HEX:1",
        "LUAS_M2": 136.145479065,
        "Koefisien": 1.0,
        "Nilai Exposure": 683450304.9063,
        "Klasifikasi Rentang Exposure": "> Rp638.909.581,39 - Rp1.136.724.268,30",
        "koreksi_koordinat": "TIDAK"
      },
      "geometry": {
        "type": "Point",
        "coordinates": [
          105.227058,
          -5.546319
        ]
      }
    },
    {
      "type": "Feature",
      "properties": {
        "Nomor": 331,
        "NO": 331,
        "ID Bangunan": "SDI-A72-072",
        "Blok": "A",
        "Koordinat Latitude (Y)": -5.546466,
        "Koordinat Longitude (X)": 105.22709,
        "Fungsi Bangunan": "Rumah Tinggal",
        "Klasifikasi": "Hunian",
        "Jumlah Lantai": 1,
        "Material Dominan": "Pasang Bata",
        "Sistem Stuktur Tampak": "Rangka Beton Bertulang",
        "Tipe Atap": "Pelana",
        "Material Penutup Atap": "Genteng",
        "Dinding Luar": "Bata Plaster",
        "Kondisi Visual": "Sedang",
        "Kode Material": "MCF (batu bata bertulang)",
        "Kode Sistem Struktur": "LFINF",
        "Tingkat Keyakinan": "Tinggi",
        "Dokumetasi": null,
        "Kode Fungsi": "F01",
        "Klasifikasi Fungsi": "Hunian",
        "KODE MATERIAL": "MCF",
        "KODE SISTEM STRUKTUR": "LFINF",
        "KODE TIPE ATAP": "RSH2",
        "KODE MATERIAL PENUTUP ATAP": "RMT1",
        "KODE DINDING LUAR": "EWMA",
        "KODE KONDISI VISUAL ": "CV2",
        "JUMLAH LANTAI": "HEX:1",
        "TAKSONOMI": "MCF/LFINF/RSH2/RMT1/EWMA/CV2/HEX:1",
        "KODE SIGKAT": "MCF \\LFINF\\HEX:1",
        "LUAS_M2": 159.817874094,
        "Koefisien": 1.0,
        "Nilai Exposure": 802285727.95188,
        "Klasifikasi Rentang Exposure": "> Rp638.909.581,39 - Rp1.136.724.268,30",
        "koreksi_koordinat": "TIDAK"
      },
      "geometry": {
        "type": "Point",
        "coordinates": [
          105.22709,
          -5.546466
        ]
      }
    },
    {
      "type": "Feature",
      "properties": {
        "Nomor": 332,
        "NO": 332,
        "ID Bangunan": "SDI-A75-075",
        "Blok": "A",
        "Koordinat Latitude (Y)": -5.546788,
        "Koordinat Longitude (X)": 105.226934,
        "Fungsi Bangunan": "Rumah Tinggal",
        "Klasifikasi": "Hunian",
        "Jumlah Lantai": 1,
        "Material Dominan": "Pasang Bata",
        "Sistem Stuktur Tampak": "Rangka Beton Bertulang",
        "Tipe Atap": "Pelana",
        "Material Penutup Atap": "Genteng",
        "Dinding Luar": "Bata Ekspos",
        "Kondisi Visual": "Baik",
        "Kode Material": "MCF (batu bata bertulang)",
        "Kode Sistem Struktur": "LFINF",
        "Tingkat Keyakinan": "Tinggi",
        "Dokumetasi": null,
        "Kode Fungsi": "F01",
        "Klasifikasi Fungsi": "Hunian",
        "KODE MATERIAL": "MCF",
        "KODE SISTEM STRUKTUR": "LFINF",
        "KODE TIPE ATAP": "RSH2",
        "KODE MATERIAL PENUTUP ATAP": "RMT1",
        "KODE DINDING LUAR": "EWMA",
        "KODE KONDISI VISUAL ": "CV1",
        "JUMLAH LANTAI": "HEX:1",
        "TAKSONOMI": "MCF/LFINF/RSH2/RMT1/EWMA/CV1/HEX:1",
        "KODE SIGKAT": "MCF \\LFINF\\HEX:1",
        "LUAS_M2": 185.224962981,
        "Koefisien": 1.0,
        "Nilai Exposure": 929829314.16462,
        "Klasifikasi Rentang Exposure": "> Rp638.909.581,39 - Rp1.136.724.268,30",
        "koreksi_koordinat": "TIDAK"
      },
      "geometry": {
        "type": "Point",
        "coordinates": [
          105.226934,
          -5.546788
        ]
      }
    },
    {
      "type": "Feature",
      "properties": {
        "Nomor": 333,
        "NO": 333,
        "ID Bangunan": "SDI-A76-076",
        "Blok": "A",
        "Koordinat Latitude (Y)": -5.546636,
        "Koordinat Longitude (X)": 105.227384,
        "Fungsi Bangunan": "Rumah Tinggal",
        "Klasifikasi": "Hunian",
        "Jumlah Lantai": 1,
        "Material Dominan": "Pasang Bata",
        "Sistem Stuktur Tampak": "Rangka Beton Bertulang",
        "Tipe Atap": "Pelana",
        "Material Penutup Atap": "Asbes",
        "Dinding Luar": "Bata Plaster",
        "Kondisi Visual": "Baik",
        "Kode Material": "MCF (batu bata bertulang)",
        "Kode Sistem Struktur": "LFINF",
        "Tingkat Keyakinan": "Tinggi",
        "Dokumetasi": null,
        "Kode Fungsi": "F01",
        "Klasifikasi Fungsi": "Hunian",
        "KODE MATERIAL": "MCF",
        "KODE SISTEM STRUKTUR": "LFINF",
        "KODE TIPE ATAP": "RSH2",
        "KODE MATERIAL PENUTUP ATAP": "RMT6",
        "KODE DINDING LUAR": "EWMA",
        "KODE KONDISI VISUAL ": "CV1",
        "JUMLAH LANTAI": "HEX:1",
        "TAKSONOMI": "MCF/LFINF/RSH2/RMT6/EWMA/CV1/HEX:1",
        "KODE SIGKAT": "MCF \\LFINF\\HEX:1",
        "LUAS_M2": 130.715416934,
        "Koefisien": 1.0,
        "Nilai Exposure": 656191393.00868,
        "Klasifikasi Rentang Exposure": "> Rp638.909.581,39 - Rp1.136.724.268,30",
        "koreksi_koordinat": "TIDAK"
      },
      "geometry": {
        "type": "Point",
        "coordinates": [
          105.227384,
          -5.546636
        ]
      }
    },
    {
      "type": "Feature",
      "properties": {
        "Nomor": 334,
        "NO": 334,
        "ID Bangunan": "SDI-A77-077",
        "Blok": "A",
        "Koordinat Latitude (Y)": -5.546618,
        "Koordinat Longitude (X)": 105.22676,
        "Fungsi Bangunan": "Rumah Tinggal",
        "Klasifikasi": "Hunian",
        "Jumlah Lantai": 1,
        "Material Dominan": "Pasang Bata",
        "Sistem Stuktur Tampak": "Rangka Beton Bertulang",
        "Tipe Atap": "Pelana",
        "Material Penutup Atap": "Genteng",
        "Dinding Luar": "Campuran",
        "Kondisi Visual": "Sedang",
        "Kode Material": "MCF (batu bata bertulang)",
        "Kode Sistem Struktur": "LFINF",
        "Tingkat Keyakinan": "Tinggi",
        "Dokumetasi": null,
        "Kode Fungsi": "F01",
        "Klasifikasi Fungsi": "Hunian",
        "KODE MATERIAL": "MCF",
        "KODE SISTEM STRUKTUR": "LFINF",
        "KODE TIPE ATAP": "RSH2",
        "KODE MATERIAL PENUTUP ATAP": "RMT1",
        "KODE DINDING LUAR": "EWO",
        "KODE KONDISI VISUAL ": "CV2",
        "JUMLAH LANTAI": "HEX:1",
        "TAKSONOMI": "MCF/LFINF/RSH2/RMT1/EWO/CV2/HEX:1",
        "KODE SIGKAT": "MCF \\LFINF\\HEX:1",
        "LUAS_M2": 66.6108181076,
        "Koefisien": 1.0,
        "Nilai Exposure": 334386306.90015197,
        "Klasifikasi Rentang Exposure": "Rp14.611.983,05 - Rp638.909.581,39",
        "koreksi_koordinat": "TIDAK"
      },
      "geometry": {
        "type": "Point",
        "coordinates": [
          105.22676,
          -5.546618
        ]
      }
    },
    {
      "type": "Feature",
      "properties": {
        "Nomor": 335,
        "NO": 335,
        "ID Bangunan": "SDI-A78-078",
        "Blok": "A",
        "Koordinat Latitude (Y)": -5.546715,
        "Koordinat Longitude (X)": 105.226682,
        "Fungsi Bangunan": "Rumah Tinggal",
        "Klasifikasi": "Hunian",
        "Jumlah Lantai": 1,
        "Material Dominan": "Bambu",
        "Sistem Stuktur Tampak": "Rangka Kayu",
        "Tipe Atap": "Pelana",
        "Material Penutup Atap": "Genteng",
        "Dinding Luar": "Campuran",
        "Kondisi Visual": "Sedang",
        "Kode Material": "W (kayu)",
        "Kode Sistem Struktur": "LPB",
        "Tingkat Keyakinan": "Tinggi",
        "Dokumetasi": null,
        "Kode Fungsi": "F01",
        "Klasifikasi Fungsi": "Hunian",
        "KODE MATERIAL": "W",
        "KODE SISTEM STRUKTUR": "LPB",
        "KODE TIPE ATAP": "RSH2",
        "KODE MATERIAL PENUTUP ATAP": "RMT1",
        "KODE DINDING LUAR": "EWO",
        "KODE KONDISI VISUAL ": "CV2",
        "JUMLAH LANTAI": "HEX:1",
        "TAKSONOMI": "W/LPB/RSH2/RMT1/EWO/CV2/HEX:1",
        "KODE SIGKAT": "W \\LPB\\HEX:1",
        "LUAS_M2": 56.8416453473,
        "Koefisien": 1.0,
        "Nilai Exposure": 285345059.643446,
        "Klasifikasi Rentang Exposure": "Rp14.611.983,05 - Rp638.909.581,39",
        "koreksi_koordinat": "TIDAK"
      },
      "geometry": {
        "type": "Point",
        "coordinates": [
          105.226682,
          -5.546715
        ]
      }
    },
    {
      "type": "Feature",
      "properties": {
        "Nomor": 336,
        "NO": 336,
        "ID Bangunan": "SDI-A79-079",
        "Blok": "A",
        "Koordinat Latitude (Y)": -5.546775,
        "Koordinat Longitude (X)": 105.226631,
        "Fungsi Bangunan": "Rumah Tinggal",
        "Klasifikasi": "Hunian",
        "Jumlah Lantai": 1,
        "Material Dominan": "Kayu",
        "Sistem Stuktur Tampak": "Rangka Kayu",
        "Tipe Atap": "Pelana",
        "Material Penutup Atap": "Asbes",
        "Dinding Luar": "Kayu",
        "Kondisi Visual": "Sedang",
        "Kode Material": "W (kayu)",
        "Kode Sistem Struktur": "LPB",
        "Tingkat Keyakinan": "Tinggi",
        "Dokumetasi": null,
        "Kode Fungsi": "F01",
        "Klasifikasi Fungsi": "Hunian",
        "KODE MATERIAL": "W",
        "KODE SISTEM STRUKTUR": "LPB",
        "KODE TIPE ATAP": "RSH2",
        "KODE MATERIAL PENUTUP ATAP": "RMT6",
        "KODE DINDING LUAR": "EWW",
        "KODE KONDISI VISUAL ": "CV2",
        "JUMLAH LANTAI": "HEX:1",
        "TAKSONOMI": "W/LPB/RSH2/RMT6/EWW/CV2/HEX:1",
        "KODE SIGKAT": "W \\LPB\\HEX:1",
        "LUAS_M2": 159.132281861,
        "Koefisien": 1.0,
        "Nilai Exposure": 798844054.94222,
        "Klasifikasi Rentang Exposure": "> Rp638.909.581,39 - Rp1.136.724.268,30",
        "koreksi_koordinat": "TIDAK"
      },
      "geometry": {
        "type": "Point",
        "coordinates": [
          105.226631,
          -5.546775
        ]
      }
    },
    {
      "type": "Feature",
      "properties": {
        "Nomor": 337,
        "NO": 337,
        "ID Bangunan": "SDI-A81-081",
        "Blok": "A",
        "Koordinat Latitude (Y)": -5.546913,
        "Koordinat Longitude (X)": 105.226636,
        "Fungsi Bangunan": "Rumah Tinggal",
        "Klasifikasi": "Hunian",
        "Jumlah Lantai": 1,
        "Material Dominan": "Pasang Bata",
        "Sistem Stuktur Tampak": "Rangka Beton Bertulang",
        "Tipe Atap": "Pelana",
        "Material Penutup Atap": "Genteng",
        "Dinding Luar": "Campuran",
        "Kondisi Visual": "Sedang",
        "Kode Material": "MCF (batu bata bertulang)",
        "Kode Sistem Struktur": "LFINF",
        "Tingkat Keyakinan": "Tinggi",
        "Dokumetasi": null,
        "Kode Fungsi": "F01",
        "Klasifikasi Fungsi": "Hunian",
        "KODE MATERIAL": "MCF",
        "KODE SISTEM STRUKTUR": "LFINF",
        "KODE TIPE ATAP": "RSH2",
        "KODE MATERIAL PENUTUP ATAP": "RMT1",
        "KODE DINDING LUAR": "EWO",
        "KODE KONDISI VISUAL ": "CV2",
        "JUMLAH LANTAI": "HEX:1",
        "TAKSONOMI": "MCF/LFINF/RSH2/RMT1/EWO/CV2/HEX:1",
        "KODE SIGKAT": "MCF \\LFINF\\HEX:1",
        "LUAS_M2": 87.716714131,
        "Koefisien": 1.0,
        "Nilai Exposure": 440337904.93762004,
        "Klasifikasi Rentang Exposure": "Rp14.611.983,05 - Rp638.909.581,39",
        "koreksi_koordinat": "TIDAK"
      },
      "geometry": {
        "type": "Point",
        "coordinates": [
          105.226636,
          -5.546913
        ]
      }
    },
    {
      "type": "Feature",
      "properties": {
        "Nomor": 338,
        "NO": 338,
        "ID Bangunan": "SDI-A86-086",
        "Blok": "A",
        "Koordinat Latitude (Y)": -5.545096,
        "Koordinat Longitude (X)": 105.2258,
        "Fungsi Bangunan": "Rumah Tinggal",
        "Klasifikasi": "Hunian",
        "Jumlah Lantai": 1,
        "Material Dominan": "Pasang Bata",
        "Sistem Stuktur Tampak": "Rangka Beton Bertulang",
        "Tipe Atap": "Pelana",
        "Material Penutup Atap": "Genteng",
        "Dinding Luar": "Bata Ekspos",
        "Kondisi Visual": "Baik",
        "Kode Material": "MCF (batu bata bertulang)",
        "Kode Sistem Struktur": "LFINF",
        "Tingkat Keyakinan": "Tinggi",
        "Dokumetasi": null,
        "Kode Fungsi": "F01",
        "Klasifikasi Fungsi": "Hunian",
        "KODE MATERIAL": "MCF",
        "KODE SISTEM STRUKTUR": "LFINF",
        "KODE TIPE ATAP": "RSH2",
        "KODE MATERIAL PENUTUP ATAP": "RMT1",
        "KODE DINDING LUAR": "EWMA",
        "KODE KONDISI VISUAL ": "CV1",
        "JUMLAH LANTAI": "HEX:1",
        "TAKSONOMI": "MCF/LFINF/RSH2/RMT1/EWMA/CV1/HEX:1",
        "KODE SIGKAT": "MCF \\LFINF\\HEX:1",
        "LUAS_M2": 64.8186092401,
        "Koefisien": 1.0,
        "Nilai Exposure": 325389418.385302,
        "Klasifikasi Rentang Exposure": "Rp14.611.983,05 - Rp638.909.581,39",
        "koreksi_koordinat": "TIDAK"
      },
      "geometry": {
        "type": "Point",
        "coordinates": [
          105.2258,
          -5.545096
        ]
      }
    },
    {
      "type": "Feature",
      "properties": {
        "Nomor": 339,
        "NO": 339,
        "ID Bangunan": "SDI-A87-087",
        "Blok": "A",
        "Koordinat Latitude (Y)": -5.544981,
        "Koordinat Longitude (X)": 105.225649,
        "Fungsi Bangunan": "Rumah Tinggal",
        "Klasifikasi": "Hunian",
        "Jumlah Lantai": 1,
        "Material Dominan": "Kayu",
        "Sistem Stuktur Tampak": "Rangka Kayu",
        "Tipe Atap": "Pelana",
        "Material Penutup Atap": "Asbes",
        "Dinding Luar": "Seng/Papan",
        "Kondisi Visual": "Baik",
        "Kode Material": "W (kayu)",
        "Kode Sistem Struktur": "LPB",
        "Tingkat Keyakinan": "Tinggi",
        "Dokumetasi": null,
        "Kode Fungsi": "F01",
        "Klasifikasi Fungsi": "Hunian",
        "KODE MATERIAL": "W",
        "KODE SISTEM STRUKTUR": "LPB",
        "KODE TIPE ATAP": "RSH2",
        "KODE MATERIAL PENUTUP ATAP": "RMT6",
        "KODE DINDING LUAR": "EWW",
        "KODE KONDISI VISUAL ": "CV1",
        "JUMLAH LANTAI": "HEX:1",
        "TAKSONOMI": "W/LPB/RSH2/RMT6/EWW/CV1/HEX:1",
        "KODE SIGKAT": "W \\LPB\\HEX:1",
        "LUAS_M2": 89.5639339402,
        "Koefisien": 1.0,
        "Nilai Exposure": 449610948.379804,
        "Klasifikasi Rentang Exposure": "Rp14.611.983,05 - Rp638.909.581,39",
        "koreksi_koordinat": "TIDAK"
      },
      "geometry": {
        "type": "Point",
        "coordinates": [
          105.225649,
          -5.544981
        ]
      }
    },
    {
      "type": "Feature",
      "properties": {
        "Nomor": 340,
        "NO": 340,
        "ID Bangunan": "SDI-A88-088",
        "Blok": "A",
        "Koordinat Latitude (Y)": -5.544692,
        "Koordinat Longitude (X)": 105.22541,
        "Fungsi Bangunan": "Rumah Tinggal",
        "Klasifikasi": "Hunian",
        "Jumlah Lantai": 1,
        "Material Dominan": "Pasang Bata",
        "Sistem Stuktur Tampak": "Rangka Beton Bertulang",
        "Tipe Atap": "Pelana",
        "Material Penutup Atap": "Seng",
        "Dinding Luar": "Bata Plaster",
        "Kondisi Visual": "Baik",
        "Kode Material": "MCF (batu bata bertulang)",
        "Kode Sistem Struktur": "LFINF",
        "Tingkat Keyakinan": "Tinggi",
        "Dokumetasi": null,
        "Kode Fungsi": "F01",
        "Klasifikasi Fungsi": "Hunian",
        "KODE MATERIAL": "MCF",
        "KODE SISTEM STRUKTUR": "LFINF",
        "KODE TIPE ATAP": "RSH2",
        "KODE MATERIAL PENUTUP ATAP": "RMT2",
        "KODE DINDING LUAR": "EWMA",
        "KODE KONDISI VISUAL ": "CV1",
        "JUMLAH LANTAI": "HEX:1",
        "TAKSONOMI": "MCF/LFINF/RSH2/RMT2/EWMA/CV1/HEX:1",
        "KODE SIGKAT": "MCF \\LFINF\\HEX:1",
        "LUAS_M2": 134.492745765,
        "Koefisien": 1.0,
        "Nilai Exposure": 675153583.7402999,
        "Klasifikasi Rentang Exposure": "> Rp638.909.581,39 - Rp1.136.724.268,30",
        "koreksi_koordinat": "TIDAK"
      },
      "geometry": {
        "type": "Point",
        "coordinates": [
          105.22541,
          -5.544692
        ]
      }
    },
    {
      "type": "Feature",
      "properties": {
        "Nomor": 341,
        "NO": 341,
        "ID Bangunan": "SDI-A90-090",
        "Blok": "A",
        "Koordinat Latitude (Y)": -5.544012,
        "Koordinat Longitude (X)": 105.225662,
        "Fungsi Bangunan": "Rumah Tinggal",
        "Klasifikasi": "Hunian",
        "Jumlah Lantai": 1,
        "Material Dominan": "Pasang Bata",
        "Sistem Stuktur Tampak": "Rangka Beton Bertulang",
        "Tipe Atap": "Pelana",
        "Material Penutup Atap": "Genteng",
        "Dinding Luar": "Campuran",
        "Kondisi Visual": "Baik",
        "Kode Material": "MCF (batu bata bertulang)",
        "Kode Sistem Struktur": "LFINF",
        "Tingkat Keyakinan": "Tinggi",
        "Dokumetasi": null,
        "Kode Fungsi": "F01",
        "Klasifikasi Fungsi": "Hunian",
        "KODE MATERIAL": "MCF",
        "KODE SISTEM STRUKTUR": "LFINF",
        "KODE TIPE ATAP": "RSH2",
        "KODE MATERIAL PENUTUP ATAP": "RMT1",
        "KODE DINDING LUAR": "EWO",
        "KODE KONDISI VISUAL ": "CV1",
        "JUMLAH LANTAI": "HEX:1",
        "TAKSONOMI": "MCF/LFINF/RSH2/RMT1/EWO/CV1/HEX:1",
        "KODE SIGKAT": "MCF \\LFINF\\HEX:1",
        "LUAS_M2": 93.4207263652,
        "Koefisien": 1.0,
        "Nilai Exposure": 468972046.35330397,
        "Klasifikasi Rentang Exposure": "Rp14.611.983,05 - Rp638.909.581,39",
        "koreksi_koordinat": "TIDAK"
      },
      "geometry": {
        "type": "Point",
        "coordinates": [
          105.225662,
          -5.544012
        ]
      }
    },
    {
      "type": "Feature",
      "properties": {
        "Nomor": 342,
        "NO": 342,
        "ID Bangunan": "SDI-A91-091",
        "Blok": "A",
        "Koordinat Latitude (Y)": -5.543771,
        "Koordinat Longitude (X)": 105.225357,
        "Fungsi Bangunan": "Rumah Tinggal",
        "Klasifikasi": "Hunian",
        "Jumlah Lantai": 1,
        "Material Dominan": "Kayu",
        "Sistem Stuktur Tampak": "Rangka Kayu",
        "Tipe Atap": "Pelana",
        "Material Penutup Atap": "Genteng",
        "Dinding Luar": "Seng/Papan",
        "Kondisi Visual": "Sedang",
        "Kode Material": "W (kayu)",
        "Kode Sistem Struktur": "LPB",
        "Tingkat Keyakinan": "Tinggi",
        "Dokumetasi": null,
        "Kode Fungsi": "F01",
        "Klasifikasi Fungsi": "Hunian",
        "KODE MATERIAL": "W",
        "KODE SISTEM STRUKTUR": "LPB",
        "KODE TIPE ATAP": "RSH2",
        "KODE MATERIAL PENUTUP ATAP": "RMT1",
        "KODE DINDING LUAR": "EWW",
        "KODE KONDISI VISUAL ": "CV2",
        "JUMLAH LANTAI": "HEX:1",
        "TAKSONOMI": "W/LPB/RSH2/RMT1/EWW/CV2/HEX:1",
        "KODE SIGKAT": "W \\LPB\\HEX:1",
        "LUAS_M2": 63.914278028,
        "Koefisien": 1.0,
        "Nilai Exposure": 320849675.70056,
        "Klasifikasi Rentang Exposure": "Rp14.611.983,05 - Rp638.909.581,39",
        "koreksi_koordinat": "TIDAK"
      },
      "geometry": {
        "type": "Point",
        "coordinates": [
          105.225357,
          -5.543771
        ]
      }
    },
    {
      "type": "Feature",
      "properties": {
        "Nomor": 343,
        "NO": 343,
        "ID Bangunan": "SDI-A92-092",
        "Blok": "A",
        "Koordinat Latitude (Y)": -5.543884,
        "Koordinat Longitude (X)": 105.225348,
        "Fungsi Bangunan": "Rumah Tinggal",
        "Klasifikasi": "Hunian",
        "Jumlah Lantai": 1,
        "Material Dominan": "Pasang Bata",
        "Sistem Stuktur Tampak": "Rangka Beton Bertulang",
        "Tipe Atap": "Pelana",
        "Material Penutup Atap": "Genteng",
        "Dinding Luar": "Bata Ekspos",
        "Kondisi Visual": "Baik",
        "Kode Material": "MCF (batu bata bertulang)",
        "Kode Sistem Struktur": "LFINF",
        "Tingkat Keyakinan": "Tinggi",
        "Dokumetasi": null,
        "Kode Fungsi": "F01",
        "Klasifikasi Fungsi": "Hunian",
        "KODE MATERIAL": "MCF",
        "KODE SISTEM STRUKTUR": "LFINF",
        "KODE TIPE ATAP": "RSH2",
        "KODE MATERIAL PENUTUP ATAP": "RMT1",
        "KODE DINDING LUAR": "EWMA",
        "KODE KONDISI VISUAL ": "CV1",
        "JUMLAH LANTAI": "HEX:1",
        "TAKSONOMI": "MCF/LFINF/RSH2/RMT1/EWMA/CV1/HEX:1",
        "KODE SIGKAT": "MCF \\LFINF\\HEX:1",
        "LUAS_M2": 133.659403194,
        "Koefisien": 1.0,
        "Nilai Exposure": 670970204.03388,
        "Klasifikasi Rentang Exposure": "> Rp638.909.581,39 - Rp1.136.724.268,30",
        "koreksi_koordinat": "TIDAK"
      },
      "geometry": {
        "type": "Point",
        "coordinates": [
          105.225348,
          -5.543884
        ]
      }
    },
    {
      "type": "Feature",
      "properties": {
        "Nomor": 344,
        "NO": 344,
        "ID Bangunan": "SDI-A93-093",
        "Blok": "A",
        "Koordinat Latitude (Y)": -5.543979,
        "Koordinat Longitude (X)": 105.224813,
        "Fungsi Bangunan": "Rumah Tinggal",
        "Klasifikasi": "Hunian",
        "Jumlah Lantai": 1,
        "Material Dominan": "Pasang Bata",
        "Sistem Stuktur Tampak": "Rangka Beton Bertulang",
        "Tipe Atap": "Pelana",
        "Material Penutup Atap": "Genteng",
        "Dinding Luar": "Bata Ekspos",
        "Kondisi Visual": "Baik",
        "Kode Material": "MCF (batu bata bertulang)",
        "Kode Sistem Struktur": "LFINF",
        "Tingkat Keyakinan": "Tinggi",
        "Dokumetasi": null,
        "Kode Fungsi": "F01",
        "Klasifikasi Fungsi": "Hunian",
        "KODE MATERIAL": "MCF",
        "KODE SISTEM STRUKTUR": "LFINF",
        "KODE TIPE ATAP": "RSH2",
        "KODE MATERIAL PENUTUP ATAP": "RMT1",
        "KODE DINDING LUAR": "EWMA",
        "KODE KONDISI VISUAL ": "CV1",
        "JUMLAH LANTAI": "HEX:1",
        "TAKSONOMI": "MCF/LFINF/RSH2/RMT1/EWMA/CV1/HEX:1",
        "KODE SIGKAT": "MCF \\LFINF\\HEX:1",
        "LUAS_M2": 96.8609910309,
        "Koefisien": 1.0,
        "Nilai Exposure": 486242174.975118,
        "Klasifikasi Rentang Exposure": "Rp14.611.983,05 - Rp638.909.581,39",
        "koreksi_koordinat": "TIDAK"
      },
      "geometry": {
        "type": "Point",
        "coordinates": [
          105.224813,
          -5.543979
        ]
      }
    },
    {
      "type": "Feature",
      "properties": {
        "Nomor": 345,
        "NO": 345,
        "ID Bangunan": "SDI-A94-094",
        "Blok": "A",
        "Koordinat Latitude (Y)": -5.543852,
        "Koordinat Longitude (X)": 105.22522,
        "Fungsi Bangunan": "Rumah Tinggal",
        "Klasifikasi": "Hunian",
        "Jumlah Lantai": 1,
        "Material Dominan": "Pasang Bata",
        "Sistem Stuktur Tampak": "Rangka Beton Bertulang",
        "Tipe Atap": "Pelana",
        "Material Penutup Atap": "Genteng",
        "Dinding Luar": "Bata Ekspos",
        "Kondisi Visual": "Baik",
        "Kode Material": "MCF (batu bata bertulang)",
        "Kode Sistem Struktur": "LFINF",
        "Tingkat Keyakinan": "Tinggi",
        "Dokumetasi": null,
        "Kode Fungsi": "F01",
        "Klasifikasi Fungsi": "Hunian",
        "KODE MATERIAL": "MCF",
        "KODE SISTEM STRUKTUR": "LFINF",
        "KODE TIPE ATAP": "RSH2",
        "KODE MATERIAL PENUTUP ATAP": "RMT1",
        "KODE DINDING LUAR": "EWMA",
        "KODE KONDISI VISUAL ": "CV1",
        "JUMLAH LANTAI": "HEX:1",
        "TAKSONOMI": "MCF/LFINF/RSH2/RMT1/EWMA/CV1/HEX:1",
        "KODE SIGKAT": "MCF \\LFINF\\HEX:1",
        "LUAS_M2": 127.659259452,
        "Koefisien": 1.0,
        "Nilai Exposure": 640849482.44904,
        "Klasifikasi Rentang Exposure": "> Rp638.909.581,39 - Rp1.136.724.268,30",
        "koreksi_koordinat": "TIDAK"
      },
      "geometry": {
        "type": "Point",
        "coordinates": [
          105.22522,
          -5.543852
        ]
      }
    },
    {
      "type": "Feature",
      "properties": {
        "Nomor": 346,
        "NO": 346,
        "ID Bangunan": "SDI-A96-096",
        "Blok": "A",
        "Koordinat Latitude (Y)": -5.544666,
        "Koordinat Longitude (X)": 105.227229,
        "Fungsi Bangunan": "Rumah Tinggal",
        "Klasifikasi": "Hunian",
        "Jumlah Lantai": 1,
        "Material Dominan": "Pasang Bata",
        "Sistem Stuktur Tampak": "Rangka Beton Bertulang",
        "Tipe Atap": "Pelana",
        "Material Penutup Atap": "Genteng",
        "Dinding Luar": "Campuran",
        "Kondisi Visual": "Sedang",
        "Kode Material": "MCF (batu bata bertulang)",
        "Kode Sistem Struktur": "LFINF",
        "Tingkat Keyakinan": "Tinggi",
        "Dokumetasi": null,
        "Kode Fungsi": "F01",
        "Klasifikasi Fungsi": "Hunian",
        "KODE MATERIAL": "MCF",
        "KODE SISTEM STRUKTUR": "LFINF",
        "KODE TIPE ATAP": "RSH2",
        "KODE MATERIAL PENUTUP ATAP": "RMT1",
        "KODE DINDING LUAR": "EWO",
        "KODE KONDISI VISUAL ": "CV2",
        "JUMLAH LANTAI": "HEX:1",
        "TAKSONOMI": "MCF/LFINF/RSH2/RMT1/EWO/CV2/HEX:1",
        "KODE SIGKAT": "MCF \\LFINF\\HEX:1",
        "LUAS_M2": 139.123340487,
        "Koefisien": 1.0,
        "Nilai Exposure": 698399169.24474,
        "Klasifikasi Rentang Exposure": "> Rp638.909.581,39 - Rp1.136.724.268,30",
        "koreksi_koordinat": "TIDAK"
      },
      "geometry": {
        "type": "Point",
        "coordinates": [
          105.227229,
          -5.544666
        ]
      }
    },
    {
      "type": "Feature",
      "properties": {
        "Nomor": 347,
        "NO": 347,
        "ID Bangunan": "BLOK D (SDI-D106-106)",
        "Blok": "D",
        "Koordinat Latitude (Y)": -5.556824,
        "Koordinat Longitude (X)": 105.241897,
        "Fungsi Bangunan": "Rumah Tinggal",
        "Klasifikasi": "Hunian",
        "Jumlah Lantai": 1,
        "Material Dominan": "Pasang Bata",
        "Sistem Stuktur Tampak": "Rangka Beton Bertulang",
        "Tipe Atap": "Pelana",
        "Material Penutup Atap": "Genteng",
        "Dinding Luar": "Bata Plaster",
        "Kondisi Visual": "Baik",
        "Kode Material": "MUR (batu bata tanpa tulang)",
        "Kode Sistem Struktur": "LWAL",
        "Tingkat Keyakinan": "Tinggi",
        "Dokumetasi": null,
        "Kode Fungsi": "F01",
        "Klasifikasi Fungsi": "Hunian",
        "KODE MATERIAL": "MUR",
        "KODE SISTEM STRUKTUR": "LWAL",
        "KODE TIPE ATAP": "RSH2",
        "KODE MATERIAL PENUTUP ATAP": "RMT1",
        "KODE DINDING LUAR": "EWMA",
        "KODE KONDISI VISUAL ": "CV1",
        "JUMLAH LANTAI": "HEX:1",
        "TAKSONOMI": "MUR/LWAL/RSH2/RMT1/EWMA/CV1/HEX:1",
        "KODE SIGKAT": "MUR \\LWAL\\HEX:1",
        "LUAS_M2": 139.123340487,
        "Koefisien": 1.0,
        "Nilai Exposure": 698399169.24474,
        "Klasifikasi Rentang Exposure": "> Rp638.909.581,39 - Rp1.136.724.268,30",
        "koreksi_koordinat": "TIDAK"
      },
      "geometry": {
        "type": "Point",
        "coordinates": [
          105.241897,
          -5.556824
        ]
      }
    },
    {
      "type": "Feature",
      "properties": {
        "Nomor": 348,
        "NO": 348,
        "ID Bangunan": "Blok D (SDI-D107-107)",
        "Blok": "D",
        "Koordinat Latitude (Y)": -5.55675,
        "Koordinat Longitude (X)": 105.241859,
        "Fungsi Bangunan": "Rumah Tinggal",
        "Klasifikasi": "Hunian",
        "Jumlah Lantai": 1,
        "Material Dominan": "Pasang Bata",
        "Sistem Stuktur Tampak": "Dinding Pemikul",
        "Tipe Atap": "Pelana",
        "Material Penutup Atap": "Seng",
        "Dinding Luar": "Bata Plaster",
        "Kondisi Visual": "Sedang",
        "Kode Material": "MUR (batu bata tanpa tulang)",
        "Kode Sistem Struktur": "LWAL",
        "Tingkat Keyakinan": "Tinggi",
        "Dokumetasi": null,
        "Kode Fungsi": "F01",
        "Klasifikasi Fungsi": "Hunian",
        "KODE MATERIAL": "MUR",
        "KODE SISTEM STRUKTUR": "LWAL",
        "KODE TIPE ATAP": "RSH2",
        "KODE MATERIAL PENUTUP ATAP": "RMT2",
        "KODE DINDING LUAR": "EWMA",
        "KODE KONDISI VISUAL ": "CV2",
        "JUMLAH LANTAI": "HEX:1",
        "TAKSONOMI": "MUR/LWAL/RSH2/RMT2/EWMA/CV2/HEX:1",
        "KODE SIGKAT": "MUR \\LWAL\\HEX:1",
        "LUAS_M2": 190.140931282,
        "Koefisien": 1.0,
        "Nilai Exposure": 954507475.03564,
        "Klasifikasi Rentang Exposure": "> Rp638.909.581,39 - Rp1.136.724.268,30",
        "koreksi_koordinat": "TIDAK"
      },
      "geometry": {
        "type": "Point",
        "coordinates": [
          105.241859,
          -5.55675
        ]
      }
    },
    {
      "type": "Feature",
      "properties": {
        "Nomor": 349,
        "NO": 349,
        "ID Bangunan": "Blok D (SDI-D108-108)",
        "Blok": "D",
        "Koordinat Latitude (Y)": -5.556644,
        "Koordinat Longitude (X)": 105.241776,
        "Fungsi Bangunan": "Rumah Tinggal",
        "Klasifikasi": "Hunian",
        "Jumlah Lantai": 1,
        "Material Dominan": "Pasang Bata",
        "Sistem Stuktur Tampak": "Dinding Pemikul",
        "Tipe Atap": "Pelana",
        "Material Penutup Atap": "Genteng",
        "Dinding Luar": "Bata Plaster",
        "Kondisi Visual": "Baik",
        "Kode Material": "MUR (batu bata tanpa tulang)",
        "Kode Sistem Struktur": "LWAL",
        "Tingkat Keyakinan": "Tinggi",
        "Dokumetasi": null,
        "Kode Fungsi": "F01",
        "Klasifikasi Fungsi": "Hunian",
        "KODE MATERIAL": "MUR",
        "KODE SISTEM STRUKTUR": "LWAL",
        "KODE TIPE ATAP": "RSH2",
        "KODE MATERIAL PENUTUP ATAP": "RMT1",
        "KODE DINDING LUAR": "EWMA",
        "KODE KONDISI VISUAL ": "CV1",
        "JUMLAH LANTAI": "HEX:1",
        "TAKSONOMI": "MUR/LWAL/RSH2/RMT1/EWMA/CV1/HEX:1",
        "KODE SIGKAT": "MUR \\LWAL\\HEX:1",
        "LUAS_M2": 98.1545239374,
        "Koefisien": 1.0,
        "Nilai Exposure": 492735710.165748,
        "Klasifikasi Rentang Exposure": "Rp14.611.983,05 - Rp638.909.581,39",
        "koreksi_koordinat": "TIDAK"
      },
      "geometry": {
        "type": "Point",
        "coordinates": [
          105.241776,
          -5.556644
        ]
      }
    },
    {
      "type": "Feature",
      "properties": {
        "Nomor": 350,
        "NO": 350,
        "ID Bangunan": "Blok D (SDI-D112-112)",
        "Blok": "D",
        "Koordinat Latitude (Y)": -5.556895,
        "Koordinat Longitude (X)": 105.241942,
        "Fungsi Bangunan": "Rumah Tinggal",
        "Klasifikasi": "Hunian",
        "Jumlah Lantai": 1,
        "Material Dominan": "Pasang Bata",
        "Sistem Stuktur Tampak": "Rangka Beton Bertulang",
        "Tipe Atap": "Pelana",
        "Material Penutup Atap": "Genteng",
        "Dinding Luar": "Bata Ekspos",
        "Kondisi Visual": "Sedang",
        "Kode Material": "MUR (batu bata tanpa tulang)",
        "Kode Sistem Struktur": "LWAL",
        "Tingkat Keyakinan": "Tinggi",
        "Dokumetasi": null,
        "Kode Fungsi": "F01",
        "Klasifikasi Fungsi": "Hunian",
        "KODE MATERIAL": "MUR",
        "KODE SISTEM STRUKTUR": "LWAL",
        "KODE TIPE ATAP": "RSH2",
        "KODE MATERIAL PENUTUP ATAP": "RMT1",
        "KODE DINDING LUAR": "EWMA",
        "KODE KONDISI VISUAL ": "CV2",
        "JUMLAH LANTAI": "HEX:1",
        "TAKSONOMI": "MUR/LWAL/RSH2/RMT1/EWMA/CV2/HEX:1",
        "KODE SIGKAT": "MUR \\LWAL\\HEX:1",
        "LUAS_M2": 263.687205539,
        "Koefisien": 1.0,
        "Nilai Exposure": 1323709771.80578,
        "Klasifikasi Rentang Exposure": "> Rp1.136.724.268,30 - Rp1.856.590.180,23",
        "koreksi_koordinat": "TIDAK"
      },
      "geometry": {
        "type": "Point",
        "coordinates": [
          105.241942,
          -5.556895
        ]
      }
    },
    {
      "type": "Feature",
      "properties": {
        "Nomor": 351,
        "NO": 351,
        "ID Bangunan": "Blok D (SDI-D113-113)",
        "Blok": "D",
        "Koordinat Latitude (Y)": -5.558196,
        "Koordinat Longitude (X)": 105.242256,
        "Fungsi Bangunan": "Rumah Tinggal",
        "Klasifikasi": "Hunian",
        "Jumlah Lantai": 1,
        "Material Dominan": "Pasang Bata",
        "Sistem Stuktur Tampak": "Rangka Beton Bertulang",
        "Tipe Atap": "Pelana",
        "Material Penutup Atap": "Genteng",
        "Dinding Luar": "Bata Ekspos",
        "Kondisi Visual": "Sedang",
        "Kode Material": "MUR (batu bata tanpa tulang)",
        "Kode Sistem Struktur": "LWAL",
        "Tingkat Keyakinan": "Tinggi",
        "Dokumetasi": null,
        "Kode Fungsi": "F01",
        "Klasifikasi Fungsi": "Hunian",
        "KODE MATERIAL": "MUR",
        "KODE SISTEM STRUKTUR": "LWAL",
        "KODE TIPE ATAP": "RSH2",
        "KODE MATERIAL PENUTUP ATAP": "RMT1",
        "KODE DINDING LUAR": "EWMA",
        "KODE KONDISI VISUAL ": "CV2",
        "JUMLAH LANTAI": "HEX:1",
        "TAKSONOMI": "MUR/LWAL/RSH2/RMT1/EWMA/CV2/HEX:1",
        "KODE SIGKAT": "MUR \\LWAL\\HEX:1",
        "LUAS_M2": 263.687205539,
        "Koefisien": 1.0,
        "Nilai Exposure": 1323709771.80578,
        "Klasifikasi Rentang Exposure": "> Rp1.136.724.268,30 - Rp1.856.590.180,23",
        "koreksi_koordinat": "TIDAK"
      },
      "geometry": {
        "type": "Point",
        "coordinates": [
          105.242256,
          -5.558196
        ]
      }
    },
    {
      "type": "Feature",
      "properties": {
        "Nomor": 352,
        "NO": 352,
        "ID Bangunan": "Blok D (SDI-D114-114)",
        "Blok": "D",
        "Koordinat Latitude (Y)": -5.558148,
        "Koordinat Longitude (X)": 105.242243,
        "Fungsi Bangunan": "Rumah Tinggal",
        "Klasifikasi": "Hunian",
        "Jumlah Lantai": 1,
        "Material Dominan": "Kayu",
        "Sistem Stuktur Tampak": "Rangka Kayu",
        "Tipe Atap": "Pelana",
        "Material Penutup Atap": "Seng",
        "Dinding Luar": "Kayu",
        "Kondisi Visual": "Baik",
        "Kode Material": "W (kayu)",
        "Kode Sistem Struktur": "LFM",
        "Tingkat Keyakinan": "Tinggi",
        "Dokumetasi": null,
        "Kode Fungsi": "F01",
        "Klasifikasi Fungsi": "Hunian",
        "KODE MATERIAL": "W",
        "KODE SISTEM STRUKTUR": "LFM",
        "KODE TIPE ATAP": "RSH2",
        "KODE MATERIAL PENUTUP ATAP": "RMT2",
        "KODE DINDING LUAR": "EWW",
        "KODE KONDISI VISUAL ": "CV1",
        "JUMLAH LANTAI": "HEX:1",
        "TAKSONOMI": "W/LFM/RSH2/RMT2/EWW/CV1/HEX:1",
        "KODE SIGKAT": "W \\LFM\\HEX:1",
        "LUAS_M2": 94.4810522577,
        "Koefisien": 1.0,
        "Nilai Exposure": 474294882.333654,
        "Klasifikasi Rentang Exposure": "Rp14.611.983,05 - Rp638.909.581,39",
        "koreksi_koordinat": "TIDAK"
      },
      "geometry": {
        "type": "Point",
        "coordinates": [
          105.242243,
          -5.558148
        ]
      }
    },
    {
      "type": "Feature",
      "properties": {
        "Nomor": 353,
        "NO": 353,
        "ID Bangunan": "Blok D (SDI-D115-115)",
        "Blok": "D",
        "Koordinat Latitude (Y)": -5.558052,
        "Koordinat Longitude (X)": 105.242238,
        "Fungsi Bangunan": "Rumah Tinggal",
        "Klasifikasi": "Hunian",
        "Jumlah Lantai": 1,
        "Material Dominan": "Pasang Bata",
        "Sistem Stuktur Tampak": "Dinding Pemikul",
        "Tipe Atap": "Pelana",
        "Material Penutup Atap": "Genteng",
        "Dinding Luar": "Bata Plaster",
        "Kondisi Visual": "Baik",
        "Kode Material": "MUR (batu bata tanpa tulang)",
        "Kode Sistem Struktur": "LWAL",
        "Tingkat Keyakinan": "Tinggi",
        "Dokumetasi": null,
        "Kode Fungsi": "F01",
        "Klasifikasi Fungsi": "Hunian",
        "KODE MATERIAL": "MUR",
        "KODE SISTEM STRUKTUR": "LWAL",
        "KODE TIPE ATAP": "RSH2",
        "KODE MATERIAL PENUTUP ATAP": "RMT1",
        "KODE DINDING LUAR": "EWMA",
        "KODE KONDISI VISUAL ": "CV1",
        "JUMLAH LANTAI": "HEX:1",
        "TAKSONOMI": "MUR/LWAL/RSH2/RMT1/EWMA/CV1/HEX:1",
        "KODE SIGKAT": "MUR \\LWAL\\HEX:1",
        "LUAS_M2": 124.459082495,
        "Koefisien": 1.0,
        "Nilai Exposure": 624784594.1249,
        "Klasifikasi Rentang Exposure": "Rp14.611.983,05 - Rp638.909.581,39",
        "koreksi_koordinat": "TIDAK"
      },
      "geometry": {
        "type": "Point",
        "coordinates": [
          105.242238,
          -5.558052
        ]
      }
    },
    {
      "type": "Feature",
      "properties": {
        "Nomor": 354,
        "NO": 354,
        "ID Bangunan": "Blok D (SDI-D117-117)",
        "Blok": "D",
        "Koordinat Latitude (Y)": -5.55831,
        "Koordinat Longitude (X)": 105.242273,
        "Fungsi Bangunan": "Rumah Tinggal",
        "Klasifikasi": "Hunian",
        "Jumlah Lantai": 1,
        "Material Dominan": "Pasang Bata",
        "Sistem Stuktur Tampak": "Dinding Pemikul",
        "Tipe Atap": "Pelana",
        "Material Penutup Atap": "Genteng",
        "Dinding Luar": "Bata Plaster",
        "Kondisi Visual": "Baik",
        "Kode Material": "MUR (batu bata tanpa tulang)",
        "Kode Sistem Struktur": "LWAL",
        "Tingkat Keyakinan": "Tinggi",
        "Dokumetasi": null,
        "Kode Fungsi": "F01",
        "Klasifikasi Fungsi": "Hunian",
        "KODE MATERIAL": "MUR",
        "KODE SISTEM STRUKTUR": "LWAL",
        "KODE TIPE ATAP": "RSH2",
        "KODE MATERIAL PENUTUP ATAP": "RMT1",
        "KODE DINDING LUAR": "EWMA",
        "KODE KONDISI VISUAL ": "CV1",
        "JUMLAH LANTAI": "HEX:1",
        "TAKSONOMI": "MUR/LWAL/RSH2/RMT1/EWMA/CV1/HEX:1",
        "KODE SIGKAT": "MUR \\LWAL\\HEX:1",
        "LUAS_M2": 124.459082495,
        "Koefisien": 1.0,
        "Nilai Exposure": 624784594.1249,
        "Klasifikasi Rentang Exposure": "Rp14.611.983,05 - Rp638.909.581,39",
        "koreksi_koordinat": "TIDAK"
      },
      "geometry": {
        "type": "Point",
        "coordinates": [
          105.242273,
          -5.55831
        ]
      }
    },
    {
      "type": "Feature",
      "properties": {
        "Nomor": 355,
        "NO": 355,
        "ID Bangunan": "Blok D (SDI-D118-118)",
        "Blok": "D",
        "Koordinat Latitude (Y)": -5.558293,
        "Koordinat Longitude (X)": 105.242269,
        "Fungsi Bangunan": "Rumah Tinggal",
        "Klasifikasi": "Hunian",
        "Jumlah Lantai": 1,
        "Material Dominan": "Pasang Bata",
        "Sistem Stuktur Tampak": "Dinding Pemikul",
        "Tipe Atap": "Pelana",
        "Material Penutup Atap": "Genteng",
        "Dinding Luar": "Bata Plaster",
        "Kondisi Visual": "Sedang",
        "Kode Material": "MUR (batu bata tanpa tulang)",
        "Kode Sistem Struktur": "LWAL",
        "Tingkat Keyakinan": "Tinggi",
        "Dokumetasi": null,
        "Kode Fungsi": "F01",
        "Klasifikasi Fungsi": "Hunian",
        "KODE MATERIAL": "MUR",
        "KODE SISTEM STRUKTUR": "LWAL",
        "KODE TIPE ATAP": "RSH2",
        "KODE MATERIAL PENUTUP ATAP": "RMT1",
        "KODE DINDING LUAR": "EWMA",
        "KODE KONDISI VISUAL ": "CV2",
        "JUMLAH LANTAI": "HEX:1",
        "TAKSONOMI": "MUR/LWAL/RSH2/RMT1/EWMA/CV2/HEX:1",
        "KODE SIGKAT": "MUR \\LWAL\\HEX:1",
        "LUAS_M2": 180.019810082,
        "Koefisien": 1.0,
        "Nilai Exposure": 903699446.61164,
        "Klasifikasi Rentang Exposure": "> Rp638.909.581,39 - Rp1.136.724.268,30",
        "koreksi_koordinat": "TIDAK"
      },
      "geometry": {
        "type": "Point",
        "coordinates": [
          105.242269,
          -5.558293
        ]
      }
    },
    {
      "type": "Feature",
      "properties": {
        "Nomor": 356,
        "NO": 356,
        "ID Bangunan": "Blok D (SDI-D119-119)",
        "Blok": "D",
        "Koordinat Latitude (Y)": -5.5584,
        "Koordinat Longitude (X)": 105.242285,
        "Fungsi Bangunan": "Rumah Tinggal",
        "Klasifikasi": "Hunian",
        "Jumlah Lantai": 1,
        "Material Dominan": "Kayu",
        "Sistem Stuktur Tampak": "Rangka Kayu",
        "Tipe Atap": "Pelana",
        "Material Penutup Atap": "Seng",
        "Dinding Luar": "Kayu",
        "Kondisi Visual": "Rusak Ringan",
        "Kode Material": "W (kayu)",
        "Kode Sistem Struktur": "LWAL",
        "Tingkat Keyakinan": "Tinggi",
        "Dokumetasi": null,
        "Kode Fungsi": "F01",
        "Klasifikasi Fungsi": "Hunian",
        "KODE MATERIAL": "W",
        "KODE SISTEM STRUKTUR": "LWAL",
        "KODE TIPE ATAP": "RSH2",
        "KODE MATERIAL PENUTUP ATAP": "RMT2",
        "KODE DINDING LUAR": "EWW",
        "KODE KONDISI VISUAL ": "CV2",
        "JUMLAH LANTAI": "HEX:1",
        "TAKSONOMI": "W/LWAL/RSH2/RMT2/EWW/CV2/HEX:1",
        "KODE SIGKAT": "W \\LWAL\\HEX:1",
        "LUAS_M2": 124.459082495,
        "Koefisien": 1.0,
        "Nilai Exposure": 624784594.1249,
        "Klasifikasi Rentang Exposure": "Rp14.611.983,05 - Rp638.909.581,39",
        "koreksi_koordinat": "TIDAK"
      },
      "geometry": {
        "type": "Point",
        "coordinates": [
          105.242285,
          -5.5584
        ]
      }
    },
    {
      "type": "Feature",
      "properties": {
        "Nomor": 357,
        "NO": 357,
        "ID Bangunan": "Blok D (SDI-D120-120)",
        "Blok": "D",
        "Koordinat Latitude (Y)": -5.55834,
        "Koordinat Longitude (X)": 105.242277,
        "Fungsi Bangunan": "Rumah Tinggal",
        "Klasifikasi": "Hunian",
        "Jumlah Lantai": 1,
        "Material Dominan": "Pasang Bata",
        "Sistem Stuktur Tampak": "Dinding Pemikul",
        "Tipe Atap": "Pelana",
        "Material Penutup Atap": "Genteng",
        "Dinding Luar": "Bata Plaster",
        "Kondisi Visual": "Sedang",
        "Kode Material": "MUR (batu bata tanpa tulang)",
        "Kode Sistem Struktur": "LWAL",
        "Tingkat Keyakinan": "Tinggi",
        "Dokumetasi": null,
        "Kode Fungsi": "F01",
        "Klasifikasi Fungsi": "Hunian",
        "KODE MATERIAL": "MUR",
        "KODE SISTEM STRUKTUR": "LWAL",
        "KODE TIPE ATAP": "RSH2",
        "KODE MATERIAL PENUTUP ATAP": "RMT1",
        "KODE DINDING LUAR": "EWMA",
        "KODE KONDISI VISUAL ": "CV2",
        "JUMLAH LANTAI": "HEX:1",
        "TAKSONOMI": "MUR/LWAL/RSH2/RMT1/EWMA/CV2/HEX:1",
        "KODE SIGKAT": "MUR \\LWAL\\HEX:1",
        "LUAS_M2": 124.459082495,
        "Koefisien": 1.0,
        "Nilai Exposure": 624784594.1249,
        "Klasifikasi Rentang Exposure": "Rp14.611.983,05 - Rp638.909.581,39",
        "koreksi_koordinat": "TIDAK"
      },
      "geometry": {
        "type": "Point",
        "coordinates": [
          105.242277,
          -5.55834
        ]
      }
    },
    {
      "type": "Feature",
      "properties": {
        "Nomor": 358,
        "NO": 358,
        "ID Bangunan": "Blok D (SDI-D121-121)",
        "Blok": "D",
        "Koordinat Latitude (Y)": -5.558316,
        "Koordinat Longitude (X)": 105.242273,
        "Fungsi Bangunan": "Rumah Tinggal",
        "Klasifikasi": "Hunian",
        "Jumlah Lantai": 1,
        "Material Dominan": "Pasang Bata",
        "Sistem Stuktur Tampak": "Rangka Beton Bertulang",
        "Tipe Atap": "Pelana",
        "Material Penutup Atap": "Genteng",
        "Dinding Luar": "Bata Ekspos",
        "Kondisi Visual": "Baik",
        "Kode Material": "MUR (batu bata tanpa tulang)",
        "Kode Sistem Struktur": "LFM",
        "Tingkat Keyakinan": "Tinggi",
        "Dokumetasi": null,
        "Kode Fungsi": "F01",
        "Klasifikasi Fungsi": "Hunian",
        "KODE MATERIAL": "MUR",
        "KODE SISTEM STRUKTUR": "LFM",
        "KODE TIPE ATAP": "RSH2",
        "KODE MATERIAL PENUTUP ATAP": "RMT1",
        "KODE DINDING LUAR": "EWMA",
        "KODE KONDISI VISUAL ": "CV1",
        "JUMLAH LANTAI": "HEX:1",
        "TAKSONOMI": "MUR/LFM/RSH2/RMT1/EWMA/CV1/HEX:1",
        "KODE SIGKAT": "MUR \\LFM\\HEX:1",
        "LUAS_M2": 47.8191108872,
        "Koefisien": 1.0,
        "Nilai Exposure": 240051936.65374398,
        "Klasifikasi Rentang Exposure": "Rp14.611.983,05 - Rp638.909.581,39",
        "koreksi_koordinat": "TIDAK"
      },
      "geometry": {
        "type": "Point",
        "coordinates": [
          105.242273,
          -5.558316
        ]
      }
    },
    {
      "type": "Feature",
      "properties": {
        "Nomor": 359,
        "NO": 359,
        "ID Bangunan": "Blok D (SDI-D122-122)",
        "Blok": "D",
        "Koordinat Latitude (Y)": -5.558534,
        "Koordinat Longitude (X)": 105.242293,
        "Fungsi Bangunan": "Rumah Tinggal",
        "Klasifikasi": "Hunian",
        "Jumlah Lantai": 1,
        "Material Dominan": "Pasang Bata",
        "Sistem Stuktur Tampak": "Dinding Pemikul",
        "Tipe Atap": "Pelana",
        "Material Penutup Atap": "Genteng",
        "Dinding Luar": "Bata Plaster",
        "Kondisi Visual": "Baik",
        "Kode Material": "MUR (batu bata tanpa tulang)",
        "Kode Sistem Struktur": "LWAL",
        "Tingkat Keyakinan": "Tinggi",
        "Dokumetasi": null,
        "Kode Fungsi": "F01",
        "Klasifikasi Fungsi": "Hunian",
        "KODE MATERIAL": "MUR",
        "KODE SISTEM STRUKTUR": "LWAL",
        "KODE TIPE ATAP": "RSH2",
        "KODE MATERIAL PENUTUP ATAP": "RMT1",
        "KODE DINDING LUAR": "EWMA",
        "KODE KONDISI VISUAL ": "CV1",
        "JUMLAH LANTAI": "HEX:1",
        "TAKSONOMI": "MUR/LWAL/RSH2/RMT1/EWMA/CV1/HEX:1",
        "KODE SIGKAT": "MUR \\LWAL\\HEX:1",
        "LUAS_M2": 180.019810082,
        "Koefisien": 1.0,
        "Nilai Exposure": 903699446.61164,
        "Klasifikasi Rentang Exposure": "> Rp638.909.581,39 - Rp1.136.724.268,30",
        "koreksi_koordinat": "TIDAK"
      },
      "geometry": {
        "type": "Point",
        "coordinates": [
          105.242293,
          -5.558534
        ]
      }
    },
    {
      "type": "Feature",
      "properties": {
        "Nomor": 360,
        "NO": 360,
        "ID Bangunan": "Blok D (SDI-D123-123)",
        "Blok": "D",
        "Koordinat Latitude (Y)": -5.55848,
        "Koordinat Longitude (X)": 105.242282,
        "Fungsi Bangunan": "Rumah Tinggal",
        "Klasifikasi": "Hunian",
        "Jumlah Lantai": 1,
        "Material Dominan": "Pasang Bata",
        "Sistem Stuktur Tampak": "Dinding Pemikul",
        "Tipe Atap": "Pelana",
        "Material Penutup Atap": "Genteng",
        "Dinding Luar": "Bata Plaster",
        "Kondisi Visual": "Sedang",
        "Kode Material": "MUR (batu bata tanpa tulang)",
        "Kode Sistem Struktur": "LWAL",
        "Tingkat Keyakinan": "Tinggi",
        "Dokumetasi": null,
        "Kode Fungsi": "F01",
        "Klasifikasi Fungsi": "Hunian",
        "KODE MATERIAL": "MUR",
        "KODE SISTEM STRUKTUR": "LWAL",
        "KODE TIPE ATAP": "RSH2",
        "KODE MATERIAL PENUTUP ATAP": "RMT1",
        "KODE DINDING LUAR": "EWMA",
        "KODE KONDISI VISUAL ": "CV2",
        "JUMLAH LANTAI": "HEX:1",
        "TAKSONOMI": "MUR/LWAL/RSH2/RMT1/EWMA/CV2/HEX:1",
        "KODE SIGKAT": "MUR \\LWAL\\HEX:1",
        "LUAS_M2": 180.019810082,
        "Koefisien": 1.0,
        "Nilai Exposure": 903699446.61164,
        "Klasifikasi Rentang Exposure": "> Rp638.909.581,39 - Rp1.136.724.268,30",
        "koreksi_koordinat": "TIDAK"
      },
      "geometry": {
        "type": "Point",
        "coordinates": [
          105.242282,
          -5.55848
        ]
      }
    },
    {
      "type": "Feature",
      "properties": {
        "Nomor": 361,
        "NO": 361,
        "ID Bangunan": "Blok D (SDI-D124-124)",
        "Blok": "D",
        "Koordinat Latitude (Y)": -5.558449,
        "Koordinat Longitude (X)": 105.242282,
        "Fungsi Bangunan": "Rumah Tinggal",
        "Klasifikasi": "Hunian",
        "Jumlah Lantai": 1,
        "Material Dominan": "Pasang Bata",
        "Sistem Stuktur Tampak": "Dinding Pemikul",
        "Tipe Atap": "Pelana",
        "Material Penutup Atap": "Genteng",
        "Dinding Luar": "Bata Plaster",
        "Kondisi Visual": "Rusak Berat",
        "Kode Material": "MUR (batu bata tanpa tulang)",
        "Kode Sistem Struktur": "LWAL",
        "Tingkat Keyakinan": "Tinggi",
        "Dokumetasi": null,
        "Kode Fungsi": "F01",
        "Klasifikasi Fungsi": "Hunian",
        "KODE MATERIAL": "MUR",
        "KODE SISTEM STRUKTUR": "LWAL",
        "KODE TIPE ATAP": "RSH2",
        "KODE MATERIAL PENUTUP ATAP": "RMT1",
        "KODE DINDING LUAR": "EWMA",
        "KODE KONDISI VISUAL ": "CV4",
        "JUMLAH LANTAI": "HEX:1",
        "TAKSONOMI": "MUR/LWAL/RSH2/RMT1/EWMA/CV4/HEX:1",
        "KODE SIGKAT": "MUR \\LWAL\\HEX:1",
        "LUAS_M2": 180.019810082,
        "Koefisien": 1.0,
        "Nilai Exposure": 903699446.61164,
        "Klasifikasi Rentang Exposure": "> Rp638.909.581,39 - Rp1.136.724.268,30",
        "koreksi_koordinat": "TIDAK"
      },
      "geometry": {
        "type": "Point",
        "coordinates": [
          105.242282,
          -5.558449
        ]
      }
    },
    {
      "type": "Feature",
      "properties": {
        "Nomor": 362,
        "NO": 362,
        "ID Bangunan": "Blok D (SDI-D125-125)",
        "Blok": "D",
        "Koordinat Latitude (Y)": -5.558406,
        "Koordinat Longitude (X)": 105.24228600000001,
        "Fungsi Bangunan": "Rumah Tinggal",
        "Klasifikasi": "Hunian",
        "Jumlah Lantai": 1,
        "Material Dominan": "Pasang Bata",
        "Sistem Stuktur Tampak": "Dinding Pemikul",
        "Tipe Atap": "Pelana",
        "Material Penutup Atap": "Genteng",
        "Dinding Luar": "Bata Plaster",
        "Kondisi Visual": "Rusak Ringan",
        "Kode Material": "MUR (batu bata tanpa tulang)",
        "Kode Sistem Struktur": "LWAL",
        "Tingkat Keyakinan": "Tinggi",
        "Dokumetasi": null,
        "Kode Fungsi": "F01",
        "Klasifikasi Fungsi": "Hunian",
        "KODE MATERIAL": "MUR",
        "KODE SISTEM STRUKTUR": "LWAL",
        "KODE TIPE ATAP": "RSH2",
        "KODE MATERIAL PENUTUP ATAP": "RMT1",
        "KODE DINDING LUAR": "EWMA",
        "KODE KONDISI VISUAL ": "CV2",
        "JUMLAH LANTAI": "HEX:1",
        "TAKSONOMI": "MUR/LWAL/RSH2/RMT1/EWMA/CV2/HEX:1",
        "KODE SIGKAT": "MUR \\LWAL\\HEX:1",
        "LUAS_M2": 134.755995489,
        "Koefisien": 1.0,
        "Nilai Exposure": 676475097.35478,
        "Klasifikasi Rentang Exposure": "> Rp638.909.581,39 - Rp1.136.724.268,30",
        "koreksi_koordinat": "TIDAK"
      },
      "geometry": {
        "type": "Point",
        "coordinates": [
          105.24228600000001,
          -5.558406
        ]
      }
    },
    {
      "type": "Feature",
      "properties": {
        "Nomor": 363,
        "NO": 363,
        "ID Bangunan": "Blok D (SDI-D126-126)",
        "Blok": "D",
        "Koordinat Latitude (Y)": -5.558731,
        "Koordinat Longitude (X)": 105.242416,
        "Fungsi Bangunan": "Rumah Tinggal",
        "Klasifikasi": "Hunian",
        "Jumlah Lantai": 1,
        "Material Dominan": "Kayu",
        "Sistem Stuktur Tampak": "Dinding Pemikul",
        "Tipe Atap": "Pelana",
        "Material Penutup Atap": "Seng",
        "Dinding Luar": "Kayu",
        "Kondisi Visual": "Sedang",
        "Kode Material": "W (kayu)",
        "Kode Sistem Struktur": "LWAL",
        "Tingkat Keyakinan": "Tinggi",
        "Dokumetasi": null,
        "Kode Fungsi": "F01",
        "Klasifikasi Fungsi": "Hunian",
        "KODE MATERIAL": "W",
        "KODE SISTEM STRUKTUR": "LWAL",
        "KODE TIPE ATAP": "RSH2",
        "KODE MATERIAL PENUTUP ATAP": "RMT2",
        "KODE DINDING LUAR": "EWW",
        "KODE KONDISI VISUAL ": "CV2",
        "JUMLAH LANTAI": "HEX:1",
        "TAKSONOMI": "W/LWAL/RSH2/RMT2/EWW/CV2/HEX:1",
        "KODE SIGKAT": "W \\LWAL\\HEX:1",
        "LUAS_M2": 118.677635664,
        "Koefisien": 1.0,
        "Nilai Exposure": 595761731.03328,
        "Klasifikasi Rentang Exposure": "Rp14.611.983,05 - Rp638.909.581,39",
        "koreksi_koordinat": "TIDAK"
      },
      "geometry": {
        "type": "Point",
        "coordinates": [
          105.242416,
          -5.558731
        ]
      }
    },
    {
      "type": "Feature",
      "properties": {
        "Nomor": 364,
        "NO": 364,
        "ID Bangunan": "Blok C (SDI-C118-118)",
        "Blok": "C",
        "Koordinat Latitude (Y)": -5.551169,
        "Koordinat Longitude (X)": 105.233382,
        "Fungsi Bangunan": "Rumah Tinggal",
        "Klasifikasi": "Hunian",
        "Jumlah Lantai": 1,
        "Material Dominan": "Pasang Bata",
        "Sistem Stuktur Tampak": "Dinding Pemikul",
        "Tipe Atap": "Limasan",
        "Material Penutup Atap": "Genteng",
        "Dinding Luar": "Bata Plaster",
        "Kondisi Visual": "Baik",
        "Kode Material": "MCF (batu bata bertulang)",
        "Kode Sistem Struktur": "LFINF",
        "Tingkat Keyakinan": "Tinggi",
        "Dokumetasi": null,
        "Kode Fungsi": "F01",
        "Klasifikasi Fungsi": "Hunian",
        "KODE MATERIAL": "MCF",
        "KODE SISTEM STRUKTUR": "LFINF",
        "KODE TIPE ATAP": "RSH3",
        "KODE MATERIAL PENUTUP ATAP": "RMT1",
        "KODE DINDING LUAR": "EWMA",
        "KODE KONDISI VISUAL ": "CV1",
        "JUMLAH LANTAI": "HEX:1",
        "TAKSONOMI": "MCF/LFINF/RSH3/RMT1/EWMA/CV1/HEX:1",
        "KODE SIGKAT": "MCF \\LFINF\\HEX:1",
        "LUAS_M2": 134.755995489,
        "Koefisien": 1.0,
        "Nilai Exposure": 676475097.35478,
        "Klasifikasi Rentang Exposure": "> Rp638.909.581,39 - Rp1.136.724.268,30",
        "koreksi_koordinat": "TIDAK"
      },
      "geometry": {
        "type": "Point",
        "coordinates": [
          105.233382,
          -5.551169
        ]
      }
    },
    {
      "type": "Feature",
      "properties": {
        "Nomor": 365,
        "NO": 365,
        "ID Bangunan": "Blok D (SDI-D127-127)",
        "Blok": "D",
        "Koordinat Latitude (Y)": -5.558719,
        "Koordinat Longitude (X)": 105.242406,
        "Fungsi Bangunan": "Rumah Tinggal",
        "Klasifikasi": "Hunian",
        "Jumlah Lantai": 1,
        "Material Dominan": "Pasang Bata",
        "Sistem Stuktur Tampak": "Dinding Pemikul",
        "Tipe Atap": "Limasan",
        "Material Penutup Atap": "Genteng",
        "Dinding Luar": "Bata Ekspos",
        "Kondisi Visual": "Sedang",
        "Kode Material": "MUR (batu bata tanpa tulang)",
        "Kode Sistem Struktur": "LWAL",
        "Tingkat Keyakinan": "Tinggi",
        "Dokumetasi": null,
        "Kode Fungsi": "F01",
        "Klasifikasi Fungsi": "Hunian",
        "KODE MATERIAL": "MUR",
        "KODE SISTEM STRUKTUR": "LWAL",
        "KODE TIPE ATAP": "RSH3",
        "KODE MATERIAL PENUTUP ATAP": "RMT1",
        "KODE DINDING LUAR": "EWMA",
        "KODE KONDISI VISUAL ": "CV2",
        "JUMLAH LANTAI": "HEX:1",
        "TAKSONOMI": "MUR/LWAL/RSH3/RMT1/EWMA/CV2/HEX:1",
        "KODE SIGKAT": "MUR \\LWAL\\HEX:1",
        "LUAS_M2": 347.385024845,
        "Koefisien": 1.0,
        "Nilai Exposure": 1743872824.7219,
        "Klasifikasi Rentang Exposure": "> Rp1.136.724.268,30 - Rp1.856.590.180,23",
        "koreksi_koordinat": "TIDAK"
      },
      "geometry": {
        "type": "Point",
        "coordinates": [
          105.242406,
          -5.558719
        ]
      }
    },
    {
      "type": "Feature",
      "properties": {
        "Nomor": 366,
        "NO": 366,
        "ID Bangunan": "Blok C (SDI-C119-119)",
        "Blok": "C",
        "Koordinat Latitude (Y)": -5.550741,
        "Koordinat Longitude (X)": 105.233492,
        "Fungsi Bangunan": "Rumah Tinggal",
        "Klasifikasi": "Hunian",
        "Jumlah Lantai": 1,
        "Material Dominan": "Pasang Bata",
        "Sistem Stuktur Tampak": "Dinding Pemikul",
        "Tipe Atap": "Pelana",
        "Material Penutup Atap": "Genteng",
        "Dinding Luar": "Bata Ekspos",
        "Kondisi Visual": "Baik",
        "Kode Material": "MUR (batu bata tanpa tulang)",
        "Kode Sistem Struktur": "LWAL",
        "Tingkat Keyakinan": "Tinggi",
        "Dokumetasi": null,
        "Kode Fungsi": "F01",
        "Klasifikasi Fungsi": "Hunian",
        "KODE MATERIAL": "MUR",
        "KODE SISTEM STRUKTUR": "LWAL",
        "KODE TIPE ATAP": "RSH2",
        "KODE MATERIAL PENUTUP ATAP": "RMT1",
        "KODE DINDING LUAR": "EWMA",
        "KODE KONDISI VISUAL ": "CV1",
        "JUMLAH LANTAI": "HEX:1",
        "TAKSONOMI": "MUR/LWAL/RSH2/RMT1/EWMA/CV1/HEX:1",
        "KODE SIGKAT": "MUR \\LWAL\\HEX:1",
        "LUAS_M2": 57.4958594276,
        "Koefisien": 1.0,
        "Nilai Exposure": 288629214.32655203,
        "Klasifikasi Rentang Exposure": "Rp14.611.983,05 - Rp638.909.581,39",
        "koreksi_koordinat": "TIDAK"
      },
      "geometry": {
        "type": "Point",
        "coordinates": [
          105.233492,
          -5.550741
        ]
      }
    },
    {
      "type": "Feature",
      "properties": {
        "Nomor": 367,
        "NO": 367,
        "ID Bangunan": "Blok D (SDI-D128-128)",
        "Blok": "D",
        "Koordinat Latitude (Y)": -5.558644,
        "Koordinat Longitude (X)": 105.242363,
        "Fungsi Bangunan": "Rumah Tinggal",
        "Klasifikasi": "Hunian",
        "Jumlah Lantai": 1,
        "Material Dominan": "Kayu",
        "Sistem Stuktur Tampak": "Rangka Kayu",
        "Tipe Atap": "Pelana",
        "Material Penutup Atap": "Seng",
        "Dinding Luar": "Kayu",
        "Kondisi Visual": "Rusak Ringan",
        "Kode Material": "W (kayu)",
        "Kode Sistem Struktur": "LPB",
        "Tingkat Keyakinan": "Tinggi",
        "Dokumetasi": null,
        "Kode Fungsi": "F01",
        "Klasifikasi Fungsi": "Hunian",
        "KODE MATERIAL": "W",
        "KODE SISTEM STRUKTUR": "LPB",
        "KODE TIPE ATAP": "RSH2",
        "KODE MATERIAL PENUTUP ATAP": "RMT2",
        "KODE DINDING LUAR": "EWW",
        "KODE KONDISI VISUAL ": "CV2",
        "JUMLAH LANTAI": "HEX:1",
        "TAKSONOMI": "W/LPB/RSH2/RMT2/EWW/CV2/HEX:1",
        "KODE SIGKAT": "W \\LPB\\HEX:1",
        "LUAS_M2": 45.165068189,
        "Koefisien": 1.0,
        "Nilai Exposure": 226728642.30878,
        "Klasifikasi Rentang Exposure": "Rp14.611.983,05 - Rp638.909.581,39",
        "koreksi_koordinat": "TIDAK"
      },
      "geometry": {
        "type": "Point",
        "coordinates": [
          105.242363,
          -5.558644
        ]
      }
    },
    {
      "type": "Feature",
      "properties": {
        "Nomor": 368,
        "NO": 368,
        "ID Bangunan": "Blok D (SDI-D129-129)",
        "Blok": "D",
        "Koordinat Latitude (Y)": -5.558569,
        "Koordinat Longitude (X)": 105.242292,
        "Fungsi Bangunan": "Rumah Tinggal",
        "Klasifikasi": "Hunian",
        "Jumlah Lantai": 1,
        "Material Dominan": "Pasang Bata",
        "Sistem Stuktur Tampak": "Dinding Pemikul",
        "Tipe Atap": "Pelana",
        "Material Penutup Atap": "Genteng",
        "Dinding Luar": "Bata Plaster",
        "Kondisi Visual": "Baik",
        "Kode Material": "MUR (batu bata tanpa tulang)",
        "Kode Sistem Struktur": "LWAL",
        "Tingkat Keyakinan": "Tinggi",
        "Dokumetasi": null,
        "Kode Fungsi": "F01",
        "Klasifikasi Fungsi": "Hunian",
        "KODE MATERIAL": "MUR",
        "KODE SISTEM STRUKTUR": "LWAL",
        "KODE TIPE ATAP": "RSH2",
        "KODE MATERIAL PENUTUP ATAP": "RMT1",
        "KODE DINDING LUAR": "EWMA",
        "KODE KONDISI VISUAL ": "CV1",
        "JUMLAH LANTAI": "HEX:1",
        "TAKSONOMI": "MUR/LWAL/RSH2/RMT1/EWMA/CV1/HEX:1",
        "KODE SIGKAT": "MUR \\LWAL\\HEX:1",
        "LUAS_M2": 139.155240663,
        "Koefisien": 1.0,
        "Nilai Exposure": 698559308.12826,
        "Klasifikasi Rentang Exposure": "> Rp638.909.581,39 - Rp1.136.724.268,30",
        "koreksi_koordinat": "TIDAK"
      },
      "geometry": {
        "type": "Point",
        "coordinates": [
          105.242292,
          -5.558569
        ]
      }
    },
    {
      "type": "Feature",
      "properties": {
        "Nomor": 369,
        "NO": 369,
        "ID Bangunan": "Blok C (SDI-C120-120)",
        "Blok": "C",
        "Koordinat Latitude (Y)": -5.551947,
        "Koordinat Longitude (X)": 105.231432,
        "Fungsi Bangunan": "Rumah Tinggal",
        "Klasifikasi": "Hunian",
        "Jumlah Lantai": 1,
        "Material Dominan": "Pasang Bata",
        "Sistem Stuktur Tampak": "Dinding Pemikul",
        "Tipe Atap": "Pelana",
        "Material Penutup Atap": "Genteng",
        "Dinding Luar": "Bata Ekspos",
        "Kondisi Visual": "Rusak Ringan",
        "Kode Material": "MUR (batu bata tanpa tulang)",
        "Kode Sistem Struktur": "LWAL",
        "Tingkat Keyakinan": "Tinggi",
        "Dokumetasi": null,
        "Kode Fungsi": "F01",
        "Klasifikasi Fungsi": "Hunian",
        "KODE MATERIAL": "MUR",
        "KODE SISTEM STRUKTUR": "LWAL",
        "KODE TIPE ATAP": "RSH2",
        "KODE MATERIAL PENUTUP ATAP": "RMT1",
        "KODE DINDING LUAR": "EWMA",
        "KODE KONDISI VISUAL ": "CV2",
        "JUMLAH LANTAI": "HEX:1",
        "TAKSONOMI": "MUR/LWAL/RSH2/RMT1/EWMA/CV2/HEX:1",
        "KODE SIGKAT": "MUR \\LWAL\\HEX:1",
        "LUAS_M2": 166.087495656,
        "Koefisien": 1.0,
        "Nilai Exposure": 833759228.1931199,
        "Klasifikasi Rentang Exposure": "> Rp638.909.581,39 - Rp1.136.724.268,30",
        "koreksi_koordinat": "TIDAK"
      },
      "geometry": {
        "type": "Point",
        "coordinates": [
          105.231432,
          -5.551947
        ]
      }
    },
    {
      "type": "Feature",
      "properties": {
        "Nomor": 370,
        "NO": 370,
        "ID Bangunan": "Blok D (SDI-D130-130)",
        "Blok": "D",
        "Koordinat Latitude (Y)": -5.558884,
        "Koordinat Longitude (X)": 105.242163,
        "Fungsi Bangunan": "Rumah Tinggal",
        "Klasifikasi": "Hunian",
        "Jumlah Lantai": 1,
        "Material Dominan": "Pasang Bata",
        "Sistem Stuktur Tampak": "Dinding Pemikul",
        "Tipe Atap": "Pelana",
        "Material Penutup Atap": "Genteng",
        "Dinding Luar": "Bata Plaster",
        "Kondisi Visual": "Sedang",
        "Kode Material": "MUR (batu bata tanpa tulang)",
        "Kode Sistem Struktur": "LWAL",
        "Tingkat Keyakinan": "Tinggi",
        "Dokumetasi": null,
        "Kode Fungsi": "F01",
        "Klasifikasi Fungsi": "Hunian",
        "KODE MATERIAL": "MUR",
        "KODE SISTEM STRUKTUR": "LWAL",
        "KODE TIPE ATAP": "RSH2",
        "KODE MATERIAL PENUTUP ATAP": "RMT1",
        "KODE DINDING LUAR": "EWMA",
        "KODE KONDISI VISUAL ": "CV2",
        "JUMLAH LANTAI": "HEX:1",
        "TAKSONOMI": "MUR/LWAL/RSH2/RMT1/EWMA/CV2/HEX:1",
        "KODE SIGKAT": "MUR \\LWAL\\HEX:1",
        "LUAS_M2": 427.278668718,
        "Koefisien": 1.0,
        "Nilai Exposure": 2144938916.96436,
        "Klasifikasi Rentang Exposure": "> Rp1.856.590.180,23 - < Rp11.941.713.042,64",
        "koreksi_koordinat": "TIDAK"
      },
      "geometry": {
        "type": "Point",
        "coordinates": [
          105.242163,
          -5.558884
        ]
      }
    },
    {
      "type": "Feature",
      "properties": {
        "Nomor": 371,
        "NO": 371,
        "ID Bangunan": "Blok C (SDI-C121-121)",
        "Blok": "C",
        "Koordinat Latitude (Y)": -5.551837,
        "Koordinat Longitude (X)": 105.231726,
        "Fungsi Bangunan": "Rumah Tinggal",
        "Klasifikasi": "Hunian",
        "Jumlah Lantai": 1,
        "Material Dominan": "Kayu",
        "Sistem Stuktur Tampak": "Rangka Kayu",
        "Tipe Atap": "Pelana",
        "Material Penutup Atap": "Seng",
        "Dinding Luar": "Kayu",
        "Kondisi Visual": "Baik",
        "Kode Material": "W (kayu)",
        "Kode Sistem Struktur": "LPB",
        "Tingkat Keyakinan": "Tinggi",
        "Dokumetasi": null,
        "Kode Fungsi": "F01",
        "Klasifikasi Fungsi": "Hunian",
        "KODE MATERIAL": "W",
        "KODE SISTEM STRUKTUR": "LPB",
        "KODE TIPE ATAP": "RSH2",
        "KODE MATERIAL PENUTUP ATAP": "RMT2",
        "KODE DINDING LUAR": "EWW",
        "KODE KONDISI VISUAL ": "CV1",
        "JUMLAH LANTAI": "HEX:1",
        "TAKSONOMI": "W/LPB/RSH2/RMT2/EWW/CV1/HEX:1",
        "KODE SIGKAT": "W \\LPB\\HEX:1",
        "LUAS_M2": 90.3919948763,
        "Koefisien": 1.0,
        "Nilai Exposure": 453767814.27902603,
        "Klasifikasi Rentang Exposure": "Rp14.611.983,05 - Rp638.909.581,39",
        "koreksi_koordinat": "TIDAK"
      },
      "geometry": {
        "type": "Point",
        "coordinates": [
          105.231726,
          -5.551837
        ]
      }
    },
    {
      "type": "Feature",
      "properties": {
        "Nomor": 372,
        "NO": 372,
        "ID Bangunan": "Blok D (SDI-D131-131)",
        "Blok": "D",
        "Koordinat Latitude (Y)": -5.558873,
        "Koordinat Longitude (X)": 105.242214,
        "Fungsi Bangunan": "Rumah Tinggal",
        "Klasifikasi": "Hunian",
        "Jumlah Lantai": 1,
        "Material Dominan": "Pasang Bata",
        "Sistem Stuktur Tampak": "Dinding Pemikul",
        "Tipe Atap": "Pelana",
        "Material Penutup Atap": "Genteng",
        "Dinding Luar": "Bata Plaster",
        "Kondisi Visual": "Baik",
        "Kode Material": "MUR (batu bata tanpa tulang)",
        "Kode Sistem Struktur": "LWAL",
        "Tingkat Keyakinan": "Tinggi",
        "Dokumetasi": null,
        "Kode Fungsi": "F01",
        "Klasifikasi Fungsi": "Hunian",
        "KODE MATERIAL": "MUR",
        "KODE SISTEM STRUKTUR": "LWAL",
        "KODE TIPE ATAP": "RSH2",
        "KODE MATERIAL PENUTUP ATAP": "RMT1",
        "KODE DINDING LUAR": "EWMA",
        "KODE KONDISI VISUAL ": "CV1",
        "JUMLAH LANTAI": "HEX:1",
        "TAKSONOMI": "MUR/LWAL/RSH2/RMT1/EWMA/CV1/HEX:1",
        "KODE SIGKAT": "MUR \\LWAL\\HEX:1",
        "LUAS_M2": 427.278668718,
        "Koefisien": 1.0,
        "Nilai Exposure": 2144938916.96436,
        "Klasifikasi Rentang Exposure": "> Rp1.856.590.180,23 - < Rp11.941.713.042,64",
        "koreksi_koordinat": "TIDAK"
      },
      "geometry": {
        "type": "Point",
        "coordinates": [
          105.242214,
          -5.558873
        ]
      }
    },
    {
      "type": "Feature",
      "properties": {
        "Nomor": 373,
        "NO": 373,
        "ID Bangunan": "Blok C (SDI-C122-122)",
        "Blok": "C",
        "Koordinat Latitude (Y)": -5.55197,
        "Koordinat Longitude (X)": 105.231854,
        "Fungsi Bangunan": "Rumah Tinggal",
        "Klasifikasi": "Hunian",
        "Jumlah Lantai": 1,
        "Material Dominan": "Beton Bertulang",
        "Sistem Stuktur Tampak": "Rangka Beton Bertulang",
        "Tipe Atap": "Limasan",
        "Material Penutup Atap": "Genteng",
        "Dinding Luar": "Bata Plaster",
        "Kondisi Visual": "Baik",
        "Kode Material": "MCF (batu bata bertulang)",
        "Kode Sistem Struktur": "LFINF",
        "Tingkat Keyakinan": "Tinggi",
        "Dokumetasi": null,
        "Kode Fungsi": "F01",
        "Klasifikasi Fungsi": "Hunian",
        "KODE MATERIAL": "MCF",
        "KODE SISTEM STRUKTUR": "LFINF",
        "KODE TIPE ATAP": "RSH3",
        "KODE MATERIAL PENUTUP ATAP": "RMT1",
        "KODE DINDING LUAR": "EWMA",
        "KODE KONDISI VISUAL ": "CV1",
        "JUMLAH LANTAI": "HEX:1",
        "TAKSONOMI": "MCF/LFINF/RSH3/RMT1/EWMA/CV1/HEX:1",
        "KODE SIGKAT": "MCF \\LFINF\\HEX:1",
        "LUAS_M2": 54.2064592933,
        "Koefisien": 1.0,
        "Nilai Exposure": 272116425.652366,
        "Klasifikasi Rentang Exposure": "Rp14.611.983,05 - Rp638.909.581,39",
        "koreksi_koordinat": "TIDAK"
      },
      "geometry": {
        "type": "Point",
        "coordinates": [
          105.231854,
          -5.55197
        ]
      }
    },
    {
      "type": "Feature",
      "properties": {
        "Nomor": 374,
        "NO": 374,
        "ID Bangunan": "Blok D (SDI-D132-132)",
        "Blok": "D",
        "Koordinat Latitude (Y)": -5.558812,
        "Koordinat Longitude (X)": 105.242265,
        "Fungsi Bangunan": "Rumah Tinggal",
        "Klasifikasi": "Hunian",
        "Jumlah Lantai": 1,
        "Material Dominan": "Pasang Bata",
        "Sistem Stuktur Tampak": "Dinding Pemikul",
        "Tipe Atap": "Pelana",
        "Material Penutup Atap": "Genteng",
        "Dinding Luar": "Bata Plaster",
        "Kondisi Visual": "Sedang",
        "Kode Material": "MUR (batu bata tanpa tulang)",
        "Kode Sistem Struktur": "LWAL",
        "Tingkat Keyakinan": "Tinggi",
        "Dokumetasi": null,
        "Kode Fungsi": "F01",
        "Klasifikasi Fungsi": "Hunian",
        "KODE MATERIAL": "MUR",
        "KODE SISTEM STRUKTUR": "LWAL",
        "KODE TIPE ATAP": "RSH2",
        "KODE MATERIAL PENUTUP ATAP": "RMT1",
        "KODE DINDING LUAR": "EWMA",
        "KODE KONDISI VISUAL ": "CV2",
        "JUMLAH LANTAI": "HEX:1",
        "TAKSONOMI": "MUR/LWAL/RSH2/RMT1/EWMA/CV2/HEX:1",
        "KODE SIGKAT": "MUR \\LWAL\\HEX:1",
        "LUAS_M2": 217.589377118,
        "Koefisien": 1.0,
        "Nilai Exposure": 1092298673.13236,
        "Klasifikasi Rentang Exposure": "> Rp638.909.581,39 - Rp1.136.724.268,30",
        "koreksi_koordinat": "TIDAK"
      },
      "geometry": {
        "type": "Point",
        "coordinates": [
          105.242265,
          -5.558812
        ]
      }
    },
    {
      "type": "Feature",
      "properties": {
        "Nomor": 375,
        "NO": 375,
        "ID Bangunan": "Blok C (SDI-C123-123)",
        "Blok": "C",
        "Koordinat Latitude (Y)": -5.552297,
        "Koordinat Longitude (X)": 105.231607,
        "Fungsi Bangunan": "Rumah Tinggal",
        "Klasifikasi": "Hunian",
        "Jumlah Lantai": 1,
        "Material Dominan": "Beton Bertulang",
        "Sistem Stuktur Tampak": "Rangka Beton Bertulang",
        "Tipe Atap": "Limasan",
        "Material Penutup Atap": "Genteng",
        "Dinding Luar": "Bata Plaster",
        "Kondisi Visual": "Baik",
        "Kode Material": "MCF (batu bata bertulang)",
        "Kode Sistem Struktur": "LFINF",
        "Tingkat Keyakinan": "Tinggi",
        "Dokumetasi": null,
        "Kode Fungsi": "F01",
        "Klasifikasi Fungsi": "Hunian",
        "KODE MATERIAL": "MCF",
        "KODE SISTEM STRUKTUR": "LFINF",
        "KODE TIPE ATAP": "RSH3",
        "KODE MATERIAL PENUTUP ATAP": "RMT1",
        "KODE DINDING LUAR": "EWMA",
        "KODE KONDISI VISUAL ": "CV1",
        "JUMLAH LANTAI": "HEX:1",
        "TAKSONOMI": "MCF/LFINF/RSH3/RMT1/EWMA/CV1/HEX:1",
        "KODE SIGKAT": "MCF \\LFINF\\HEX:1",
        "LUAS_M2": 552.210580093,
        "Koefisien": 1.0,
        "Nilai Exposure": 2772097112.0668597,
        "Klasifikasi Rentang Exposure": "> Rp1.856.590.180,23 - < Rp11.941.713.042,64",
        "koreksi_koordinat": "TIDAK"
      },
      "geometry": {
        "type": "Point",
        "coordinates": [
          105.231607,
          -5.552297
        ]
      }
    },
    {
      "type": "Feature",
      "properties": {
        "Nomor": 376,
        "NO": 376,
        "ID Bangunan": "Blok C (SDI-C124-124)",
        "Blok": "C",
        "Koordinat Latitude (Y)": -5.552421,
        "Koordinat Longitude (X)": 105.231708,
        "Fungsi Bangunan": "Rumah Tinggal",
        "Klasifikasi": "Hunian",
        "Jumlah Lantai": 1,
        "Material Dominan": "Pasang Bata",
        "Sistem Stuktur Tampak": "Dinding Pemikul",
        "Tipe Atap": "Pelana",
        "Material Penutup Atap": "Genteng",
        "Dinding Luar": "Bata Plaster",
        "Kondisi Visual": "Baik",
        "Kode Material": "MUR (batu bata tanpa tulang)",
        "Kode Sistem Struktur": "LWAL",
        "Tingkat Keyakinan": "Tinggi",
        "Dokumetasi": null,
        "Kode Fungsi": "F01",
        "Klasifikasi Fungsi": "Hunian",
        "KODE MATERIAL": "MUR",
        "KODE SISTEM STRUKTUR": "LWAL",
        "KODE TIPE ATAP": "RSH2",
        "KODE MATERIAL PENUTUP ATAP": "RMT1",
        "KODE DINDING LUAR": "EWMA",
        "KODE KONDISI VISUAL ": "CV1",
        "JUMLAH LANTAI": "HEX:1",
        "TAKSONOMI": "MUR/LWAL/RSH2/RMT1/EWMA/CV1/HEX:1",
        "KODE SIGKAT": "MUR \\LWAL\\HEX:1",
        "LUAS_M2": 213.155522733,
        "Koefisien": 1.0,
        "Nilai Exposure": 1070040724.11966,
        "Klasifikasi Rentang Exposure": "> Rp638.909.581,39 - Rp1.136.724.268,30",
        "koreksi_koordinat": "TIDAK"
      },
      "geometry": {
        "type": "Point",
        "coordinates": [
          105.231708,
          -5.552421
        ]
      }
    },
    {
      "type": "Feature",
      "properties": {
        "Nomor": 377,
        "NO": 377,
        "ID Bangunan": "Blok D (SDI-D134-134)",
        "Blok": "D",
        "Koordinat Latitude (Y)": -5.559258,
        "Koordinat Longitude (X)": 105.242172,
        "Fungsi Bangunan": "Rumah Tinggal",
        "Klasifikasi": "Hunian",
        "Jumlah Lantai": 1,
        "Material Dominan": "Pasang Bata",
        "Sistem Stuktur Tampak": "Dinding Pemikul",
        "Tipe Atap": "Pelana",
        "Material Penutup Atap": "Genteng",
        "Dinding Luar": "Bata Plaster",
        "Kondisi Visual": "Baik",
        "Kode Material": "MUR (batu bata tanpa tulang)",
        "Kode Sistem Struktur": "LWAL",
        "Tingkat Keyakinan": "Tinggi",
        "Dokumetasi": null,
        "Kode Fungsi": "F01",
        "Klasifikasi Fungsi": "Hunian",
        "KODE MATERIAL": "MUR",
        "KODE SISTEM STRUKTUR": "LWAL",
        "KODE TIPE ATAP": "RSH2",
        "KODE MATERIAL PENUTUP ATAP": "RMT1",
        "KODE DINDING LUAR": "EWMA",
        "KODE KONDISI VISUAL ": "CV1",
        "JUMLAH LANTAI": "HEX:1",
        "TAKSONOMI": "MUR/LWAL/RSH2/RMT1/EWMA/CV1/HEX:1",
        "KODE SIGKAT": "MUR \\LWAL\\HEX:1",
        "LUAS_M2": 552.210580093,
        "Koefisien": 1.0,
        "Nilai Exposure": 2772097112.0668597,
        "Klasifikasi Rentang Exposure": "> Rp1.856.590.180,23 - < Rp11.941.713.042,64",
        "koreksi_koordinat": "TIDAK"
      },
      "geometry": {
        "type": "Point",
        "coordinates": [
          105.242172,
          -5.559258
        ]
      }
    },
    {
      "type": "Feature",
      "properties": {
        "Nomor": 378,
        "NO": 378,
        "ID Bangunan": "Blok C (SDI-C125-125)",
        "Blok": "C",
        "Koordinat Latitude (Y)": -5.552572,
        "Koordinat Longitude (X)": 105.231754,
        "Fungsi Bangunan": "Rumah Tinggal",
        "Klasifikasi": "Hunian",
        "Jumlah Lantai": 1,
        "Material Dominan": "Beton Bertulang",
        "Sistem Stuktur Tampak": "Rangka Beton Bertulang",
        "Tipe Atap": "Limasan",
        "Material Penutup Atap": "Genteng",
        "Dinding Luar": "Bata Plaster",
        "Kondisi Visual": "Baik",
        "Kode Material": "MCF (batu bata bertulang)",
        "Kode Sistem Struktur": "LFINF",
        "Tingkat Keyakinan": "Tinggi",
        "Dokumetasi": null,
        "Kode Fungsi": "F01",
        "Klasifikasi Fungsi": "Hunian",
        "KODE MATERIAL": "MCF",
        "KODE SISTEM STRUKTUR": "LFINF",
        "KODE TIPE ATAP": "RSH3",
        "KODE MATERIAL PENUTUP ATAP": "RMT1",
        "KODE DINDING LUAR": "EWMA",
        "KODE KONDISI VISUAL ": "CV1",
        "JUMLAH LANTAI": "HEX:1",
        "TAKSONOMI": "MCF/LFINF/RSH3/RMT1/EWMA/CV1/HEX:1",
        "KODE SIGKAT": "MCF \\LFINF\\HEX:1",
        "LUAS_M2": 166.087495656,
        "Koefisien": 1.0,
        "Nilai Exposure": 833759228.1931199,
        "Klasifikasi Rentang Exposure": "> Rp638.909.581,39 - Rp1.136.724.268,30",
        "koreksi_koordinat": "TIDAK"
      },
      "geometry": {
        "type": "Point",
        "coordinates": [
          105.231754,
          -5.552572
        ]
      }
    },
    {
      "type": "Feature",
      "properties": {
        "Nomor": 379,
        "NO": 379,
        "ID Bangunan": "Blok D (SDI-D135-135)",
        "Blok": "D",
        "Koordinat Latitude (Y)": -5.559005,
        "Koordinat Longitude (X)": 105.242098,
        "Fungsi Bangunan": "Rumah Tinggal",
        "Klasifikasi": "Hunian",
        "Jumlah Lantai": 1,
        "Material Dominan": "Pasang Bata",
        "Sistem Stuktur Tampak": "Dinding Pemikul",
        "Tipe Atap": "Pelana",
        "Material Penutup Atap": "Seng",
        "Dinding Luar": "Bata Plaster",
        "Kondisi Visual": "Sedang",
        "Kode Material": "MUR (batu bata tanpa tulang)",
        "Kode Sistem Struktur": "LWAL",
        "Tingkat Keyakinan": "Tinggi",
        "Dokumetasi": null,
        "Kode Fungsi": "F01",
        "Klasifikasi Fungsi": "Hunian",
        "KODE MATERIAL": "MUR",
        "KODE SISTEM STRUKTUR": "LWAL",
        "KODE TIPE ATAP": "RSH2",
        "KODE MATERIAL PENUTUP ATAP": "RMT2",
        "KODE DINDING LUAR": "EWMA",
        "KODE KONDISI VISUAL ": "CV2",
        "JUMLAH LANTAI": "HEX:1",
        "TAKSONOMI": "MUR/LWAL/RSH2/RMT2/EWMA/CV2/HEX:1",
        "KODE SIGKAT": "MUR \\LWAL\\HEX:1",
        "LUAS_M2": 166.087495656,
        "Koefisien": 1.0,
        "Nilai Exposure": 833759228.1931199,
        "Klasifikasi Rentang Exposure": "> Rp638.909.581,39 - Rp1.136.724.268,30",
        "koreksi_koordinat": "TIDAK"
      },
      "geometry": {
        "type": "Point",
        "coordinates": [
          105.242098,
          -5.559005
        ]
      }
    },
    {
      "type": "Feature",
      "properties": {
        "Nomor": 380,
        "NO": 380,
        "ID Bangunan": "Blok D (SDI-D136-136)",
        "Blok": "D",
        "Koordinat Latitude (Y)": -5.55891,
        "Koordinat Longitude (X)": 105.242107,
        "Fungsi Bangunan": "Rumah Tinggal",
        "Klasifikasi": "Hunian",
        "Jumlah Lantai": 1,
        "Material Dominan": "Pasang Bata",
        "Sistem Stuktur Tampak": "Dinding Pemikul",
        "Tipe Atap": "Pelana",
        "Material Penutup Atap": "Genteng",
        "Dinding Luar": "Bata Plaster",
        "Kondisi Visual": "Baik",
        "Kode Material": "MUR (batu bata tanpa tulang)",
        "Kode Sistem Struktur": "LWAL",
        "Tingkat Keyakinan": "Tinggi",
        "Dokumetasi": null,
        "Kode Fungsi": "F01",
        "Klasifikasi Fungsi": "Hunian",
        "KODE MATERIAL": "MUR",
        "KODE SISTEM STRUKTUR": "LWAL",
        "KODE TIPE ATAP": "RSH2",
        "KODE MATERIAL PENUTUP ATAP": "RMT1",
        "KODE DINDING LUAR": "EWMA",
        "KODE KONDISI VISUAL ": "CV1",
        "JUMLAH LANTAI": "HEX:1",
        "TAKSONOMI": "MUR/LWAL/RSH2/RMT1/EWMA/CV1/HEX:1",
        "KODE SIGKAT": "MUR \\LWAL\\HEX:1",
        "LUAS_M2": 119.468914895,
        "Koefisien": 1.0,
        "Nilai Exposure": 599733952.7729,
        "Klasifikasi Rentang Exposure": "Rp14.611.983,05 - Rp638.909.581,39",
        "koreksi_koordinat": "TIDAK"
      },
      "geometry": {
        "type": "Point",
        "coordinates": [
          105.242107,
          -5.55891
        ]
      }
    },
    {
      "type": "Feature",
      "properties": {
        "Nomor": 381,
        "NO": 381,
        "ID Bangunan": "Blok C (SDI-C126-126)",
        "Blok": "C",
        "Koordinat Latitude (Y)": -5.552499,
        "Koordinat Longitude (X)": 105.232203,
        "Fungsi Bangunan": "Rumah Tinggal",
        "Klasifikasi": "Hunian",
        "Jumlah Lantai": 1,
        "Material Dominan": "Beton Bertulang",
        "Sistem Stuktur Tampak": "Rangka Beton Bertulang",
        "Tipe Atap": "Limasan",
        "Material Penutup Atap": "Genteng",
        "Dinding Luar": "Bata Plaster",
        "Kondisi Visual": "Baik",
        "Kode Material": "MCF (batu bata bertulang)",
        "Kode Sistem Struktur": "LFINF",
        "Tingkat Keyakinan": "Tinggi",
        "Dokumetasi": null,
        "Kode Fungsi": "F01",
        "Klasifikasi Fungsi": "Hunian",
        "KODE MATERIAL": "MCF",
        "KODE SISTEM STRUKTUR": "LFINF",
        "KODE TIPE ATAP": "RSH3",
        "KODE MATERIAL PENUTUP ATAP": "RMT1",
        "KODE DINDING LUAR": "EWMA",
        "KODE KONDISI VISUAL ": "CV1",
        "JUMLAH LANTAI": "HEX:1",
        "TAKSONOMI": "MCF/LFINF/RSH3/RMT1/EWMA/CV1/HEX:1",
        "KODE SIGKAT": "MCF \\LFINF\\HEX:1",
        "LUAS_M2": 166.087495656,
        "Koefisien": 1.0,
        "Nilai Exposure": 833759228.1931199,
        "Klasifikasi Rentang Exposure": "> Rp638.909.581,39 - Rp1.136.724.268,30",
        "koreksi_koordinat": "TIDAK"
      },
      "geometry": {
        "type": "Point",
        "coordinates": [
          105.232203,
          -5.552499
        ]
      }
    },
    {
      "type": "Feature",
      "properties": {
        "Nomor": 382,
        "NO": 382,
        "ID Bangunan": "Blok D (SDI-D137-137)",
        "Blok": "D",
        "Koordinat Latitude (Y)": -5.558904,
        "Koordinat Longitude (X)": 105.242124,
        "Fungsi Bangunan": "Rumah Tinggal",
        "Klasifikasi": "Hunian",
        "Jumlah Lantai": 1,
        "Material Dominan": "Pasang Bata",
        "Sistem Stuktur Tampak": "Dinding Pemikul",
        "Tipe Atap": "Pelana",
        "Material Penutup Atap": "Asbes",
        "Dinding Luar": "Bata Plaster",
        "Kondisi Visual": "Sedang",
        "Kode Material": "MUR (batu bata tanpa tulang)",
        "Kode Sistem Struktur": "LWAL",
        "Tingkat Keyakinan": "Tinggi",
        "Dokumetasi": null,
        "Kode Fungsi": "F01",
        "Klasifikasi Fungsi": "Hunian",
        "KODE MATERIAL": "MUR",
        "KODE SISTEM STRUKTUR": "LWAL",
        "KODE TIPE ATAP": "RSH2",
        "KODE MATERIAL PENUTUP ATAP": "RMT6",
        "KODE DINDING LUAR": "EWMA",
        "KODE KONDISI VISUAL ": "CV2",
        "JUMLAH LANTAI": "HEX:1",
        "TAKSONOMI": "MUR/LWAL/RSH2/RMT6/EWMA/CV2/HEX:1",
        "KODE SIGKAT": "MUR \\LWAL\\HEX:1",
        "LUAS_M2": 145.037899725,
        "Koefisien": 1.0,
        "Nilai Exposure": 728090256.6194999,
        "Klasifikasi Rentang Exposure": "> Rp638.909.581,39 - Rp1.136.724.268,30",
        "koreksi_koordinat": "TIDAK"
      },
      "geometry": {
        "type": "Point",
        "coordinates": [
          105.242124,
          -5.558904
        ]
      }
    },
    {
      "type": "Feature",
      "properties": {
        "Nomor": 383,
        "NO": 383,
        "ID Bangunan": "Blok D (SDI-D139-139)",
        "Blok": "D",
        "Koordinat Latitude (Y)": -5.554301,
        "Koordinat Longitude (X)": 105.240688,
        "Fungsi Bangunan": "Rumah Tinggal",
        "Klasifikasi": "Hunian",
        "Jumlah Lantai": 1,
        "Material Dominan": "Pasang Bata",
        "Sistem Stuktur Tampak": "Rangka Beton Bertulang",
        "Tipe Atap": "Pelana",
        "Material Penutup Atap": "Genteng",
        "Dinding Luar": "Bata Plaster",
        "Kondisi Visual": "Sedang",
        "Kode Material": "MUR (batu bata tanpa tulang)",
        "Kode Sistem Struktur": "LWAL",
        "Tingkat Keyakinan": "Tinggi",
        "Dokumetasi": null,
        "Kode Fungsi": "F01",
        "Klasifikasi Fungsi": "Hunian",
        "KODE MATERIAL": "MUR",
        "KODE SISTEM STRUKTUR": "LWAL",
        "KODE TIPE ATAP": "RSH2",
        "KODE MATERIAL PENUTUP ATAP": "RMT1",
        "KODE DINDING LUAR": "EWMA",
        "KODE KONDISI VISUAL ": "CV2",
        "JUMLAH LANTAI": "HEX:1",
        "TAKSONOMI": "MUR/LWAL/RSH2/RMT1/EWMA/CV2/HEX:1",
        "KODE SIGKAT": "MUR \\LWAL\\HEX:1",
        "LUAS_M2": 263.965497422,
        "Koefisien": 1.0,
        "Nilai Exposure": 1325106797.05844,
        "Klasifikasi Rentang Exposure": "> Rp1.136.724.268,30 - Rp1.856.590.180,23",
        "koreksi_koordinat": "TIDAK"
      },
      "geometry": {
        "type": "Point",
        "coordinates": [
          105.240688,
          -5.554301
        ]
      }
    },
    {
      "type": "Feature",
      "properties": {
        "Nomor": 384,
        "NO": 384,
        "ID Bangunan": "Blok D (SDI-D140-140)",
        "Blok": "D",
        "Koordinat Latitude (Y)": -5.554327,
        "Koordinat Longitude (X)": 105.241971,
        "Fungsi Bangunan": "Rumah Tinggal",
        "Klasifikasi": "Hunian",
        "Jumlah Lantai": 1,
        "Material Dominan": "Pasang Bata",
        "Sistem Stuktur Tampak": "Rangka Beton Bertulang",
        "Tipe Atap": "Pelana",
        "Material Penutup Atap": "Genteng",
        "Dinding Luar": "Bata Plaster",
        "Kondisi Visual": "Baik",
        "Kode Material": "MUR (batu bata tanpa tulang)",
        "Kode Sistem Struktur": "LWAL",
        "Tingkat Keyakinan": "Tinggi",
        "Dokumetasi": null,
        "Kode Fungsi": "F01",
        "Klasifikasi Fungsi": "Hunian",
        "KODE MATERIAL": "MUR",
        "KODE SISTEM STRUKTUR": "LWAL",
        "KODE TIPE ATAP": "RSH2",
        "KODE MATERIAL PENUTUP ATAP": "RMT1",
        "KODE DINDING LUAR": "EWMA",
        "KODE KONDISI VISUAL ": "CV1",
        "JUMLAH LANTAI": "HEX:1",
        "TAKSONOMI": "MUR/LWAL/RSH2/RMT1/EWMA/CV1/HEX:1",
        "KODE SIGKAT": "MUR \\LWAL\\HEX:1",
        "LUAS_M2": 183.36174088,
        "Koefisien": 1.0,
        "Nilai Exposure": 920475939.2176001,
        "Klasifikasi Rentang Exposure": "> Rp638.909.581,39 - Rp1.136.724.268,30",
        "koreksi_koordinat": "TIDAK"
      },
      "geometry": {
        "type": "Point",
        "coordinates": [
          105.241971,
          -5.554327
        ]
      }
    },
    {
      "type": "Feature",
      "properties": {
        "Nomor": 385,
        "NO": 385,
        "ID Bangunan": "Blok C (SDI-C129-129)",
        "Blok": "C",
        "Koordinat Latitude (Y)": -5.553258,
        "Koordinat Longitude (X)": 105.232181,
        "Fungsi Bangunan": "Rumah Tinggal",
        "Klasifikasi": "Hunian",
        "Jumlah Lantai": 1,
        "Material Dominan": "Beton Bertulang",
        "Sistem Stuktur Tampak": "Rangka Beton Bertulang",
        "Tipe Atap": "Limasan",
        "Material Penutup Atap": "Genteng",
        "Dinding Luar": "Bata Ekspos",
        "Kondisi Visual": "Baik",
        "Kode Material": "MCF (batu bata bertulang)",
        "Kode Sistem Struktur": "LFINF",
        "Tingkat Keyakinan": "Tinggi",
        "Dokumetasi": null,
        "Kode Fungsi": "F01",
        "Klasifikasi Fungsi": "Hunian",
        "KODE MATERIAL": "MCF",
        "KODE SISTEM STRUKTUR": "LFINF",
        "KODE TIPE ATAP": "RSH3",
        "KODE MATERIAL PENUTUP ATAP": "RMT1",
        "KODE DINDING LUAR": "EWMA",
        "KODE KONDISI VISUAL ": "CV1",
        "JUMLAH LANTAI": "HEX:1",
        "TAKSONOMI": "MCF/LFINF/RSH3/RMT1/EWMA/CV1/HEX:1",
        "KODE SIGKAT": "MCF \\LFINF\\HEX:1",
        "LUAS_M2": 256.886103491,
        "Koefisien": 1.09,
        "Nilai Exposure": 1405629381.0820537,
        "Klasifikasi Rentang Exposure": "> Rp1.136.724.268,30 - Rp1.856.590.180,23",
        "koreksi_koordinat": "TIDAK"
      },
      "geometry": {
        "type": "Point",
        "coordinates": [
          105.232181,
          -5.553258
        ]
      }
    },
    {
      "type": "Feature",
      "properties": {
        "Nomor": 386,
        "NO": 386,
        "ID Bangunan": "Blok D (SDI-D141-141)",
        "Blok": "D",
        "Koordinat Latitude (Y)": -5.559473,
        "Koordinat Longitude (X)": 105.242181,
        "Fungsi Bangunan": "Rumah Tinggal",
        "Klasifikasi": "Hunian",
        "Jumlah Lantai": 2,
        "Material Dominan": "Campuran",
        "Sistem Stuktur Tampak": "Rangka Kayu",
        "Tipe Atap": "Limasan",
        "Material Penutup Atap": "Genteng",
        "Dinding Luar": "Campuran",
        "Kondisi Visual": "Rusak Berat",
        "Kode Material": "MIX",
        "Kode Sistem Struktur": "LFM",
        "Tingkat Keyakinan": "Tinggi",
        "Dokumetasi": null,
        "Kode Fungsi": "F01",
        "Klasifikasi Fungsi": "Hunian",
        "KODE MATERIAL": "MIX",
        "KODE SISTEM STRUKTUR": "LFM",
        "KODE TIPE ATAP": "RSH3",
        "KODE MATERIAL PENUTUP ATAP": "RMT1",
        "KODE DINDING LUAR": "EWO",
        "KODE KONDISI VISUAL ": "CV4",
        "JUMLAH LANTAI": "HEX:2",
        "TAKSONOMI": "MIX/LFM/RSH3/RMT1/EWO/CV4/HEX:2",
        "KODE SIGKAT": "MIX \\LFM\\HEX:2",
        "LUAS_M2": 244.731480295,
        "Koefisien": 1.0,
        "Nilai Exposure": 1228552031.0809,
        "Klasifikasi Rentang Exposure": "> Rp1.136.724.268,30 - Rp1.856.590.180,23",
        "koreksi_koordinat": "TIDAK"
      },
      "geometry": {
        "type": "Point",
        "coordinates": [
          105.242181,
          -5.559473
        ]
      }
    },
    {
      "type": "Feature",
      "properties": {
        "Nomor": 387,
        "NO": 387,
        "ID Bangunan": "Blok C (SDI-C130-130)",
        "Blok": "C",
        "Koordinat Latitude (Y)": -5.553538,
        "Koordinat Longitude (X)": 105.232401,
        "Fungsi Bangunan": "Rumah Tinggal",
        "Klasifikasi": "Hunian",
        "Jumlah Lantai": 1,
        "Material Dominan": "Pasang Bata",
        "Sistem Stuktur Tampak": "Dinding Pemikul",
        "Tipe Atap": "Pelana",
        "Material Penutup Atap": "Genteng",
        "Dinding Luar": "Bata Ekspos",
        "Kondisi Visual": "Baik",
        "Kode Material": "MUR (batu bata tanpa tulang)",
        "Kode Sistem Struktur": "LWAL",
        "Tingkat Keyakinan": "Tinggi",
        "Dokumetasi": null,
        "Kode Fungsi": "F01",
        "Klasifikasi Fungsi": "Hunian",
        "KODE MATERIAL": "MUR",
        "KODE SISTEM STRUKTUR": "LWAL",
        "KODE TIPE ATAP": "RSH2",
        "KODE MATERIAL PENUTUP ATAP": "RMT1",
        "KODE DINDING LUAR": "EWMA",
        "KODE KONDISI VISUAL ": "CV1",
        "JUMLAH LANTAI": "HEX:1",
        "TAKSONOMI": "MUR/LWAL/RSH2/RMT1/EWMA/CV1/HEX:1",
        "KODE SIGKAT": "MUR \\LWAL\\HEX:1",
        "LUAS_M2": 93.7500100632,
        "Koefisien": 1.0,
        "Nilai Exposure": 470625050.51726395,
        "Klasifikasi Rentang Exposure": "Rp14.611.983,05 - Rp638.909.581,39",
        "koreksi_koordinat": "TIDAK"
      },
      "geometry": {
        "type": "Point",
        "coordinates": [
          105.232401,
          -5.553538
        ]
      }
    },
    {
      "type": "Feature",
      "properties": {
        "Nomor": 388,
        "NO": 388,
        "ID Bangunan": "Blok C (SDI-C131-131)",
        "Blok": "C",
        "Koordinat Latitude (Y)": -5.553602,
        "Koordinat Longitude (X)": 105.232741,
        "Fungsi Bangunan": "Rumah Tinggal",
        "Klasifikasi": "Hunian",
        "Jumlah Lantai": 1,
        "Material Dominan": "Pasang Bata",
        "Sistem Stuktur Tampak": "Dinding Pemikul",
        "Tipe Atap": "Pelana",
        "Material Penutup Atap": "Genteng",
        "Dinding Luar": "Campuran",
        "Kondisi Visual": "Baik",
        "Kode Material": "MUR (batu bata tanpa tulang)",
        "Kode Sistem Struktur": "LWAL",
        "Tingkat Keyakinan": "Tinggi",
        "Dokumetasi": null,
        "Kode Fungsi": "F01",
        "Klasifikasi Fungsi": "Hunian",
        "KODE MATERIAL": "MUR",
        "KODE SISTEM STRUKTUR": "LWAL",
        "KODE TIPE ATAP": "RSH2",
        "KODE MATERIAL PENUTUP ATAP": "RMT1",
        "KODE DINDING LUAR": "EWO",
        "KODE KONDISI VISUAL ": "CV1",
        "JUMLAH LANTAI": "HEX:1",
        "TAKSONOMI": "MUR/LWAL/RSH2/RMT1/EWO/CV1/HEX:1",
        "KODE SIGKAT": "MUR \\LWAL\\HEX:1",
        "LUAS_M2": 87.4238536956,
        "Koefisien": 1.0,
        "Nilai Exposure": 438867745.551912,
        "Klasifikasi Rentang Exposure": "Rp14.611.983,05 - Rp638.909.581,39",
        "koreksi_koordinat": "TIDAK"
      },
      "geometry": {
        "type": "Point",
        "coordinates": [
          105.232741,
          -5.553602
        ]
      }
    },
    {
      "type": "Feature",
      "properties": {
        "Nomor": 389,
        "NO": 389,
        "ID Bangunan": "Blok C (SDI-C133-133)",
        "Blok": "C",
        "Koordinat Latitude (Y)": -5.552059,
        "Koordinat Longitude (X)": 105.232882,
        "Fungsi Bangunan": "Rumah Tinggal",
        "Klasifikasi": "Hunian",
        "Jumlah Lantai": 1,
        "Material Dominan": "Kayu",
        "Sistem Stuktur Tampak": "Campuran",
        "Tipe Atap": "Pelana",
        "Material Penutup Atap": "Genteng",
        "Dinding Luar": "Campuran",
        "Kondisi Visual": "Baik",
        "Kode Material": "W (kayu)",
        "Kode Sistem Struktur": "LPB",
        "Tingkat Keyakinan": "Tinggi",
        "Dokumetasi": null,
        "Kode Fungsi": "F01",
        "Klasifikasi Fungsi": "Hunian",
        "KODE MATERIAL": "W",
        "KODE SISTEM STRUKTUR": "LPB",
        "KODE TIPE ATAP": "RSH2",
        "KODE MATERIAL PENUTUP ATAP": "RMT1",
        "KODE DINDING LUAR": "EWO",
        "KODE KONDISI VISUAL ": "CV1",
        "JUMLAH LANTAI": "HEX:1",
        "TAKSONOMI": "W/LPB/RSH2/RMT1/EWO/CV1/HEX:1",
        "KODE SIGKAT": "W \\LPB\\HEX:1",
        "LUAS_M2": 160.4439682,
        "Koefisien": 1.0,
        "Nilai Exposure": 805428720.364,
        "Klasifikasi Rentang Exposure": "> Rp638.909.581,39 - Rp1.136.724.268,30",
        "koreksi_koordinat": "TIDAK"
      },
      "geometry": {
        "type": "Point",
        "coordinates": [
          105.232882,
          -5.552059
        ]
      }
    },
    {
      "type": "Feature",
      "properties": {
        "Nomor": 390,
        "NO": 390,
        "ID Bangunan": "Blok B (SDI-B96-096)",
        "Blok": "B",
        "Koordinat Latitude (Y)": -5.550323,
        "Koordinat Longitude (X)": 105.231703,
        "Fungsi Bangunan": "Rumah Tinggal",
        "Klasifikasi": "Hunian",
        "Jumlah Lantai": 1,
        "Material Dominan": "Pasang Bata",
        "Sistem Stuktur Tampak": "Dinding Pemikul",
        "Tipe Atap": "Pelana",
        "Material Penutup Atap": "Genteng",
        "Dinding Luar": "Bata Ekspos",
        "Kondisi Visual": "Baik",
        "Kode Material": "MUR (batu bata tanpa tulang)",
        "Kode Sistem Struktur": "LWAL",
        "Tingkat Keyakinan": "Tinggi",
        "Dokumetasi": null,
        "Kode Fungsi": "F01",
        "Klasifikasi Fungsi": "Hunian",
        "KODE MATERIAL": "MUR",
        "KODE SISTEM STRUKTUR": "LWAL",
        "KODE TIPE ATAP": "RSH2",
        "KODE MATERIAL PENUTUP ATAP": "RMT1",
        "KODE DINDING LUAR": "EWMA",
        "KODE KONDISI VISUAL ": "CV1",
        "JUMLAH LANTAI": "HEX:1",
        "TAKSONOMI": "MUR/LWAL/RSH2/RMT1/EWMA/CV1/HEX:1",
        "KODE SIGKAT": "MUR \\LWAL\\HEX:1",
        "LUAS_M2": 181.555550465,
        "Koefisien": 1.0,
        "Nilai Exposure": 911408863.3343,
        "Klasifikasi Rentang Exposure": "> Rp638.909.581,39 - Rp1.136.724.268,30",
        "koreksi_koordinat": "TIDAK"
      },
      "geometry": {
        "type": "Point",
        "coordinates": [
          105.231703,
          -5.550323
        ]
      }
    },
    {
      "type": "Feature",
      "properties": {
        "Nomor": 391,
        "NO": 391,
        "ID Bangunan": "Blok B (SDI-B98-098)",
        "Blok": "B",
        "Koordinat Latitude (Y)": -5.551036,
        "Koordinat Longitude (X)": 105.231588,
        "Fungsi Bangunan": "Rumah Tinggal",
        "Klasifikasi": "Hunian",
        "Jumlah Lantai": 1,
        "Material Dominan": "Beton Bertulang",
        "Sistem Stuktur Tampak": "Rangka Beton Bertulang",
        "Tipe Atap": "Pelana",
        "Material Penutup Atap": "Genteng",
        "Dinding Luar": "Bata Ekspos",
        "Kondisi Visual": "Baik",
        "Kode Material": "MCF (batu bata bertulang)",
        "Kode Sistem Struktur": "LFINF",
        "Tingkat Keyakinan": "Tinggi",
        "Dokumetasi": null,
        "Kode Fungsi": "F01",
        "Klasifikasi Fungsi": "Hunian",
        "KODE MATERIAL": "MCF",
        "KODE SISTEM STRUKTUR": "LFINF",
        "KODE TIPE ATAP": "RSH2",
        "KODE MATERIAL PENUTUP ATAP": "RMT1",
        "KODE DINDING LUAR": "EWMA",
        "KODE KONDISI VISUAL ": "CV1",
        "JUMLAH LANTAI": "HEX:1",
        "TAKSONOMI": "MCF/LFINF/RSH2/RMT1/EWMA/CV1/HEX:1",
        "KODE SIGKAT": "MCF \\LFINF\\HEX:1",
        "LUAS_M2": 228.016920934,
        "Koefisien": 1.09,
        "Nilai Exposure": 1247662987.9666612,
        "Klasifikasi Rentang Exposure": "> Rp1.136.724.268,30 - Rp1.856.590.180,23",
        "koreksi_koordinat": "Y_POSITIF_DIBALIK"
      },
      "geometry": {
        "type": "Point",
        "coordinates": [
          105.231588,
          -5.551036
        ]
      }
    },
    {
      "type": "Feature",
      "properties": {
        "Nomor": 392,
        "NO": 392,
        "ID Bangunan": "Blok B (SDI-B99-099)",
        "Blok": "B",
        "Koordinat Latitude (Y)": -5.551308,
        "Koordinat Longitude (X)": 105.2314,
        "Fungsi Bangunan": "Rumah Tinggal",
        "Klasifikasi": "Hunian",
        "Jumlah Lantai": 2,
        "Material Dominan": "Beton Bertulang",
        "Sistem Stuktur Tampak": "Rangka Beton Bertulang",
        "Tipe Atap": "Limasan",
        "Material Penutup Atap": "Genteng",
        "Dinding Luar": "Bata Ekspos",
        "Kondisi Visual": "Baik",
        "Kode Material": "MCF (batu bata bertulang)",
        "Kode Sistem Struktur": "LFINF",
        "Tingkat Keyakinan": "Tinggi",
        "Dokumetasi": null,
        "Kode Fungsi": "F01",
        "Klasifikasi Fungsi": "Hunian",
        "KODE MATERIAL": "MCF",
        "KODE SISTEM STRUKTUR": "LFINF",
        "KODE TIPE ATAP": "RSH3",
        "KODE MATERIAL PENUTUP ATAP": "RMT1",
        "KODE DINDING LUAR": "EWMA",
        "KODE KONDISI VISUAL ": "CV1",
        "JUMLAH LANTAI": "HEX:2",
        "TAKSONOMI": "MCF/LFINF/RSH3/RMT1/EWMA/CV1/HEX:2",
        "KODE SIGKAT": "MCF \\LFINF\\HEX:2",
        "LUAS_M2": 163.737274516,
        "Koefisien": 1.0,
        "Nilai Exposure": 821961118.07032,
        "Klasifikasi Rentang Exposure": "> Rp638.909.581,39 - Rp1.136.724.268,30",
        "koreksi_koordinat": "TIDAK"
      },
      "geometry": {
        "type": "Point",
        "coordinates": [
          105.2314,
          -5.551308
        ]
      }
    },
    {
      "type": "Feature",
      "properties": {
        "Nomor": 393,
        "NO": 393,
        "ID Bangunan": "Blok B (SDI-B100-100)",
        "Blok": "B",
        "Koordinat Latitude (Y)": -5.551478,
        "Koordinat Longitude (X)": 105.231437,
        "Fungsi Bangunan": "Rumah Tinggal",
        "Klasifikasi": "Hunian",
        "Jumlah Lantai": 1,
        "Material Dominan": "Pasang Bata",
        "Sistem Stuktur Tampak": "Dinding Pemikul",
        "Tipe Atap": "Pelana",
        "Material Penutup Atap": "Genteng",
        "Dinding Luar": "Bata Ekspos",
        "Kondisi Visual": "Baik",
        "Kode Material": "MCF (batu bata bertulang)",
        "Kode Sistem Struktur": "LWAL",
        "Tingkat Keyakinan": "Tinggi",
        "Dokumetasi": null,
        "Kode Fungsi": "F01",
        "Klasifikasi Fungsi": "Hunian",
        "KODE MATERIAL": "MCF",
        "KODE SISTEM STRUKTUR": "LWAL",
        "KODE TIPE ATAP": "RSH2",
        "KODE MATERIAL PENUTUP ATAP": "RMT1",
        "KODE DINDING LUAR": "EWMA",
        "KODE KONDISI VISUAL ": "CV1",
        "JUMLAH LANTAI": "HEX:1",
        "TAKSONOMI": "MCF/LWAL/RSH2/RMT1/EWMA/CV1/HEX:1",
        "KODE SIGKAT": "MCF \\LWAL\\HEX:1",
        "LUAS_M2": 250.584309712,
        "Koefisien": 1.0,
        "Nilai Exposure": 1257933234.75424,
        "Klasifikasi Rentang Exposure": "> Rp1.136.724.268,30 - Rp1.856.590.180,23",
        "koreksi_koordinat": "TIDAK"
      },
      "geometry": {
        "type": "Point",
        "coordinates": [
          105.231437,
          -5.551478
        ]
      }
    },
    {
      "type": "Feature",
      "properties": {
        "Nomor": 394,
        "NO": 394,
        "ID Bangunan": "Blok B (SDI-B101-101)",
        "Blok": "B",
        "Koordinat Latitude (Y)": -5.551611,
        "Koordinat Longitude (X)": 105.231129,
        "Fungsi Bangunan": "Rumah Tinggal",
        "Klasifikasi": "Hunian",
        "Jumlah Lantai": 1,
        "Material Dominan": "Beton Bertulang",
        "Sistem Stuktur Tampak": "Rangka Beton Bertulang",
        "Tipe Atap": "Limasan",
        "Material Penutup Atap": "Genteng",
        "Dinding Luar": "Bata Plaster",
        "Kondisi Visual": "Baik",
        "Kode Material": "MCF (batu bata bertulang)",
        "Kode Sistem Struktur": "LFINF",
        "Tingkat Keyakinan": "Tinggi",
        "Dokumetasi": null,
        "Kode Fungsi": "F01",
        "Klasifikasi Fungsi": "Hunian",
        "KODE MATERIAL": "MCF",
        "KODE SISTEM STRUKTUR": "LFINF",
        "KODE TIPE ATAP": "RSH3",
        "KODE MATERIAL PENUTUP ATAP": "RMT1",
        "KODE DINDING LUAR": "EWMA",
        "KODE KONDISI VISUAL ": "CV1",
        "JUMLAH LANTAI": "HEX:1",
        "TAKSONOMI": "MCF/LFINF/RSH3/RMT1/EWMA/CV1/HEX:1",
        "KODE SIGKAT": "MCF \\LFINF\\HEX:1",
        "LUAS_M2": 158.712550026,
        "Koefisien": 1.0,
        "Nilai Exposure": 796737001.13052,
        "Klasifikasi Rentang Exposure": "> Rp638.909.581,39 - Rp1.136.724.268,30",
        "koreksi_koordinat": "TIDAK"
      },
      "geometry": {
        "type": "Point",
        "coordinates": [
          105.231129,
          -5.551611
        ]
      }
    },
    {
      "type": "Feature",
      "properties": {
        "Nomor": 395,
        "NO": 395,
        "ID Bangunan": "Blok B (SDI-B102-102)",
        "Blok": "B",
        "Koordinat Latitude (Y)": -5.551497,
        "Koordinat Longitude (X)": 105.230891,
        "Fungsi Bangunan": "Rumah Tinggal",
        "Klasifikasi": "Hunian",
        "Jumlah Lantai": 1,
        "Material Dominan": "Beton Bertulang",
        "Sistem Stuktur Tampak": "Rangka Beton Bertulang",
        "Tipe Atap": "Pelana",
        "Material Penutup Atap": "Genteng",
        "Dinding Luar": "Bata Plaster",
        "Kondisi Visual": "Baik",
        "Kode Material": "MCF (batu bata bertulang)",
        "Kode Sistem Struktur": "LFINF",
        "Tingkat Keyakinan": "Tinggi",
        "Dokumetasi": null,
        "Kode Fungsi": "F01",
        "Klasifikasi Fungsi": "Hunian",
        "KODE MATERIAL": "MCF",
        "KODE SISTEM STRUKTUR": "LFINF",
        "KODE TIPE ATAP": "RSH2",
        "KODE MATERIAL PENUTUP ATAP": "RMT1",
        "KODE DINDING LUAR": "EWMA",
        "KODE KONDISI VISUAL ": "CV1",
        "JUMLAH LANTAI": "HEX:1",
        "TAKSONOMI": "MCF/LFINF/RSH2/RMT1/EWMA/CV1/HEX:1",
        "KODE SIGKAT": "MCF \\LFINF\\HEX:1",
        "LUAS_M2": 157.204436376,
        "Koefisien": 1.0,
        "Nilai Exposure": 789166270.60752,
        "Klasifikasi Rentang Exposure": "> Rp638.909.581,39 - Rp1.136.724.268,30",
        "koreksi_koordinat": "TIDAK"
      },
      "geometry": {
        "type": "Point",
        "coordinates": [
          105.230891,
          -5.551497
        ]
      }
    },
    {
      "type": "Feature",
      "properties": {
        "Nomor": 396,
        "NO": 396,
        "ID Bangunan": "Blok B (SDI-C103-103)",
        "Blok": "B",
        "Koordinat Latitude (Y)": -5.551386,
        "Koordinat Longitude (X)": 105.231106,
        "Fungsi Bangunan": "Rumah Tinggal",
        "Klasifikasi": "Hunian",
        "Jumlah Lantai": 1,
        "Material Dominan": "Kayu",
        "Sistem Stuktur Tampak": "Rangka Kayu",
        "Tipe Atap": "Pelana",
        "Material Penutup Atap": "Genteng",
        "Dinding Luar": "Kayu",
        "Kondisi Visual": "Baik",
        "Kode Material": "W (kayu)",
        "Kode Sistem Struktur": "LPB",
        "Tingkat Keyakinan": "Tinggi",
        "Dokumetasi": null,
        "Kode Fungsi": "F01",
        "Klasifikasi Fungsi": "Hunian",
        "KODE MATERIAL": "W",
        "KODE SISTEM STRUKTUR": "LPB",
        "KODE TIPE ATAP": "RSH2",
        "KODE MATERIAL PENUTUP ATAP": "RMT1",
        "KODE DINDING LUAR": "EWW",
        "KODE KONDISI VISUAL ": "CV1",
        "JUMLAH LANTAI": "HEX:1",
        "TAKSONOMI": "W/LPB/RSH2/RMT1/EWW/CV1/HEX:1",
        "KODE SIGKAT": "W \\LPB\\HEX:1",
        "LUAS_M2": 145.836621702,
        "Koefisien": 1.0,
        "Nilai Exposure": 732099840.9440401,
        "Klasifikasi Rentang Exposure": "> Rp638.909.581,39 - Rp1.136.724.268,30",
        "koreksi_koordinat": "TIDAK"
      },
      "geometry": {
        "type": "Point",
        "coordinates": [
          105.231106,
          -5.551386
        ]
      }
    },
    {
      "type": "Feature",
      "properties": {
        "Nomor": 397,
        "NO": 397,
        "ID Bangunan": "Blok B (SDI-B104-104)",
        "Blok": "B",
        "Koordinat Latitude (Y)": -5.551423,
        "Koordinat Longitude (X)": 105.230817,
        "Fungsi Bangunan": "Rumah Tinggal",
        "Klasifikasi": "Hunian",
        "Jumlah Lantai": 1,
        "Material Dominan": "Pasang Bata",
        "Sistem Stuktur Tampak": "Dinding Pemikul",
        "Tipe Atap": "Pelana",
        "Material Penutup Atap": "Genteng",
        "Dinding Luar": "Bata Plaster",
        "Kondisi Visual": "Baik",
        "Kode Material": "MUR (batu bata tanpa tulang)",
        "Kode Sistem Struktur": "LWAL",
        "Tingkat Keyakinan": "Tinggi",
        "Dokumetasi": null,
        "Kode Fungsi": "F01",
        "Klasifikasi Fungsi": "Hunian",
        "KODE MATERIAL": "MUR",
        "KODE SISTEM STRUKTUR": "LWAL",
        "KODE TIPE ATAP": "RSH2",
        "KODE MATERIAL PENUTUP ATAP": "RMT1",
        "KODE DINDING LUAR": "EWMA",
        "KODE KONDISI VISUAL ": "CV1",
        "JUMLAH LANTAI": "HEX:1",
        "TAKSONOMI": "MUR/LWAL/RSH2/RMT1/EWMA/CV1/HEX:1",
        "KODE SIGKAT": "MUR \\LWAL\\HEX:1",
        "LUAS_M2": 320.452470325,
        "Koefisien": 1.0,
        "Nilai Exposure": 1608671401.0314999,
        "Klasifikasi Rentang Exposure": "> Rp1.136.724.268,30 - Rp1.856.590.180,23",
        "koreksi_koordinat": "TIDAK"
      },
      "geometry": {
        "type": "Point",
        "coordinates": [
          105.230817,
          -5.551423
        ]
      }
    },
    {
      "type": "Feature",
      "properties": {
        "Nomor": 398,
        "NO": 398,
        "ID Bangunan": "Blok B (SDI-B105-105)",
        "Blok": "B",
        "Koordinat Latitude (Y)": -5.551492,
        "Koordinat Longitude (X)": 105.230689,
        "Fungsi Bangunan": "Rumah Tinggal",
        "Klasifikasi": "Hunian",
        "Jumlah Lantai": 1,
        "Material Dominan": "Pasang Bata",
        "Sistem Stuktur Tampak": "Dinding Pemikul",
        "Tipe Atap": "Pelana",
        "Material Penutup Atap": "Genteng",
        "Dinding Luar": "Bata Ekspos",
        "Kondisi Visual": "Baik",
        "Kode Material": "MUR (batu bata tanpa tulang)",
        "Kode Sistem Struktur": "LWAL",
        "Tingkat Keyakinan": "Tinggi",
        "Dokumetasi": null,
        "Kode Fungsi": "F01",
        "Klasifikasi Fungsi": "Hunian",
        "KODE MATERIAL": "MUR",
        "KODE SISTEM STRUKTUR": "LWAL",
        "KODE TIPE ATAP": "RSH2",
        "KODE MATERIAL PENUTUP ATAP": "RMT1",
        "KODE DINDING LUAR": "EWMA",
        "KODE KONDISI VISUAL ": "CV1",
        "JUMLAH LANTAI": "HEX:1",
        "TAKSONOMI": "MUR/LWAL/RSH2/RMT1/EWMA/CV1/HEX:1",
        "KODE SIGKAT": "MUR \\LWAL\\HEX:1",
        "LUAS_M2": 308.949894584,
        "Koefisien": 1.0,
        "Nilai Exposure": 1550928470.81168,
        "Klasifikasi Rentang Exposure": "> Rp1.136.724.268,30 - Rp1.856.590.180,23",
        "koreksi_koordinat": "TIDAK"
      },
      "geometry": {
        "type": "Point",
        "coordinates": [
          105.230689,
          -5.551492
        ]
      }
    },
    {
      "type": "Feature",
      "properties": {
        "Nomor": 399,
        "NO": 399,
        "ID Bangunan": "Blok B (SDI-B106-106)",
        "Blok": "B",
        "Koordinat Latitude (Y)": -5.551345,
        "Koordinat Longitude (X)": 105.230996,
        "Fungsi Bangunan": "Rumah Tinggal",
        "Klasifikasi": "Hunian",
        "Jumlah Lantai": 1,
        "Material Dominan": "Beton Bertulang",
        "Sistem Stuktur Tampak": "Rangka Beton Bertulang",
        "Tipe Atap": "Pelana",
        "Material Penutup Atap": "Genteng",
        "Dinding Luar": "Bata Plaster",
        "Kondisi Visual": "Baik",
        "Kode Material": "MUR (batu bata tanpa tulang)",
        "Kode Sistem Struktur": "LWAL",
        "Tingkat Keyakinan": "Tinggi",
        "Dokumetasi": null,
        "Kode Fungsi": "F01",
        "Klasifikasi Fungsi": "Hunian",
        "KODE MATERIAL": "MUR",
        "KODE SISTEM STRUKTUR": "LWAL",
        "KODE TIPE ATAP": "RSH2",
        "KODE MATERIAL PENUTUP ATAP": "RMT1",
        "KODE DINDING LUAR": "EWMA",
        "KODE KONDISI VISUAL ": "CV1",
        "JUMLAH LANTAI": "HEX:1",
        "TAKSONOMI": "MUR/LWAL/RSH2/RMT1/EWMA/CV1/HEX:1",
        "KODE SIGKAT": "MUR \\LWAL\\HEX:1",
        "LUAS_M2": 320.452470325,
        "Koefisien": 1.0,
        "Nilai Exposure": 1608671401.0314999,
        "Klasifikasi Rentang Exposure": "> Rp1.136.724.268,30 - Rp1.856.590.180,23",
        "koreksi_koordinat": "TIDAK"
      },
      "geometry": {
        "type": "Point",
        "coordinates": [
          105.230996,
          -5.551345
        ]
      }
    },
    {
      "type": "Feature",
      "properties": {
        "Nomor": 400,
        "NO": 400,
        "ID Bangunan": "Blok B (SDI-B107-107)",
        "Blok": "B",
        "Koordinat Latitude (Y)": -5.551377,
        "Koordinat Longitude (X)": 105.230615,
        "Fungsi Bangunan": "Rumah Tinggal",
        "Klasifikasi": "Hunian",
        "Jumlah Lantai": 1,
        "Material Dominan": "Kayu",
        "Sistem Stuktur Tampak": "Rangka Kayu",
        "Tipe Atap": "Pelana",
        "Material Penutup Atap": "Seng",
        "Dinding Luar": "Kayu",
        "Kondisi Visual": "Baik",
        "Kode Material": "W (kayu)",
        "Kode Sistem Struktur": "LPB",
        "Tingkat Keyakinan": "Tinggi",
        "Dokumetasi": null,
        "Kode Fungsi": "F01",
        "Klasifikasi Fungsi": "Hunian",
        "KODE MATERIAL": "W",
        "KODE SISTEM STRUKTUR": "LPB",
        "KODE TIPE ATAP": "RSH2",
        "KODE MATERIAL PENUTUP ATAP": "RMT2",
        "KODE DINDING LUAR": "EWW",
        "KODE KONDISI VISUAL ": "CV1",
        "JUMLAH LANTAI": "HEX:1",
        "TAKSONOMI": "W/LPB/RSH2/RMT2/EWW/CV1/HEX:1",
        "KODE SIGKAT": "W \\LPB\\HEX:1",
        "LUAS_M2": 320.452470325,
        "Koefisien": 1.0,
        "Nilai Exposure": 1608671401.0314999,
        "Klasifikasi Rentang Exposure": "> Rp1.136.724.268,30 - Rp1.856.590.180,23",
        "koreksi_koordinat": "TIDAK"
      },
      "geometry": {
        "type": "Point",
        "coordinates": [
          105.230615,
          -5.551377
        ]
      }
    },
    {
      "type": "Feature",
      "properties": {
        "Nomor": 401,
        "NO": 401,
        "ID Bangunan": "Blok B (SDI-B109-109)",
        "Blok": "B",
        "Koordinat Latitude (Y)": -5.551299,
        "Koordinat Longitude (X)": 105.230647,
        "Fungsi Bangunan": "Rumah Tinggal",
        "Klasifikasi": "Hunian",
        "Jumlah Lantai": 1,
        "Material Dominan": "Pasang Bata",
        "Sistem Stuktur Tampak": "Dinding Pemikul",
        "Tipe Atap": "Pelana",
        "Material Penutup Atap": "Genteng",
        "Dinding Luar": "Bata Plaster",
        "Kondisi Visual": "Baik",
        "Kode Material": "MUR (batu bata tanpa tulang)",
        "Kode Sistem Struktur": "LWAL",
        "Tingkat Keyakinan": "Tinggi",
        "Dokumetasi": null,
        "Kode Fungsi": "F01",
        "Klasifikasi Fungsi": "Hunian",
        "KODE MATERIAL": "MUR",
        "KODE SISTEM STRUKTUR": "LWAL",
        "KODE TIPE ATAP": "RSH2",
        "KODE MATERIAL PENUTUP ATAP": "RMT1",
        "KODE DINDING LUAR": "EWMA",
        "KODE KONDISI VISUAL ": "CV1",
        "JUMLAH LANTAI": "HEX:1",
        "TAKSONOMI": "MUR/LWAL/RSH2/RMT1/EWMA/CV1/HEX:1",
        "KODE SIGKAT": "MUR \\LWAL\\HEX:1",
        "LUAS_M2": 173.34950743,
        "Koefisien": 1.0,
        "Nilai Exposure": 870214527.2986,
        "Klasifikasi Rentang Exposure": "> Rp638.909.581,39 - Rp1.136.724.268,30",
        "koreksi_koordinat": "TIDAK"
      },
      "geometry": {
        "type": "Point",
        "coordinates": [
          105.230647,
          -5.551299
        ]
      }
    },
    {
      "type": "Feature",
      "properties": {
        "Nomor": 402,
        "NO": 402,
        "ID Bangunan": "Blok B (SDI-B110-110)",
        "Blok": "B",
        "Koordinat Latitude (Y)": -5.551414,
        "Koordinat Longitude (X)": 105.230482,
        "Fungsi Bangunan": "Rumah Tinggal",
        "Klasifikasi": "Hunian",
        "Jumlah Lantai": 1,
        "Material Dominan": "Pasang Bata",
        "Sistem Stuktur Tampak": "Dinding Pemikul",
        "Tipe Atap": "Pelana",
        "Material Penutup Atap": "Genteng",
        "Dinding Luar": "Bata Ekspos",
        "Kondisi Visual": "Baik",
        "Kode Material": "MUR (batu bata tanpa tulang)",
        "Kode Sistem Struktur": "LWAL",
        "Tingkat Keyakinan": "Tinggi",
        "Dokumetasi": null,
        "Kode Fungsi": "F01",
        "Klasifikasi Fungsi": "Hunian",
        "KODE MATERIAL": "MUR",
        "KODE SISTEM STRUKTUR": "LWAL",
        "KODE TIPE ATAP": "RSH2",
        "KODE MATERIAL PENUTUP ATAP": "RMT1",
        "KODE DINDING LUAR": "EWMA",
        "KODE KONDISI VISUAL ": "CV1",
        "JUMLAH LANTAI": "HEX:1",
        "TAKSONOMI": "MUR/LWAL/RSH2/RMT1/EWMA/CV1/HEX:1",
        "KODE SIGKAT": "MUR \\LWAL\\HEX:1",
        "LUAS_M2": 169.130145634,
        "Koefisien": 1.0,
        "Nilai Exposure": 849033331.08268,
        "Klasifikasi Rentang Exposure": "> Rp638.909.581,39 - Rp1.136.724.268,30",
        "koreksi_koordinat": "TIDAK"
      },
      "geometry": {
        "type": "Point",
        "coordinates": [
          105.230482,
          -5.551414
        ]
      }
    },
    {
      "type": "Feature",
      "properties": {
        "Nomor": 403,
        "NO": 403,
        "ID Bangunan": "Blok B (SDI-B111-111)",
        "Blok": "B",
        "Koordinat Latitude (Y)": -5.551216,
        "Koordinat Longitude (X)": 105.230514,
        "Fungsi Bangunan": "Rumah Tinggal",
        "Klasifikasi": "Hunian",
        "Jumlah Lantai": 1,
        "Material Dominan": "Pasang Bata",
        "Sistem Stuktur Tampak": "Dinding Pemikul",
        "Tipe Atap": "Pelana",
        "Material Penutup Atap": "Genteng",
        "Dinding Luar": "Bata Plaster",
        "Kondisi Visual": "Baik",
        "Kode Material": "MUR (batu bata tanpa tulang)",
        "Kode Sistem Struktur": "LWAL",
        "Tingkat Keyakinan": "Tinggi",
        "Dokumetasi": null,
        "Kode Fungsi": "F01",
        "Klasifikasi Fungsi": "Hunian",
        "KODE MATERIAL": "MUR",
        "KODE SISTEM STRUKTUR": "LWAL",
        "KODE TIPE ATAP": "RSH2",
        "KODE MATERIAL PENUTUP ATAP": "RMT1",
        "KODE DINDING LUAR": "EWMA",
        "KODE KONDISI VISUAL ": "CV1",
        "JUMLAH LANTAI": "HEX:1",
        "TAKSONOMI": "MUR/LWAL/RSH2/RMT1/EWMA/CV1/HEX:1",
        "KODE SIGKAT": "MUR \\LWAL\\HEX:1",
        "LUAS_M2": 154.557867136,
        "Koefisien": 1.0,
        "Nilai Exposure": 775880493.02272,
        "Klasifikasi Rentang Exposure": "> Rp638.909.581,39 - Rp1.136.724.268,30",
        "koreksi_koordinat": "TIDAK"
      },
      "geometry": {
        "type": "Point",
        "coordinates": [
          105.230514,
          -5.551216
        ]
      }
    },
    {
      "type": "Feature",
      "properties": {
        "Nomor": 404,
        "NO": 404,
        "ID Bangunan": "Blok B (SDI-B112-112)",
        "Blok": "B",
        "Koordinat Latitude (Y)": -5.551299,
        "Koordinat Longitude (X)": 105.23079,
        "Fungsi Bangunan": "Rumah Tinggal",
        "Klasifikasi": "Hunian",
        "Jumlah Lantai": 1,
        "Material Dominan": "Beton Bertulang",
        "Sistem Stuktur Tampak": "Rangka Beton Bertulang",
        "Tipe Atap": "Limasan",
        "Material Penutup Atap": "Genteng",
        "Dinding Luar": "Bata Plaster",
        "Kondisi Visual": "Baik",
        "Kode Material": "MCF (batu bata bertulang)",
        "Kode Sistem Struktur": "LFINF",
        "Tingkat Keyakinan": "Tinggi",
        "Dokumetasi": null,
        "Kode Fungsi": "F01",
        "Klasifikasi Fungsi": "Hunian",
        "KODE MATERIAL": "MCF",
        "KODE SISTEM STRUKTUR": "LFINF",
        "KODE TIPE ATAP": "RSH3",
        "KODE MATERIAL PENUTUP ATAP": "RMT1",
        "KODE DINDING LUAR": "EWMA",
        "KODE KONDISI VISUAL ": "CV1",
        "JUMLAH LANTAI": "HEX:1",
        "TAKSONOMI": "MCF/LFINF/RSH3/RMT1/EWMA/CV1/HEX:1",
        "KODE SIGKAT": "MCF \\LFINF\\HEX:1",
        "LUAS_M2": 73.7667234366,
        "Koefisien": 1.0,
        "Nilai Exposure": 370308951.651732,
        "Klasifikasi Rentang Exposure": "Rp14.611.983,05 - Rp638.909.581,39",
        "koreksi_koordinat": "TIDAK"
      },
      "geometry": {
        "type": "Point",
        "coordinates": [
          105.23079,
          -5.551299
        ]
      }
    },
    {
      "type": "Feature",
      "properties": {
        "Nomor": 405,
        "NO": 405,
        "ID Bangunan": "Blok B (SDI-B113-113)",
        "Blok": "B",
        "Koordinat Latitude (Y)": -5.551198,
        "Koordinat Longitude (X)": 105.23068,
        "Fungsi Bangunan": "Rumah Tinggal",
        "Klasifikasi": "Hunian",
        "Jumlah Lantai": 1,
        "Material Dominan": "Pasang Bata",
        "Sistem Stuktur Tampak": "Dinding Pemikul",
        "Tipe Atap": "Pelana",
        "Material Penutup Atap": "Genteng",
        "Dinding Luar": "Campuran",
        "Kondisi Visual": "Baik",
        "Kode Material": "MUR (batu bata tanpa tulang)",
        "Kode Sistem Struktur": "LWAL",
        "Tingkat Keyakinan": "Tinggi",
        "Dokumetasi": null,
        "Kode Fungsi": "F01",
        "Klasifikasi Fungsi": "Hunian",
        "KODE MATERIAL": "MUR",
        "KODE SISTEM STRUKTUR": "LWAL",
        "KODE TIPE ATAP": "RSH2",
        "KODE MATERIAL PENUTUP ATAP": "RMT1",
        "KODE DINDING LUAR": "EWO",
        "KODE KONDISI VISUAL ": "CV1",
        "JUMLAH LANTAI": "HEX:1",
        "TAKSONOMI": "MUR/LWAL/RSH2/RMT1/EWO/CV1/HEX:1",
        "KODE SIGKAT": "MUR \\LWAL\\HEX:1",
        "LUAS_M2": 345.301652041,
        "Koefisien": 1.0,
        "Nilai Exposure": 1733414293.24582,
        "Klasifikasi Rentang Exposure": "> Rp1.136.724.268,30 - Rp1.856.590.180,23",
        "koreksi_koordinat": "TIDAK"
      },
      "geometry": {
        "type": "Point",
        "coordinates": [
          105.23068,
          -5.551198
        ]
      }
    },
    {
      "type": "Feature",
      "properties": {
        "Nomor": 406,
        "NO": 406,
        "ID Bangunan": "Blok B (SDI-B114-114)",
        "Blok": "B",
        "Koordinat Latitude (Y)": -5.551248,
        "Koordinat Longitude (X)": 105.230895,
        "Fungsi Bangunan": "Rumah Tinggal",
        "Klasifikasi": "Hunian",
        "Jumlah Lantai": 1,
        "Material Dominan": "Pasang Bata",
        "Sistem Stuktur Tampak": "Dinding Pemikul",
        "Tipe Atap": "Pelana",
        "Material Penutup Atap": "Genteng",
        "Dinding Luar": "Campuran",
        "Kondisi Visual": "Baik",
        "Kode Material": "MUR (batu bata tanpa tulang)",
        "Kode Sistem Struktur": "LWAL",
        "Tingkat Keyakinan": "Tinggi",
        "Dokumetasi": null,
        "Kode Fungsi": "F01",
        "Klasifikasi Fungsi": "Hunian",
        "KODE MATERIAL": "MUR",
        "KODE SISTEM STRUKTUR": "LWAL",
        "KODE TIPE ATAP": "RSH2",
        "KODE MATERIAL PENUTUP ATAP": "RMT1",
        "KODE DINDING LUAR": "EWO",
        "KODE KONDISI VISUAL ": "CV1",
        "JUMLAH LANTAI": "HEX:1",
        "TAKSONOMI": "MUR/LWAL/RSH2/RMT1/EWO/CV1/HEX:1",
        "KODE SIGKAT": "MUR \\LWAL\\HEX:1",
        "LUAS_M2": 345.301652041,
        "Koefisien": 1.0,
        "Nilai Exposure": 1733414293.24582,
        "Klasifikasi Rentang Exposure": "> Rp1.136.724.268,30 - Rp1.856.590.180,23",
        "koreksi_koordinat": "TIDAK"
      },
      "geometry": {
        "type": "Point",
        "coordinates": [
          105.230895,
          -5.551248
        ]
      }
    },
    {
      "type": "Feature",
      "properties": {
        "Nomor": 407,
        "NO": 407,
        "ID Bangunan": "Blok B (SDI-B115-115)",
        "Blok": "B",
        "Koordinat Latitude (Y)": -5.551198,
        "Koordinat Longitude (X)": 105.230836,
        "Fungsi Bangunan": "Rumah Tinggal",
        "Klasifikasi": "Hunian",
        "Jumlah Lantai": 1,
        "Material Dominan": "Pasang Bata",
        "Sistem Stuktur Tampak": "Dinding Pemikul",
        "Tipe Atap": "Pelana",
        "Material Penutup Atap": "Genteng",
        "Dinding Luar": "Bata Ekspos",
        "Kondisi Visual": "Baik",
        "Kode Material": "MUR (batu bata tanpa tulang)",
        "Kode Sistem Struktur": "LWAL",
        "Tingkat Keyakinan": "Tinggi",
        "Dokumetasi": null,
        "Kode Fungsi": "F01",
        "Klasifikasi Fungsi": "Hunian",
        "KODE MATERIAL": "MUR",
        "KODE SISTEM STRUKTUR": "LWAL",
        "KODE TIPE ATAP": "RSH2",
        "KODE MATERIAL PENUTUP ATAP": "RMT1",
        "KODE DINDING LUAR": "EWMA",
        "KODE KONDISI VISUAL ": "CV1",
        "JUMLAH LANTAI": "HEX:1",
        "TAKSONOMI": "MUR/LWAL/RSH2/RMT1/EWMA/CV1/HEX:1",
        "KODE SIGKAT": "MUR \\LWAL\\HEX:1",
        "LUAS_M2": 155.657726559,
        "Koefisien": 1.0,
        "Nilai Exposure": 781401787.32618,
        "Klasifikasi Rentang Exposure": "> Rp638.909.581,39 - Rp1.136.724.268,30",
        "koreksi_koordinat": "TIDAK"
      },
      "geometry": {
        "type": "Point",
        "coordinates": [
          105.230836,
          -5.551198
        ]
      }
    },
    {
      "type": "Feature",
      "properties": {
        "Nomor": 408,
        "NO": 408,
        "ID Bangunan": "Blok B (SDI-B116-116)",
        "Blok": "B",
        "Koordinat Latitude (Y)": -5.546788,
        "Koordinat Longitude (X)": 105.228843,
        "Fungsi Bangunan": "Rumah Tinggal",
        "Klasifikasi": "Hunian",
        "Jumlah Lantai": 1,
        "Material Dominan": "Beton Bertulang",
        "Sistem Stuktur Tampak": "Rangka Beton Bertulang",
        "Tipe Atap": "Limasan",
        "Material Penutup Atap": "Genteng",
        "Dinding Luar": "Bata Plaster",
        "Kondisi Visual": "Baik",
        "Kode Material": "MCF (batu bata bertulang)",
        "Kode Sistem Struktur": "LFINF",
        "Tingkat Keyakinan": "Tinggi",
        "Dokumetasi": null,
        "Kode Fungsi": "F01",
        "Klasifikasi Fungsi": "Hunian",
        "KODE MATERIAL": "MCF",
        "KODE SISTEM STRUKTUR": "LFINF",
        "KODE TIPE ATAP": "RSH3",
        "KODE MATERIAL PENUTUP ATAP": "RMT1",
        "KODE DINDING LUAR": "EWMA",
        "KODE KONDISI VISUAL ": "CV1",
        "JUMLAH LANTAI": "HEX:1",
        "TAKSONOMI": "MCF/LFINF/RSH3/RMT1/EWMA/CV1/HEX:1",
        "KODE SIGKAT": "MCF \\LFINF\\HEX:1",
        "LUAS_M2": 121.886650873,
        "Koefisien": 1.0,
        "Nilai Exposure": 611870987.38246,
        "Klasifikasi Rentang Exposure": "Rp14.611.983,05 - Rp638.909.581,39",
        "koreksi_koordinat": "TIDAK"
      },
      "geometry": {
        "type": "Point",
        "coordinates": [
          105.228843,
          -5.546788
        ]
      }
    },
    {
      "type": "Feature",
      "properties": {
        "Nomor": 409,
        "NO": 409,
        "ID Bangunan": "Blok B (SDI-B117-117)",
        "Blok": "B",
        "Koordinat Latitude (Y)": -5.546576,
        "Koordinat Longitude (X)": 105.228976,
        "Fungsi Bangunan": "Rumah Tinggal",
        "Klasifikasi": "Hunian",
        "Jumlah Lantai": 1,
        "Material Dominan": "Pasang Bata",
        "Sistem Stuktur Tampak": "Dinding Pemikul",
        "Tipe Atap": "Pelana",
        "Material Penutup Atap": "Genteng",
        "Dinding Luar": "Bata Plaster",
        "Kondisi Visual": "Baik",
        "Kode Material": "MUR (batu bata tanpa tulang)",
        "Kode Sistem Struktur": "LWAL",
        "Tingkat Keyakinan": "Tinggi",
        "Dokumetasi": null,
        "Kode Fungsi": "F01",
        "Klasifikasi Fungsi": "Hunian",
        "KODE MATERIAL": "MUR",
        "KODE SISTEM STRUKTUR": "LWAL",
        "KODE TIPE ATAP": "RSH2",
        "KODE MATERIAL PENUTUP ATAP": "RMT1",
        "KODE DINDING LUAR": "EWMA",
        "KODE KONDISI VISUAL ": "CV1",
        "JUMLAH LANTAI": "HEX:1",
        "TAKSONOMI": "MUR/LWAL/RSH2/RMT1/EWMA/CV1/HEX:1",
        "KODE SIGKAT": "MUR \\LWAL\\HEX:1",
        "LUAS_M2": 249.931989748,
        "Koefisien": 1.0,
        "Nilai Exposure": 1254658588.53496,
        "Klasifikasi Rentang Exposure": "> Rp1.136.724.268,30 - Rp1.856.590.180,23",
        "koreksi_koordinat": "TIDAK"
      },
      "geometry": {
        "type": "Point",
        "coordinates": [
          105.228976,
          -5.546576
        ]
      }
    },
    {
      "type": "Feature",
      "properties": {
        "Nomor": 410,
        "NO": 410,
        "ID Bangunan": "Blok B (SDI-B118-118)",
        "Blok": "B",
        "Koordinat Latitude (Y)": -5.546434,
        "Koordinat Longitude (X)": 105.228953,
        "Fungsi Bangunan": "Rumah Tinggal",
        "Klasifikasi": "Hunian",
        "Jumlah Lantai": 1,
        "Material Dominan": "Pasang Bata",
        "Sistem Stuktur Tampak": "Dinding Pemikul",
        "Tipe Atap": "Pelana",
        "Material Penutup Atap": "Genteng",
        "Dinding Luar": "Bata Ekspos",
        "Kondisi Visual": "Baik",
        "Kode Material": "MUR (batu bata tanpa tulang)",
        "Kode Sistem Struktur": "LWAL",
        "Tingkat Keyakinan": "Tinggi",
        "Dokumetasi": null,
        "Kode Fungsi": "F01",
        "Klasifikasi Fungsi": "Hunian",
        "KODE MATERIAL": "MUR",
        "KODE SISTEM STRUKTUR": "LWAL",
        "KODE TIPE ATAP": "RSH2",
        "KODE MATERIAL PENUTUP ATAP": "RMT1",
        "KODE DINDING LUAR": "EWMA",
        "KODE KONDISI VISUAL ": "CV1",
        "JUMLAH LANTAI": "HEX:1",
        "TAKSONOMI": "MUR/LWAL/RSH2/RMT1/EWMA/CV1/HEX:1",
        "KODE SIGKAT": "MUR \\LWAL\\HEX:1",
        "LUAS_M2": 133.578665802,
        "Koefisien": 1.0,
        "Nilai Exposure": 670564902.3260399,
        "Klasifikasi Rentang Exposure": "> Rp638.909.581,39 - Rp1.136.724.268,30",
        "koreksi_koordinat": "TIDAK"
      },
      "geometry": {
        "type": "Point",
        "coordinates": [
          105.228953,
          -5.546434
        ]
      }
    },
    {
      "type": "Feature",
      "properties": {
        "Nomor": 411,
        "NO": 411,
        "ID Bangunan": "Blok B (SDI-B119-119)",
        "Blok": "B",
        "Koordinat Latitude (Y)": -5.546296,
        "Koordinat Longitude (X)": 105.228934,
        "Fungsi Bangunan": "Rumah Tinggal",
        "Klasifikasi": "Hunian",
        "Jumlah Lantai": 1,
        "Material Dominan": "Pasang Bata",
        "Sistem Stuktur Tampak": "Dinding Pemikul",
        "Tipe Atap": "Pelana",
        "Material Penutup Atap": "Genteng",
        "Dinding Luar": "Bata Ekspos",
        "Kondisi Visual": "Baik",
        "Kode Material": "MUR (batu bata tanpa tulang)",
        "Kode Sistem Struktur": "LWAL",
        "Tingkat Keyakinan": "Tinggi",
        "Dokumetasi": null,
        "Kode Fungsi": "F01",
        "Klasifikasi Fungsi": "Hunian",
        "KODE MATERIAL": "MUR",
        "KODE SISTEM STRUKTUR": "LWAL",
        "KODE TIPE ATAP": "RSH2",
        "KODE MATERIAL PENUTUP ATAP": "RMT1",
        "KODE DINDING LUAR": "EWMA",
        "KODE KONDISI VISUAL ": "CV1",
        "JUMLAH LANTAI": "HEX:1",
        "TAKSONOMI": "MUR/LWAL/RSH2/RMT1/EWMA/CV1/HEX:1",
        "KODE SIGKAT": "MUR \\LWAL\\HEX:1",
        "LUAS_M2": 120.783108384,
        "Koefisien": 1.0,
        "Nilai Exposure": 606331204.08768,
        "Klasifikasi Rentang Exposure": "Rp14.611.983,05 - Rp638.909.581,39",
        "koreksi_koordinat": "TIDAK"
      },
      "geometry": {
        "type": "Point",
        "coordinates": [
          105.228934,
          -5.546296
        ]
      }
    },
    {
      "type": "Feature",
      "properties": {
        "Nomor": 412,
        "NO": 412,
        "ID Bangunan": "Blok B (SDI-B120-120)",
        "Blok": "B",
        "Koordinat Latitude (Y)": -5.546181,
        "Koordinat Longitude (X)": 105.228838,
        "Fungsi Bangunan": "Rumah Tinggal",
        "Klasifikasi": "Hunian",
        "Jumlah Lantai": 1,
        "Material Dominan": "Beton Bertulang",
        "Sistem Stuktur Tampak": "Rangka Beton Bertulang",
        "Tipe Atap": "Pelana",
        "Material Penutup Atap": "Genteng",
        "Dinding Luar": "Bata Plaster",
        "Kondisi Visual": "Baik",
        "Kode Material": "MCF (batu bata bertulang)",
        "Kode Sistem Struktur": "LFINF",
        "Tingkat Keyakinan": "Tinggi",
        "Dokumetasi": null,
        "Kode Fungsi": "F01",
        "Klasifikasi Fungsi": "Hunian",
        "KODE MATERIAL": "MCF",
        "KODE SISTEM STRUKTUR": "LFINF",
        "KODE TIPE ATAP": "RSH2",
        "KODE MATERIAL PENUTUP ATAP": "RMT1",
        "KODE DINDING LUAR": "EWMA",
        "KODE KONDISI VISUAL ": "CV1",
        "JUMLAH LANTAI": "HEX:1",
        "TAKSONOMI": "MCF/LFINF/RSH2/RMT1/EWMA/CV1/HEX:1",
        "KODE SIGKAT": "MCF \\LFINF\\HEX:1",
        "LUAS_M2": 188.78698586,
        "Koefisien": 1.0,
        "Nilai Exposure": 947710669.0172,
        "Klasifikasi Rentang Exposure": "> Rp638.909.581,39 - Rp1.136.724.268,30",
        "koreksi_koordinat": "TIDAK"
      },
      "geometry": {
        "type": "Point",
        "coordinates": [
          105.228838,
          -5.546181
        ]
      }
    },
    {
      "type": "Feature",
      "properties": {
        "Nomor": 413,
        "NO": 413,
        "ID Bangunan": "Blok B (SDI-B121-121)",
        "Blok": "B",
        "Koordinat Latitude (Y)": -5.545932,
        "Koordinat Longitude (X)": 105.228489,
        "Fungsi Bangunan": "Rumah Tinggal",
        "Klasifikasi": "Hunian",
        "Jumlah Lantai": 1,
        "Material Dominan": "Beton Bertulang",
        "Sistem Stuktur Tampak": "Rangka Beton Bertulang",
        "Tipe Atap": "Pelana",
        "Material Penutup Atap": "Genteng",
        "Dinding Luar": "Bata Plaster",
        "Kondisi Visual": "Baik",
        "Kode Material": "MCF (batu bata bertulang)",
        "Kode Sistem Struktur": "LFINF",
        "Tingkat Keyakinan": "Tinggi",
        "Dokumetasi": null,
        "Kode Fungsi": "F01",
        "Klasifikasi Fungsi": "Hunian",
        "KODE MATERIAL": "MCF",
        "KODE SISTEM STRUKTUR": "LFINF",
        "KODE TIPE ATAP": "RSH2",
        "KODE MATERIAL PENUTUP ATAP": "RMT1",
        "KODE DINDING LUAR": "EWMA",
        "KODE KONDISI VISUAL ": "CV1",
        "JUMLAH LANTAI": "HEX:1",
        "TAKSONOMI": "MCF/LFINF/RSH2/RMT1/EWMA/CV1/HEX:1",
        "KODE SIGKAT": "MCF \\LFINF\\HEX:1",
        "LUAS_M2": 91.5691227528,
        "Koefisien": 1.0,
        "Nilai Exposure": 459676996.219056,
        "Klasifikasi Rentang Exposure": "Rp14.611.983,05 - Rp638.909.581,39",
        "koreksi_koordinat": "TIDAK"
      },
      "geometry": {
        "type": "Point",
        "coordinates": [
          105.228489,
          -5.545932
        ]
      }
    },
    {
      "type": "Feature",
      "properties": {
        "Nomor": 414,
        "NO": 414,
        "ID Bangunan": "Blok B (SDI-B123-123)",
        "Blok": "B",
        "Koordinat Latitude (Y)": -5.546483,
        "Koordinat Longitude (X)": 105.229168,
        "Fungsi Bangunan": "Rumah Tinggal",
        "Klasifikasi": "Hunian",
        "Jumlah Lantai": 1,
        "Material Dominan": "Pasang Bata",
        "Sistem Stuktur Tampak": "Dinding Pemikul",
        "Tipe Atap": "Pelana",
        "Material Penutup Atap": "Genteng",
        "Dinding Luar": "Bata Plaster",
        "Kondisi Visual": "Baik",
        "Kode Material": "MUR (batu bata tanpa tulang)",
        "Kode Sistem Struktur": "LWAL",
        "Tingkat Keyakinan": "Tinggi",
        "Dokumetasi": null,
        "Kode Fungsi": "F01",
        "Klasifikasi Fungsi": "Hunian",
        "KODE MATERIAL": "MUR",
        "KODE SISTEM STRUKTUR": "LWAL",
        "KODE TIPE ATAP": "RSH2",
        "KODE MATERIAL PENUTUP ATAP": "RMT1",
        "KODE DINDING LUAR": "EWMA",
        "KODE KONDISI VISUAL ": "CV1",
        "JUMLAH LANTAI": "HEX:1",
        "TAKSONOMI": "MUR/LWAL/RSH2/RMT1/EWMA/CV1/HEX:1",
        "KODE SIGKAT": "MUR \\LWAL\\HEX:1",
        "LUAS_M2": 195.630070416,
        "Koefisien": 1.0,
        "Nilai Exposure": 982062953.48832,
        "Klasifikasi Rentang Exposure": "> Rp638.909.581,39 - Rp1.136.724.268,30",
        "koreksi_koordinat": "TIDAK"
      },
      "geometry": {
        "type": "Point",
        "coordinates": [
          105.229168,
          -5.546483
        ]
      }
    },
    {
      "type": "Feature",
      "properties": {
        "Nomor": 415,
        "NO": 415,
        "ID Bangunan": "Blok B (SDI-B124-124)",
        "Blok": "B",
        "Koordinat Latitude (Y)": -5.546332,
        "Koordinat Longitude (X)": 105.229256,
        "Fungsi Bangunan": "Rumah Tinggal",
        "Klasifikasi": "Hunian",
        "Jumlah Lantai": 1,
        "Material Dominan": "Beton Bertulang",
        "Sistem Stuktur Tampak": "Rangka Beton Bertulang",
        "Tipe Atap": "Pelana",
        "Material Penutup Atap": "Genteng",
        "Dinding Luar": "Bata Plaster",
        "Kondisi Visual": "Baik",
        "Kode Material": "MCF (batu bata bertulang)",
        "Kode Sistem Struktur": "LFINF",
        "Tingkat Keyakinan": "Tinggi",
        "Dokumetasi": null,
        "Kode Fungsi": "F01",
        "Klasifikasi Fungsi": "Hunian",
        "KODE MATERIAL": "MCF",
        "KODE SISTEM STRUKTUR": "LFINF",
        "KODE TIPE ATAP": "RSH2",
        "KODE MATERIAL PENUTUP ATAP": "RMT1",
        "KODE DINDING LUAR": "EWMA",
        "KODE KONDISI VISUAL ": "CV1",
        "JUMLAH LANTAI": "HEX:1",
        "TAKSONOMI": "MCF/LFINF/RSH2/RMT1/EWMA/CV1/HEX:1",
        "KODE SIGKAT": "MCF \\LFINF\\HEX:1",
        "LUAS_M2": 91.5691227528,
        "Koefisien": 1.0,
        "Nilai Exposure": 459676996.219056,
        "Klasifikasi Rentang Exposure": "Rp14.611.983,05 - Rp638.909.581,39",
        "koreksi_koordinat": "TIDAK"
      },
      "geometry": {
        "type": "Point",
        "coordinates": [
          105.229256,
          -5.546332
        ]
      }
    },
    {
      "type": "Feature",
      "properties": {
        "Nomor": 416,
        "NO": 416,
        "ID Bangunan": "Blok B (SDI-B125-125)",
        "Blok": "B",
        "Koordinat Latitude (Y)": -5.546512,
        "Koordinat Longitude (X)": 105.229265,
        "Fungsi Bangunan": "Rumah Tinggal",
        "Klasifikasi": "Hunian",
        "Jumlah Lantai": 1,
        "Material Dominan": "Pasang Bata",
        "Sistem Stuktur Tampak": "Dinding Pemikul",
        "Tipe Atap": "Pelana",
        "Material Penutup Atap": "Genteng",
        "Dinding Luar": "Bata Plaster",
        "Kondisi Visual": "Baik",
        "Kode Material": "MUR (batu bata tanpa tulang)",
        "Kode Sistem Struktur": "LWAL",
        "Tingkat Keyakinan": "Tinggi",
        "Dokumetasi": null,
        "Kode Fungsi": "F01",
        "Klasifikasi Fungsi": "Hunian",
        "KODE MATERIAL": "MUR",
        "KODE SISTEM STRUKTUR": "LWAL",
        "KODE TIPE ATAP": "RSH2",
        "KODE MATERIAL PENUTUP ATAP": "RMT1",
        "KODE DINDING LUAR": "EWMA",
        "KODE KONDISI VISUAL ": "CV1",
        "JUMLAH LANTAI": "HEX:1",
        "TAKSONOMI": "MUR/LWAL/RSH2/RMT1/EWMA/CV1/HEX:1",
        "KODE SIGKAT": "MUR \\LWAL\\HEX:1",
        "LUAS_M2": 232.882385786,
        "Koefisien": 1.0,
        "Nilai Exposure": 1169069576.64572,
        "Klasifikasi Rentang Exposure": "> Rp1.136.724.268,30 - Rp1.856.590.180,23",
        "koreksi_koordinat": "TIDAK"
      },
      "geometry": {
        "type": "Point",
        "coordinates": [
          105.229265,
          -5.546512
        ]
      }
    },
    {
      "type": "Feature",
      "properties": {
        "Nomor": 417,
        "NO": 417,
        "ID Bangunan": "Blok B (SDI-B126-126)",
        "Blok": "B",
        "Koordinat Latitude (Y)": -5.546709,
        "Koordinat Longitude (X)": 105.229326,
        "Fungsi Bangunan": "Rumah Tinggal",
        "Klasifikasi": "Hunian",
        "Jumlah Lantai": 1,
        "Material Dominan": "Pasang Bata",
        "Sistem Stuktur Tampak": "Dinding Pemikul",
        "Tipe Atap": "Limasan",
        "Material Penutup Atap": "Genteng",
        "Dinding Luar": "Bata Plaster",
        "Kondisi Visual": "Baik",
        "Kode Material": "MUR (batu bata tanpa tulang)",
        "Kode Sistem Struktur": "LWAL",
        "Tingkat Keyakinan": "Tinggi",
        "Dokumetasi": null,
        "Kode Fungsi": "F01",
        "Klasifikasi Fungsi": "Hunian",
        "KODE MATERIAL": "MUR",
        "KODE SISTEM STRUKTUR": "LWAL",
        "KODE TIPE ATAP": "RSH3",
        "KODE MATERIAL PENUTUP ATAP": "RMT1",
        "KODE DINDING LUAR": "EWMA",
        "KODE KONDISI VISUAL ": "CV1",
        "JUMLAH LANTAI": "HEX:1",
        "TAKSONOMI": "MUR/LWAL/RSH3/RMT1/EWMA/CV1/HEX:1",
        "KODE SIGKAT": "MUR \\LWAL\\HEX:1",
        "LUAS_M2": 124.125121642,
        "Koefisien": 1.0,
        "Nilai Exposure": 623108110.64284,
        "Klasifikasi Rentang Exposure": "Rp14.611.983,05 - Rp638.909.581,39",
        "koreksi_koordinat": "TIDAK"
      },
      "geometry": {
        "type": "Point",
        "coordinates": [
          105.229326,
          -5.546709
        ]
      }
    },
    {
      "type": "Feature",
      "properties": {
        "Nomor": 418,
        "NO": 418,
        "ID Bangunan": "Blok B (SDI-B127-127)",
        "Blok": "B",
        "Koordinat Latitude (Y)": -5.546613,
        "Koordinat Longitude (X)": 105.229398,
        "Fungsi Bangunan": "Rumah Tinggal",
        "Klasifikasi": "Hunian",
        "Jumlah Lantai": 1,
        "Material Dominan": "Pasang Bata",
        "Sistem Stuktur Tampak": "Dinding Pemikul",
        "Tipe Atap": "Pelana",
        "Material Penutup Atap": "Genteng",
        "Dinding Luar": "Bata Ekspos",
        "Kondisi Visual": "Baik",
        "Kode Material": "MUR (batu bata tanpa tulang)",
        "Kode Sistem Struktur": "LWAL",
        "Tingkat Keyakinan": "Tinggi",
        "Dokumetasi": null,
        "Kode Fungsi": "F01",
        "Klasifikasi Fungsi": "Hunian",
        "KODE MATERIAL": "MUR",
        "KODE SISTEM STRUKTUR": "LWAL",
        "KODE TIPE ATAP": "RSH2",
        "KODE MATERIAL PENUTUP ATAP": "RMT1",
        "KODE DINDING LUAR": "EWMA",
        "KODE KONDISI VISUAL ": "CV1",
        "JUMLAH LANTAI": "HEX:1",
        "TAKSONOMI": "MUR/LWAL/RSH2/RMT1/EWMA/CV1/HEX:1",
        "KODE SIGKAT": "MUR \\LWAL\\HEX:1",
        "LUAS_M2": 195.223684314,
        "Koefisien": 1.0,
        "Nilai Exposure": 980022895.25628,
        "Klasifikasi Rentang Exposure": "> Rp638.909.581,39 - Rp1.136.724.268,30",
        "koreksi_koordinat": "TIDAK"
      },
      "geometry": {
        "type": "Point",
        "coordinates": [
          105.229398,
          -5.546613
        ]
      }
    },
    {
      "type": "Feature",
      "properties": {
        "Nomor": 419,
        "NO": 419,
        "ID Bangunan": "Blok B (SDI-B128-128)",
        "Blok": "B",
        "Koordinat Latitude (Y)": -5.546484,
        "Koordinat Longitude (X)": 105.230178,
        "Fungsi Bangunan": "Rumah Tinggal",
        "Klasifikasi": "Hunian",
        "Jumlah Lantai": 1,
        "Material Dominan": "Pasang Bata",
        "Sistem Stuktur Tampak": "Dinding Pemikul",
        "Tipe Atap": "Pelana",
        "Material Penutup Atap": "Genteng",
        "Dinding Luar": "Bata Plaster",
        "Kondisi Visual": "Baik",
        "Kode Material": "MUR (batu bata tanpa tulang)",
        "Kode Sistem Struktur": "LWAL",
        "Tingkat Keyakinan": "Tinggi",
        "Dokumetasi": null,
        "Kode Fungsi": "F01",
        "Klasifikasi Fungsi": "Hunian",
        "KODE MATERIAL": "MUR",
        "KODE SISTEM STRUKTUR": "LWAL",
        "KODE TIPE ATAP": "RSH2",
        "KODE MATERIAL PENUTUP ATAP": "RMT1",
        "KODE DINDING LUAR": "EWMA",
        "KODE KONDISI VISUAL ": "CV1",
        "JUMLAH LANTAI": "HEX:1",
        "TAKSONOMI": "MUR/LWAL/RSH2/RMT1/EWMA/CV1/HEX:1",
        "KODE SIGKAT": "MUR \\LWAL\\HEX:1",
        "LUAS_M2": 142.811909151,
        "Koefisien": 1.0,
        "Nilai Exposure": 716915783.93802,
        "Klasifikasi Rentang Exposure": "> Rp638.909.581,39 - Rp1.136.724.268,30",
        "koreksi_koordinat": "TIDAK"
      },
      "geometry": {
        "type": "Point",
        "coordinates": [
          105.230178,
          -5.546484
        ]
      }
    },
    {
      "type": "Feature",
      "properties": {
        "Nomor": 420,
        "NO": 420,
        "ID Bangunan": "Blok B (SDI-B129-129)",
        "Blok": "B",
        "Koordinat Latitude (Y)": -5.545766,
        "Koordinat Longitude (X)": 105.229967,
        "Fungsi Bangunan": "Rumah Tinggal",
        "Klasifikasi": "Hunian",
        "Jumlah Lantai": 1,
        "Material Dominan": "Pasang Bata",
        "Sistem Stuktur Tampak": "Dinding Pemikul",
        "Tipe Atap": "Pelana",
        "Material Penutup Atap": "Genteng",
        "Dinding Luar": "Bata Ekspos",
        "Kondisi Visual": "Baik",
        "Kode Material": "MUR (batu bata tanpa tulang)",
        "Kode Sistem Struktur": "LWAL",
        "Tingkat Keyakinan": "Tinggi",
        "Dokumetasi": null,
        "Kode Fungsi": "F01",
        "Klasifikasi Fungsi": "Hunian",
        "KODE MATERIAL": "MUR",
        "KODE SISTEM STRUKTUR": "LWAL",
        "KODE TIPE ATAP": "RSH2",
        "KODE MATERIAL PENUTUP ATAP": "RMT1",
        "KODE DINDING LUAR": "EWMA",
        "KODE KONDISI VISUAL ": "CV1",
        "JUMLAH LANTAI": "HEX:1",
        "TAKSONOMI": "MUR/LWAL/RSH2/RMT1/EWMA/CV1/HEX:1",
        "KODE SIGKAT": "MUR \\LWAL\\HEX:1",
        "LUAS_M2": 327.024772563,
        "Koefisien": 1.0,
        "Nilai Exposure": 1641664358.26626,
        "Klasifikasi Rentang Exposure": "> Rp1.136.724.268,30 - Rp1.856.590.180,23",
        "koreksi_koordinat": "TIDAK"
      },
      "geometry": {
        "type": "Point",
        "coordinates": [
          105.229967,
          -5.545766
        ]
      }
    },
    {
      "type": "Feature",
      "properties": {
        "Nomor": 421,
        "NO": 421,
        "ID Bangunan": "Blok B (SDI-B130-130)",
        "Blok": "B",
        "Koordinat Latitude (Y)": -5.546213,
        "Koordinat Longitude (X)": 105.228476,
        "Fungsi Bangunan": "Rumah Tinggal",
        "Klasifikasi": "Hunian",
        "Jumlah Lantai": 1,
        "Material Dominan": "Beton Bertulang",
        "Sistem Stuktur Tampak": "Rangka Beton Bertulang",
        "Tipe Atap": "Limasan",
        "Material Penutup Atap": "Genteng",
        "Dinding Luar": "Bata Plaster",
        "Kondisi Visual": "Baik",
        "Kode Material": "MCF (batu bata bertulang)",
        "Kode Sistem Struktur": "LFINF",
        "Tingkat Keyakinan": "Tinggi",
        "Dokumetasi": null,
        "Kode Fungsi": "F01",
        "Klasifikasi Fungsi": "Hunian",
        "KODE MATERIAL": "MCF",
        "KODE SISTEM STRUKTUR": "LFINF",
        "KODE TIPE ATAP": "RSH3",
        "KODE MATERIAL PENUTUP ATAP": "RMT1",
        "KODE DINDING LUAR": "EWMA",
        "KODE KONDISI VISUAL ": "CV1",
        "JUMLAH LANTAI": "HEX:1",
        "TAKSONOMI": "MCF/LFINF/RSH3/RMT1/EWMA/CV1/HEX:1",
        "KODE SIGKAT": "MCF \\LFINF\\HEX:1",
        "LUAS_M2": 106.214517388,
        "Koefisien": 1.0,
        "Nilai Exposure": 533196877.28776,
        "Klasifikasi Rentang Exposure": "Rp14.611.983,05 - Rp638.909.581,39",
        "koreksi_koordinat": "TIDAK"
      },
      "geometry": {
        "type": "Point",
        "coordinates": [
          105.228476,
          -5.546213
        ]
      }
    },
    {
      "type": "Feature",
      "properties": {
        "Nomor": 422,
        "NO": 422,
        "ID Bangunan": "Blok B (SDI-B131-131)",
        "Blok": "B",
        "Koordinat Latitude (Y)": -5.546484,
        "Koordinat Longitude (X)": 105.228411,
        "Fungsi Bangunan": "Rumah Tinggal",
        "Klasifikasi": "Hunian",
        "Jumlah Lantai": 1,
        "Material Dominan": "Kayu",
        "Sistem Stuktur Tampak": "Rangka Kayu",
        "Tipe Atap": "Pelana",
        "Material Penutup Atap": "Genteng",
        "Dinding Luar": "Kayu",
        "Kondisi Visual": "Sedang",
        "Kode Material": "W (kayu)",
        "Kode Sistem Struktur": "LPB",
        "Tingkat Keyakinan": "Tinggi",
        "Dokumetasi": null,
        "Kode Fungsi": "F01",
        "Klasifikasi Fungsi": "Hunian",
        "KODE MATERIAL": "W",
        "KODE SISTEM STRUKTUR": "LPB",
        "KODE TIPE ATAP": "RSH2",
        "KODE MATERIAL PENUTUP ATAP": "RMT1",
        "KODE DINDING LUAR": "EWW",
        "KODE KONDISI VISUAL ": "CV2",
        "JUMLAH LANTAI": "HEX:1",
        "TAKSONOMI": "W/LPB/RSH2/RMT1/EWW/CV2/HEX:1",
        "KODE SIGKAT": "W \\LPB\\HEX:1",
        "LUAS_M2": 106.214517388,
        "Koefisien": 1.0,
        "Nilai Exposure": 533196877.28776,
        "Klasifikasi Rentang Exposure": "Rp14.611.983,05 - Rp638.909.581,39",
        "koreksi_koordinat": "TIDAK"
      },
      "geometry": {
        "type": "Point",
        "coordinates": [
          105.228411,
          -5.546484
        ]
      }
    },
    {
      "type": "Feature",
      "properties": {
        "Nomor": 423,
        "NO": 423,
        "ID Bangunan": "Blok B (SDI-B132-132)",
        "Blok": "B",
        "Koordinat Latitude (Y)": -5.546576,
        "Koordinat Longitude (X)": 105.228393,
        "Fungsi Bangunan": "Rumah Tinggal",
        "Klasifikasi": "Hunian",
        "Jumlah Lantai": 1,
        "Material Dominan": "Pasang Bata",
        "Sistem Stuktur Tampak": "Rangka Beton Bertulang",
        "Tipe Atap": "Pelana",
        "Material Penutup Atap": "Genteng",
        "Dinding Luar": "Bata Ekspos",
        "Kondisi Visual": "Baik",
        "Kode Material": "MCF (batu bata bertulang)",
        "Kode Sistem Struktur": "LFINF",
        "Tingkat Keyakinan": "Tinggi",
        "Dokumetasi": null,
        "Kode Fungsi": "F01",
        "Klasifikasi Fungsi": "Hunian",
        "KODE MATERIAL": "MCF",
        "KODE SISTEM STRUKTUR": "LFINF",
        "KODE TIPE ATAP": "RSH2",
        "KODE MATERIAL PENUTUP ATAP": "RMT1",
        "KODE DINDING LUAR": "EWMA",
        "KODE KONDISI VISUAL ": "CV1",
        "JUMLAH LANTAI": "HEX:1",
        "TAKSONOMI": "MCF/LFINF/RSH2/RMT1/EWMA/CV1/HEX:1",
        "KODE SIGKAT": "MCF \\LFINF\\HEX:1",
        "LUAS_M2": 194.269679976,
        "Koefisien": 1.0,
        "Nilai Exposure": 975233793.47952,
        "Klasifikasi Rentang Exposure": "> Rp638.909.581,39 - Rp1.136.724.268,30",
        "koreksi_koordinat": "TIDAK"
      },
      "geometry": {
        "type": "Point",
        "coordinates": [
          105.228393,
          -5.546576
        ]
      }
    },
    {
      "type": "Feature",
      "properties": {
        "Nomor": 424,
        "NO": 424,
        "ID Bangunan": "Blok B (SDI-B133-133)",
        "Blok": "B",
        "Koordinat Latitude (Y)": -5.546264,
        "Koordinat Longitude (X)": 105.228232,
        "Fungsi Bangunan": "Rumah Tinggal",
        "Klasifikasi": "Hunian",
        "Jumlah Lantai": 1,
        "Material Dominan": "Beton Bertulang",
        "Sistem Stuktur Tampak": "Rangka Beton Bertulang",
        "Tipe Atap": "Limasan",
        "Material Penutup Atap": "Genteng",
        "Dinding Luar": "Bata Plaster",
        "Kondisi Visual": "Baik",
        "Kode Material": "MCF (batu bata bertulang)",
        "Kode Sistem Struktur": "LFINF",
        "Tingkat Keyakinan": "Tinggi",
        "Dokumetasi": null,
        "Kode Fungsi": "F01",
        "Klasifikasi Fungsi": "Hunian",
        "KODE MATERIAL": "MCF",
        "KODE SISTEM STRUKTUR": "LFINF",
        "KODE TIPE ATAP": "RSH3",
        "KODE MATERIAL PENUTUP ATAP": "RMT1",
        "KODE DINDING LUAR": "EWMA",
        "KODE KONDISI VISUAL ": "CV1",
        "JUMLAH LANTAI": "HEX:1",
        "TAKSONOMI": "MCF/LFINF/RSH3/RMT1/EWMA/CV1/HEX:1",
        "KODE SIGKAT": "MCF \\LFINF\\HEX:1",
        "LUAS_M2": 76.3670286395,
        "Koefisien": 1.0,
        "Nilai Exposure": 383362483.77029,
        "Klasifikasi Rentang Exposure": "Rp14.611.983,05 - Rp638.909.581,39",
        "koreksi_koordinat": "TIDAK"
      },
      "geometry": {
        "type": "Point",
        "coordinates": [
          105.228232,
          -5.546264
        ]
      }
    },
    {
      "type": "Feature",
      "properties": {
        "Nomor": 425,
        "NO": 425,
        "ID Bangunan": "Blok B (SDI-B133-133)",
        "Blok": "B",
        "Koordinat Latitude (Y)": -5.546112,
        "Koordinat Longitude (X)": 105.228223,
        "Fungsi Bangunan": "Rumah Tinggal",
        "Klasifikasi": "Hunian",
        "Jumlah Lantai": 1,
        "Material Dominan": "Kayu",
        "Sistem Stuktur Tampak": "Rangka Kayu",
        "Tipe Atap": "Pelana",
        "Material Penutup Atap": "Genteng",
        "Dinding Luar": "Kayu",
        "Kondisi Visual": "Baik",
        "Kode Material": "W (kayu)",
        "Kode Sistem Struktur": "LPB",
        "Tingkat Keyakinan": "Tinggi",
        "Dokumetasi": null,
        "Kode Fungsi": "F01",
        "Klasifikasi Fungsi": "Hunian",
        "KODE MATERIAL": "W",
        "KODE SISTEM STRUKTUR": "LPB",
        "KODE TIPE ATAP": "RSH2",
        "KODE MATERIAL PENUTUP ATAP": "RMT1",
        "KODE DINDING LUAR": "EWW",
        "KODE KONDISI VISUAL ": "CV1",
        "JUMLAH LANTAI": "HEX:1",
        "TAKSONOMI": "W/LPB/RSH2/RMT1/EWW/CV1/HEX:1",
        "KODE SIGKAT": "W \\LPB\\HEX:1",
        "LUAS_M2": 187.169094775,
        "Koefisien": 1.0,
        "Nilai Exposure": 939588855.7705,
        "Klasifikasi Rentang Exposure": "> Rp638.909.581,39 - Rp1.136.724.268,30",
        "koreksi_koordinat": "TIDAK"
      },
      "geometry": {
        "type": "Point",
        "coordinates": [
          105.228223,
          -5.546112
        ]
      }
    },
    {
      "type": "Feature",
      "properties": {
        "Nomor": 426,
        "NO": 426,
        "ID Bangunan": "Blok B (SDI-B134-134)",
        "Blok": "B",
        "Koordinat Latitude (Y)": -5.54602,
        "Koordinat Longitude (X)": 105.228154,
        "Fungsi Bangunan": "Rumah Tinggal",
        "Klasifikasi": "Hunian",
        "Jumlah Lantai": 1,
        "Material Dominan": "Pasang Bata",
        "Sistem Stuktur Tampak": "Dinding Pemikul",
        "Tipe Atap": "Pelana",
        "Material Penutup Atap": "Genteng",
        "Dinding Luar": "Bata Ekspos",
        "Kondisi Visual": "Baik",
        "Kode Material": "MUR (batu bata tanpa tulang)",
        "Kode Sistem Struktur": "LWAL",
        "Tingkat Keyakinan": "Tinggi",
        "Dokumetasi": null,
        "Kode Fungsi": "F01",
        "Klasifikasi Fungsi": "Hunian",
        "KODE MATERIAL": "MUR",
        "KODE SISTEM STRUKTUR": "LWAL",
        "KODE TIPE ATAP": "RSH2",
        "KODE MATERIAL PENUTUP ATAP": "RMT1",
        "KODE DINDING LUAR": "EWMA",
        "KODE KONDISI VISUAL ": "CV1",
        "JUMLAH LANTAI": "HEX:1",
        "TAKSONOMI": "MUR/LWAL/RSH2/RMT1/EWMA/CV1/HEX:1",
        "KODE SIGKAT": "MUR \\LWAL\\HEX:1",
        "LUAS_M2": 168.031371423,
        "Koefisien": 1.0,
        "Nilai Exposure": 843517484.54346,
        "Klasifikasi Rentang Exposure": "> Rp638.909.581,39 - Rp1.136.724.268,30",
        "koreksi_koordinat": "TIDAK"
      },
      "geometry": {
        "type": "Point",
        "coordinates": [
          105.228154,
          -5.54602
        ]
      }
    },
    {
      "type": "Feature",
      "properties": {
        "Nomor": 427,
        "NO": 427,
        "ID Bangunan": "Blok B (SDI-B135-135)",
        "Blok": "B",
        "Koordinat Latitude (Y)": -5.545873,
        "Koordinat Longitude (X)": 105.228026,
        "Fungsi Bangunan": "Rumah Tinggal",
        "Klasifikasi": "Hunian",
        "Jumlah Lantai": 1,
        "Material Dominan": "Beton Bertulang",
        "Sistem Stuktur Tampak": "Rangka Beton Bertulang",
        "Tipe Atap": "Limasan",
        "Material Penutup Atap": "Genteng",
        "Dinding Luar": "Bata Plaster",
        "Kondisi Visual": "Baik",
        "Kode Material": "MCF (batu bata bertulang)",
        "Kode Sistem Struktur": "LFINF",
        "Tingkat Keyakinan": "Tinggi",
        "Dokumetasi": null,
        "Kode Fungsi": "F01",
        "Klasifikasi Fungsi": "Hunian",
        "KODE MATERIAL": "MCF",
        "KODE SISTEM STRUKTUR": "LFINF",
        "KODE TIPE ATAP": "RSH3",
        "KODE MATERIAL PENUTUP ATAP": "RMT1",
        "KODE DINDING LUAR": "EWMA",
        "KODE KONDISI VISUAL ": "CV1",
        "JUMLAH LANTAI": "HEX:1",
        "TAKSONOMI": "MCF/LFINF/RSH3/RMT1/EWMA/CV1/HEX:1",
        "KODE SIGKAT": "MCF \\LFINF\\HEX:1",
        "LUAS_M2": 187.169094775,
        "Koefisien": 1.0,
        "Nilai Exposure": 939588855.7705,
        "Klasifikasi Rentang Exposure": "> Rp638.909.581,39 - Rp1.136.724.268,30",
        "koreksi_koordinat": "TIDAK"
      },
      "geometry": {
        "type": "Point",
        "coordinates": [
          105.228026,
          -5.545873
        ]
      }
    },
    {
      "type": "Feature",
      "properties": {
        "Nomor": 428,
        "NO": 428,
        "ID Bangunan": "Blok B (SDI-B136-136)",
        "Blok": "B",
        "Koordinat Latitude (Y)": -5.545988,
        "Koordinat Longitude (X)": 105.228017,
        "Fungsi Bangunan": "Rumah Tinggal",
        "Klasifikasi": "Hunian",
        "Jumlah Lantai": 1,
        "Material Dominan": "Pasang Bata",
        "Sistem Stuktur Tampak": "Dinding Pemikul",
        "Tipe Atap": "Kombinasi",
        "Material Penutup Atap": "Genteng dan Beton",
        "Dinding Luar": "Campuran",
        "Kondisi Visual": "Baik",
        "Kode Material": "MUR (batu bata tanpa tulang)",
        "Kode Sistem Struktur": "LWAL",
        "Tingkat Keyakinan": "Tinggi",
        "Dokumetasi": null,
        "Kode Fungsi": "F01",
        "Klasifikasi Fungsi": "Hunian",
        "KODE MATERIAL": "MUR",
        "KODE SISTEM STRUKTUR": "LWAL",
        "KODE TIPE ATAP": "RSH8",
        "KODE MATERIAL PENUTUP ATAP": "RMT1+RMT6",
        "KODE DINDING LUAR": "EWO",
        "KODE KONDISI VISUAL ": "CV1",
        "JUMLAH LANTAI": "HEX:1",
        "TAKSONOMI": "MUR/LWAL/RSH8/RMT1+RMT6/EWO/CV1/HEX:1",
        "KODE SIGKAT": "MUR \\LWAL\\HEX:1",
        "LUAS_M2": 71.2554931341,
        "Koefisien": 1.0,
        "Nilai Exposure": 357702575.533182,
        "Klasifikasi Rentang Exposure": "Rp14.611.983,05 - Rp638.909.581,39",
        "koreksi_koordinat": "TIDAK"
      },
      "geometry": {
        "type": "Point",
        "coordinates": [
          105.228017,
          -5.545988
        ]
      }
    },
    {
      "type": "Feature",
      "properties": {
        "Nomor": 429,
        "NO": 429,
        "ID Bangunan": "Blok B (SDI-B137-137)",
        "Blok": "B",
        "Koordinat Latitude (Y)": -5.54608,
        "Koordinat Longitude (X)": 105.227998,
        "Fungsi Bangunan": "Rumah Tinggal",
        "Klasifikasi": "Hunian",
        "Jumlah Lantai": 1,
        "Material Dominan": "Pasang Bata",
        "Sistem Stuktur Tampak": "Dinding Pemikul",
        "Tipe Atap": "Pelana",
        "Material Penutup Atap": "Genteng",
        "Dinding Luar": "Bata Plaster",
        "Kondisi Visual": "Baik",
        "Kode Material": "MUR (batu bata tanpa tulang)",
        "Kode Sistem Struktur": "LWAL",
        "Tingkat Keyakinan": "Tinggi",
        "Dokumetasi": null,
        "Kode Fungsi": "F01",
        "Klasifikasi Fungsi": "Hunian",
        "KODE MATERIAL": "MUR",
        "KODE SISTEM STRUKTUR": "LWAL",
        "KODE TIPE ATAP": "RSH2",
        "KODE MATERIAL PENUTUP ATAP": "RMT1",
        "KODE DINDING LUAR": "EWMA",
        "KODE KONDISI VISUAL ": "CV1",
        "JUMLAH LANTAI": "HEX:1",
        "TAKSONOMI": "MUR/LWAL/RSH2/RMT1/EWMA/CV1/HEX:1",
        "KODE SIGKAT": "MUR \\LWAL\\HEX:1",
        "LUAS_M2": 187.169094775,
        "Koefisien": 1.0,
        "Nilai Exposure": 939588855.7705,
        "Klasifikasi Rentang Exposure": "> Rp638.909.581,39 - Rp1.136.724.268,30",
        "koreksi_koordinat": "TIDAK"
      },
      "geometry": {
        "type": "Point",
        "coordinates": [
          105.227998,
          -5.54608
        ]
      }
    },
    {
      "type": "Feature",
      "properties": {
        "Nomor": 430,
        "NO": 430,
        "ID Bangunan": "Blok B (SDI-B138-138)",
        "Blok": "B",
        "Koordinat Latitude (Y)": -5.54602,
        "Koordinat Longitude (X)": 105.228154,
        "Fungsi Bangunan": "Rumah Tinggal",
        "Klasifikasi": "Hunian",
        "Jumlah Lantai": 1,
        "Material Dominan": "Pasang Bata",
        "Sistem Stuktur Tampak": "Dinding Pemikul",
        "Tipe Atap": "Pelana",
        "Material Penutup Atap": "Genteng",
        "Dinding Luar": "Bata Ekspos",
        "Kondisi Visual": "Baik",
        "Kode Material": "MUR (batu bata tanpa tulang)",
        "Kode Sistem Struktur": "LWAL",
        "Tingkat Keyakinan": "Tinggi",
        "Dokumetasi": null,
        "Kode Fungsi": "F01",
        "Klasifikasi Fungsi": "Hunian",
        "KODE MATERIAL": "MUR",
        "KODE SISTEM STRUKTUR": "LWAL",
        "KODE TIPE ATAP": "RSH2",
        "KODE MATERIAL PENUTUP ATAP": "RMT1",
        "KODE DINDING LUAR": "EWMA",
        "KODE KONDISI VISUAL ": "CV1",
        "JUMLAH LANTAI": "HEX:1",
        "TAKSONOMI": "MUR/LWAL/RSH2/RMT1/EWMA/CV1/HEX:1",
        "KODE SIGKAT": "MUR \\LWAL\\HEX:1",
        "LUAS_M2": 137.745354782,
        "Koefisien": 1.0,
        "Nilai Exposure": 691481681.0056399,
        "Klasifikasi Rentang Exposure": "> Rp638.909.581,39 - Rp1.136.724.268,30",
        "koreksi_koordinat": "TIDAK"
      },
      "geometry": {
        "type": "Point",
        "coordinates": [
          105.228154,
          -5.54602
        ]
      }
    },
    {
      "type": "Feature",
      "properties": {
        "Nomor": 431,
        "NO": 431,
        "ID Bangunan": "Blok B (SDI-B139-139)",
        "Blok": "B",
        "Koordinat Latitude (Y)": -5.546245,
        "Koordinat Longitude (X)": 105.227888,
        "Fungsi Bangunan": "Rumah Tinggal",
        "Klasifikasi": "Hunian",
        "Jumlah Lantai": 1,
        "Material Dominan": "Beton Bertulang",
        "Sistem Stuktur Tampak": "Rangka Beton Bertulang",
        "Tipe Atap": "Limasan",
        "Material Penutup Atap": "Genteng",
        "Dinding Luar": "Campuran",
        "Kondisi Visual": "Baik",
        "Kode Material": "MCF (batu bata bertulang)",
        "Kode Sistem Struktur": "LFINF",
        "Tingkat Keyakinan": "Tinggi",
        "Dokumetasi": null,
        "Kode Fungsi": "F01",
        "Klasifikasi Fungsi": "Hunian",
        "KODE MATERIAL": "MCF",
        "KODE SISTEM STRUKTUR": "LFINF",
        "KODE TIPE ATAP": "RSH3",
        "KODE MATERIAL PENUTUP ATAP": "RMT1",
        "KODE DINDING LUAR": "EWO",
        "KODE KONDISI VISUAL ": "CV1",
        "JUMLAH LANTAI": "HEX:1",
        "TAKSONOMI": "MCF/LFINF/RSH3/RMT1/EWO/CV1/HEX:1",
        "KODE SIGKAT": "MCF \\LFINF\\HEX:1",
        "LUAS_M2": 189.923639741,
        "Koefisien": 1.0,
        "Nilai Exposure": 953416671.49982,
        "Klasifikasi Rentang Exposure": "> Rp638.909.581,39 - Rp1.136.724.268,30",
        "koreksi_koordinat": "TIDAK"
      },
      "geometry": {
        "type": "Point",
        "coordinates": [
          105.227888,
          -5.546245
        ]
      }
    },
    {
      "type": "Feature",
      "properties": {
        "Nomor": 432,
        "NO": 432,
        "ID Bangunan": "Blok B (SDI-B139-139)",
        "Blok": "B",
        "Koordinat Latitude (Y)": -5.546392,
        "Koordinat Longitude (X)": 105.228044,
        "Fungsi Bangunan": "Rumah Tinggal",
        "Klasifikasi": "Hunian",
        "Jumlah Lantai": 1,
        "Material Dominan": "Pasang Bata",
        "Sistem Stuktur Tampak": "Dinding Pemikul",
        "Tipe Atap": "Pelana",
        "Material Penutup Atap": "Genteng",
        "Dinding Luar": "Bata Ekspos",
        "Kondisi Visual": "Baik",
        "Kode Material": "MUR (batu bata tanpa tulang)",
        "Kode Sistem Struktur": "LWAL",
        "Tingkat Keyakinan": "Tinggi",
        "Dokumetasi": null,
        "Kode Fungsi": "F01",
        "Klasifikasi Fungsi": "Hunian",
        "KODE MATERIAL": "MUR",
        "KODE SISTEM STRUKTUR": "LWAL",
        "KODE TIPE ATAP": "RSH2",
        "KODE MATERIAL PENUTUP ATAP": "RMT1",
        "KODE DINDING LUAR": "EWMA",
        "KODE KONDISI VISUAL ": "CV1",
        "JUMLAH LANTAI": "HEX:1",
        "TAKSONOMI": "MUR/LWAL/RSH2/RMT1/EWMA/CV1/HEX:1",
        "KODE SIGKAT": "MUR \\LWAL\\HEX:1",
        "LUAS_M2": 115.676879855,
        "Koefisien": 1.0,
        "Nilai Exposure": 580697936.8721,
        "Klasifikasi Rentang Exposure": "Rp14.611.983,05 - Rp638.909.581,39",
        "koreksi_koordinat": "TIDAK"
      },
      "geometry": {
        "type": "Point",
        "coordinates": [
          105.228044,
          -5.546392
        ]
      }
    },
    {
      "type": "Feature",
      "properties": {
        "Nomor": 433,
        "NO": 433,
        "ID Bangunan": "Blok B (SDI-B140-140)",
        "Blok": "B",
        "Koordinat Latitude (Y)": -5.546512,
        "Koordinat Longitude (X)": 105.228118,
        "Fungsi Bangunan": "Rumah Tinggal",
        "Klasifikasi": "Hunian",
        "Jumlah Lantai": 1,
        "Material Dominan": "Kayu",
        "Sistem Stuktur Tampak": "Rangka Kayu",
        "Tipe Atap": "Pelana",
        "Material Penutup Atap": "Genteng",
        "Dinding Luar": "Kayu",
        "Kondisi Visual": "Baik",
        "Kode Material": "W (kayu)",
        "Kode Sistem Struktur": "LPB",
        "Tingkat Keyakinan": "Tinggi",
        "Dokumetasi": null,
        "Kode Fungsi": "F01",
        "Klasifikasi Fungsi": "Hunian",
        "KODE MATERIAL": "W",
        "KODE SISTEM STRUKTUR": "LPB",
        "KODE TIPE ATAP": "RSH2",
        "KODE MATERIAL PENUTUP ATAP": "RMT1",
        "KODE DINDING LUAR": "EWW",
        "KODE KONDISI VISUAL ": "CV1",
        "JUMLAH LANTAI": "HEX:1",
        "TAKSONOMI": "W/LPB/RSH2/RMT1/EWW/CV1/HEX:1",
        "KODE SIGKAT": "W \\LPB\\HEX:1",
        "LUAS_M2": 115.676879855,
        "Koefisien": 1.0,
        "Nilai Exposure": 580697936.8721,
        "Klasifikasi Rentang Exposure": "Rp14.611.983,05 - Rp638.909.581,39",
        "koreksi_koordinat": "TIDAK"
      },
      "geometry": {
        "type": "Point",
        "coordinates": [
          105.228118,
          -5.546512
        ]
      }
    },
    {
      "type": "Feature",
      "properties": {
        "Nomor": 434,
        "NO": 434,
        "ID Bangunan": "Blok B (SDI-B141-141)",
        "Blok": "B",
        "Koordinat Latitude (Y)": -5.546553,
        "Koordinat Longitude (X)": 105.228145,
        "Fungsi Bangunan": "Rumah Tinggal",
        "Klasifikasi": "Hunian",
        "Jumlah Lantai": 1,
        "Material Dominan": "Pasang Bata",
        "Sistem Stuktur Tampak": "Dinding Pemikul",
        "Tipe Atap": "Limasan",
        "Material Penutup Atap": "Genteng",
        "Dinding Luar": "Bata Ekspos",
        "Kondisi Visual": "Baik",
        "Kode Material": "MUR (batu bata tanpa tulang)",
        "Kode Sistem Struktur": "LWAL",
        "Tingkat Keyakinan": "Tinggi",
        "Dokumetasi": null,
        "Kode Fungsi": "F01",
        "Klasifikasi Fungsi": "Hunian",
        "KODE MATERIAL": "MUR",
        "KODE SISTEM STRUKTUR": "LWAL",
        "KODE TIPE ATAP": "RSH3",
        "KODE MATERIAL PENUTUP ATAP": "RMT1",
        "KODE DINDING LUAR": "EWMA",
        "KODE KONDISI VISUAL ": "CV1",
        "JUMLAH LANTAI": "HEX:1",
        "TAKSONOMI": "MUR/LWAL/RSH3/RMT1/EWMA/CV1/HEX:1",
        "KODE SIGKAT": "MUR \\LWAL\\HEX:1",
        "LUAS_M2": 121.194728351,
        "Koefisien": 1.0,
        "Nilai Exposure": 608397536.3220199,
        "Klasifikasi Rentang Exposure": "Rp14.611.983,05 - Rp638.909.581,39",
        "koreksi_koordinat": "TIDAK"
      },
      "geometry": {
        "type": "Point",
        "coordinates": [
          105.228145,
          -5.546553
        ]
      }
    },
    {
      "type": "Feature",
      "properties": {
        "Nomor": 435,
        "NO": 435,
        "ID Bangunan": "Blok B (SDI-B142-142)",
        "Blok": "B",
        "Koordinat Latitude (Y)": -5.550135,
        "Koordinat Longitude (X)": 105.229881,
        "Fungsi Bangunan": "Rumah Tinggal",
        "Klasifikasi": "Hunian",
        "Jumlah Lantai": 1,
        "Material Dominan": "Pasang Bata",
        "Sistem Stuktur Tampak": "Dinding Pemikul",
        "Tipe Atap": "Limasan",
        "Material Penutup Atap": "Genteng",
        "Dinding Luar": "Bata Ekspos",
        "Kondisi Visual": "Baik",
        "Kode Material": "MUR (batu bata tanpa tulang)",
        "Kode Sistem Struktur": "LWAL",
        "Tingkat Keyakinan": "Tinggi",
        "Dokumetasi": null,
        "Kode Fungsi": "F01",
        "Klasifikasi Fungsi": "Hunian",
        "KODE MATERIAL": "MUR",
        "KODE SISTEM STRUKTUR": "LWAL",
        "KODE TIPE ATAP": "RSH3",
        "KODE MATERIAL PENUTUP ATAP": "RMT1",
        "KODE DINDING LUAR": "EWMA",
        "KODE KONDISI VISUAL ": "CV1",
        "JUMLAH LANTAI": "HEX:1",
        "TAKSONOMI": "MUR/LWAL/RSH3/RMT1/EWMA/CV1/HEX:1",
        "KODE SIGKAT": "MUR \\LWAL\\HEX:1",
        "LUAS_M2": 142.97365204,
        "Koefisien": 1.0,
        "Nilai Exposure": 717727733.2407999,
        "Klasifikasi Rentang Exposure": "> Rp638.909.581,39 - Rp1.136.724.268,30",
        "koreksi_koordinat": "TIDAK"
      },
      "geometry": {
        "type": "Point",
        "coordinates": [
          105.229881,
          -5.550135
        ]
      }
    },
    {
      "type": "Feature",
      "properties": {
        "Nomor": 436,
        "NO": 436,
        "ID Bangunan": "Blok B (SDI-B143-143)",
        "Blok": "B",
        "Koordinat Latitude (Y)": -5.550738,
        "Koordinat Longitude (X)": 105.22945,
        "Fungsi Bangunan": "Rumah Tinggal",
        "Klasifikasi": "Hunian",
        "Jumlah Lantai": 1,
        "Material Dominan": "Pasang Bata",
        "Sistem Stuktur Tampak": "Campuran",
        "Tipe Atap": "Pelana",
        "Material Penutup Atap": "Genteng",
        "Dinding Luar": "Campuran",
        "Kondisi Visual": "Baik",
        "Kode Material": "MUR (batu bata tanpa tulang)",
        "Kode Sistem Struktur": "LWAL",
        "Tingkat Keyakinan": "Tinggi",
        "Dokumetasi": null,
        "Kode Fungsi": "F01",
        "Klasifikasi Fungsi": "Hunian",
        "KODE MATERIAL": "MUR",
        "KODE SISTEM STRUKTUR": "LWAL",
        "KODE TIPE ATAP": "RSH2",
        "KODE MATERIAL PENUTUP ATAP": "RMT1",
        "KODE DINDING LUAR": "EWO",
        "KODE KONDISI VISUAL ": "CV1",
        "JUMLAH LANTAI": "HEX:1",
        "TAKSONOMI": "MUR/LWAL/RSH2/RMT1/EWO/CV1/HEX:1",
        "KODE SIGKAT": "MUR \\LWAL\\HEX:1",
        "LUAS_M2": 119.832180896,
        "Koefisien": 1.0,
        "Nilai Exposure": 601557548.09792,
        "Klasifikasi Rentang Exposure": "Rp14.611.983,05 - Rp638.909.581,39",
        "koreksi_koordinat": "TIDAK"
      },
      "geometry": {
        "type": "Point",
        "coordinates": [
          105.22945,
          -5.550738
        ]
      }
    },
    {
      "type": "Feature",
      "properties": {
        "Nomor": 437,
        "NO": 437,
        "ID Bangunan": "Blok B (SDI-B144-144)",
        "Blok": "B",
        "Koordinat Latitude (Y)": -5.550867,
        "Koordinat Longitude (X)": 105.229633,
        "Fungsi Bangunan": "Rumah Tinggal",
        "Klasifikasi": "Hunian",
        "Jumlah Lantai": 1,
        "Material Dominan": "Pasang Bata",
        "Sistem Stuktur Tampak": "Dinding Pemikul",
        "Tipe Atap": "Pelana",
        "Material Penutup Atap": "Seng",
        "Dinding Luar": "Bata Ekspos",
        "Kondisi Visual": "Baik",
        "Kode Material": "MUR (batu bata tanpa tulang)",
        "Kode Sistem Struktur": "LWAL",
        "Tingkat Keyakinan": "Tinggi",
        "Dokumetasi": null,
        "Kode Fungsi": "F01",
        "Klasifikasi Fungsi": "Hunian",
        "KODE MATERIAL": "MUR",
        "KODE SISTEM STRUKTUR": "LWAL",
        "KODE TIPE ATAP": "RSH2",
        "KODE MATERIAL PENUTUP ATAP": "RMT2",
        "KODE DINDING LUAR": "EWMA",
        "KODE KONDISI VISUAL ": "CV1",
        "JUMLAH LANTAI": "HEX:1",
        "TAKSONOMI": "MUR/LWAL/RSH2/RMT2/EWMA/CV1/HEX:1",
        "KODE SIGKAT": "MUR \\LWAL\\HEX:1",
        "LUAS_M2": 173.871667223,
        "Koefisien": 1.0,
        "Nilai Exposure": 872835769.45946,
        "Klasifikasi Rentang Exposure": "> Rp638.909.581,39 - Rp1.136.724.268,30",
        "koreksi_koordinat": "TIDAK"
      },
      "geometry": {
        "type": "Point",
        "coordinates": [
          105.229633,
          -5.550867
        ]
      }
    },
    {
      "type": "Feature",
      "properties": {
        "Nomor": 438,
        "NO": 438,
        "ID Bangunan": "Blok B (SDI-B145-145)",
        "Blok": "B",
        "Koordinat Latitude (Y)": -5.550945,
        "Koordinat Longitude (X)": 105.229785,
        "Fungsi Bangunan": "Rumah Tinggal",
        "Klasifikasi": "Hunian",
        "Jumlah Lantai": 1,
        "Material Dominan": "Beton Bertulang",
        "Sistem Stuktur Tampak": "Rangka Beton Bertulang",
        "Tipe Atap": "Pelana",
        "Material Penutup Atap": "Genteng",
        "Dinding Luar": "Bata Ekspos",
        "Kondisi Visual": "Baik",
        "Kode Material": "MCF (batu bata bertulang)",
        "Kode Sistem Struktur": "LFINF",
        "Tingkat Keyakinan": "Tinggi",
        "Dokumetasi": null,
        "Kode Fungsi": "F01",
        "Klasifikasi Fungsi": "Hunian",
        "KODE MATERIAL": "MCF",
        "KODE SISTEM STRUKTUR": "LFINF",
        "KODE TIPE ATAP": "RSH2",
        "KODE MATERIAL PENUTUP ATAP": "RMT1",
        "KODE DINDING LUAR": "EWMA",
        "KODE KONDISI VISUAL ": "CV1",
        "JUMLAH LANTAI": "HEX:1",
        "TAKSONOMI": "MCF/LFINF/RSH2/RMT1/EWMA/CV1/HEX:1",
        "KODE SIGKAT": "MCF \\LFINF\\HEX:1",
        "LUAS_M2": 120.842660199,
        "Koefisien": 1.0,
        "Nilai Exposure": 606630154.19898,
        "Klasifikasi Rentang Exposure": "Rp14.611.983,05 - Rp638.909.581,39",
        "koreksi_koordinat": "TIDAK"
      },
      "geometry": {
        "type": "Point",
        "coordinates": [
          105.229785,
          -5.550945
        ]
      }
    },
    {
      "type": "Feature",
      "properties": {
        "Nomor": 439,
        "NO": 439,
        "ID Bangunan": "Blok B (SDI-B146-146)",
        "Blok": "B",
        "Koordinat Latitude (Y)": -5.551184,
        "Koordinat Longitude (X)": 105.229555,
        "Fungsi Bangunan": "Rumah Tinggal",
        "Klasifikasi": "Hunian",
        "Jumlah Lantai": 1,
        "Material Dominan": "Pasang Bata",
        "Sistem Stuktur Tampak": "Dinding Pemikul",
        "Tipe Atap": "Pelana",
        "Material Penutup Atap": "Genteng",
        "Dinding Luar": "Bata Ekspos",
        "Kondisi Visual": "Baik",
        "Kode Material": "MUR (batu bata tanpa tulang)",
        "Kode Sistem Struktur": "LWAL",
        "Tingkat Keyakinan": "Tinggi",
        "Dokumetasi": null,
        "Kode Fungsi": "F01",
        "Klasifikasi Fungsi": "Hunian",
        "KODE MATERIAL": "MUR",
        "KODE SISTEM STRUKTUR": "LWAL",
        "KODE TIPE ATAP": "RSH2",
        "KODE MATERIAL PENUTUP ATAP": "RMT1",
        "KODE DINDING LUAR": "EWMA",
        "KODE KONDISI VISUAL ": "CV1",
        "JUMLAH LANTAI": "HEX:1",
        "TAKSONOMI": "MUR/LWAL/RSH2/RMT1/EWMA/CV1/HEX:1",
        "KODE SIGKAT": "MUR \\LWAL\\HEX:1",
        "LUAS_M2": 104.824649875,
        "Koefisien": 1.0,
        "Nilai Exposure": 526219742.3725,
        "Klasifikasi Rentang Exposure": "Rp14.611.983,05 - Rp638.909.581,39",
        "koreksi_koordinat": "TIDAK"
      },
      "geometry": {
        "type": "Point",
        "coordinates": [
          105.229555,
          -5.551184
        ]
      }
    },
    {
      "type": "Feature",
      "properties": {
        "Nomor": 440,
        "NO": 440,
        "ID Bangunan": "Blok B (SDI-147-147)",
        "Blok": "B",
        "Koordinat Latitude (Y)": -5.551318,
        "Koordinat Longitude (X)": 105.229588,
        "Fungsi Bangunan": "Rumah Tinggal",
        "Klasifikasi": "Hunian",
        "Jumlah Lantai": 1,
        "Material Dominan": "Pasang Bata",
        "Sistem Stuktur Tampak": "Dinding Pemikul",
        "Tipe Atap": "Pelana",
        "Material Penutup Atap": "Genteng",
        "Dinding Luar": "Bata Plaster",
        "Kondisi Visual": "Baik",
        "Kode Material": "MUR (batu bata tanpa tulang)",
        "Kode Sistem Struktur": "LWAL",
        "Tingkat Keyakinan": "Tinggi",
        "Dokumetasi": null,
        "Kode Fungsi": "F01",
        "Klasifikasi Fungsi": "Hunian",
        "KODE MATERIAL": "MUR",
        "KODE SISTEM STRUKTUR": "LWAL",
        "KODE TIPE ATAP": "RSH2",
        "KODE MATERIAL PENUTUP ATAP": "RMT1",
        "KODE DINDING LUAR": "EWMA",
        "KODE KONDISI VISUAL ": "CV1",
        "JUMLAH LANTAI": "HEX:1",
        "TAKSONOMI": "MUR/LWAL/RSH2/RMT1/EWMA/CV1/HEX:1",
        "KODE SIGKAT": "MUR \\LWAL\\HEX:1",
        "LUAS_M2": 128.191218793,
        "Koefisien": 1.0,
        "Nilai Exposure": 643519918.34086,
        "Klasifikasi Rentang Exposure": "> Rp638.909.581,39 - Rp1.136.724.268,30",
        "koreksi_koordinat": "TIDAK"
      },
      "geometry": {
        "type": "Point",
        "coordinates": [
          105.229588,
          -5.551318
        ]
      }
    },
    {
      "type": "Feature",
      "properties": {
        "Nomor": 441,
        "NO": 441,
        "ID Bangunan": "Blok B (SDI-B149-149)",
        "Blok": "B",
        "Koordinat Latitude (Y)": -5.551318,
        "Koordinat Longitude (X)": 105.229386,
        "Fungsi Bangunan": "Rumah Tinggal",
        "Klasifikasi": "Hunian",
        "Jumlah Lantai": 1,
        "Material Dominan": "Pasang Bata",
        "Sistem Stuktur Tampak": "Dinding Pemikul",
        "Tipe Atap": "Limasan",
        "Material Penutup Atap": "Genteng",
        "Dinding Luar": "Bata Plaster",
        "Kondisi Visual": "Baik",
        "Kode Material": "MUR (batu bata tanpa tulang)",
        "Kode Sistem Struktur": "LWAL",
        "Tingkat Keyakinan": "Tinggi",
        "Dokumetasi": null,
        "Kode Fungsi": "F01",
        "Klasifikasi Fungsi": "Hunian",
        "KODE MATERIAL": "MUR",
        "KODE SISTEM STRUKTUR": "LWAL",
        "KODE TIPE ATAP": "RSH3",
        "KODE MATERIAL PENUTUP ATAP": "RMT1",
        "KODE DINDING LUAR": "EWMA",
        "KODE KONDISI VISUAL ": "CV1",
        "JUMLAH LANTAI": "HEX:1",
        "TAKSONOMI": "MUR/LWAL/RSH3/RMT1/EWMA/CV1/HEX:1",
        "KODE SIGKAT": "MUR \\LWAL\\HEX:1",
        "LUAS_M2": 156.75944762,
        "Koefisien": 1.0,
        "Nilai Exposure": 786932427.0524,
        "Klasifikasi Rentang Exposure": "> Rp638.909.581,39 - Rp1.136.724.268,30",
        "koreksi_koordinat": "TIDAK"
      },
      "geometry": {
        "type": "Point",
        "coordinates": [
          105.229386,
          -5.551318
        ]
      }
    },
    {
      "type": "Feature",
      "properties": {
        "Nomor": 442,
        "NO": 442,
        "ID Bangunan": "Blok B (SDI-B150-150)",
        "Blok": "B",
        "Koordinat Latitude (Y)": -5.551584,
        "Koordinat Longitude (X)": 105.229413,
        "Fungsi Bangunan": "Rumah Tinggal",
        "Klasifikasi": "Hunian",
        "Jumlah Lantai": 1,
        "Material Dominan": "Beton Bertulang",
        "Sistem Stuktur Tampak": "Rangka Beton Bertulang",
        "Tipe Atap": "Limasan",
        "Material Penutup Atap": "Genteng",
        "Dinding Luar": "Bata Plaster",
        "Kondisi Visual": "Baik",
        "Kode Material": "MCF (batu bata bertulang)",
        "Kode Sistem Struktur": "LFINF",
        "Tingkat Keyakinan": "Tinggi",
        "Dokumetasi": null,
        "Kode Fungsi": "F01",
        "Klasifikasi Fungsi": "Hunian",
        "KODE MATERIAL": "MCF",
        "KODE SISTEM STRUKTUR": "LFINF",
        "KODE TIPE ATAP": "RSH3",
        "KODE MATERIAL PENUTUP ATAP": "RMT1",
        "KODE DINDING LUAR": "EWMA",
        "KODE KONDISI VISUAL ": "CV1",
        "JUMLAH LANTAI": "HEX:1",
        "TAKSONOMI": "MCF/LFINF/RSH3/RMT1/EWMA/CV1/HEX:1",
        "KODE SIGKAT": "MCF \\LFINF\\HEX:1",
        "LUAS_M2": 101.414288666,
        "Koefisien": 1.0,
        "Nilai Exposure": 509099729.10332,
        "Klasifikasi Rentang Exposure": "Rp14.611.983,05 - Rp638.909.581,39",
        "koreksi_koordinat": "TIDAK"
      },
      "geometry": {
        "type": "Point",
        "coordinates": [
          105.229413,
          -5.551584
        ]
      }
    },
    {
      "type": "Feature",
      "properties": {
        "Nomor": 443,
        "NO": 443,
        "ID Bangunan": "Blok B (SDI-B151-151)",
        "Blok": "B",
        "Koordinat Latitude (Y)": -5.55152,
        "Koordinat Longitude (X)": 105.229312,
        "Fungsi Bangunan": "Rumah Tinggal",
        "Klasifikasi": "Hunian",
        "Jumlah Lantai": 1,
        "Material Dominan": "Pasang Bata",
        "Sistem Stuktur Tampak": "Dinding Pemikul",
        "Tipe Atap": "Pelana",
        "Material Penutup Atap": "Genteng",
        "Dinding Luar": "Bata Plaster",
        "Kondisi Visual": "Baik",
        "Kode Material": "MUR (batu bata tanpa tulang)",
        "Kode Sistem Struktur": "LWAL",
        "Tingkat Keyakinan": "Tinggi",
        "Dokumetasi": null,
        "Kode Fungsi": "F01",
        "Klasifikasi Fungsi": "Hunian",
        "KODE MATERIAL": "MUR",
        "KODE SISTEM STRUKTUR": "LWAL",
        "KODE TIPE ATAP": "RSH2",
        "KODE MATERIAL PENUTUP ATAP": "RMT1",
        "KODE DINDING LUAR": "EWMA",
        "KODE KONDISI VISUAL ": "CV1",
        "JUMLAH LANTAI": "HEX:1",
        "TAKSONOMI": "MUR/LWAL/RSH2/RMT1/EWMA/CV1/HEX:1",
        "KODE SIGKAT": "MUR \\LWAL\\HEX:1",
        "LUAS_M2": 150.621896051,
        "Koefisien": 1.0,
        "Nilai Exposure": 756121918.1760199,
        "Klasifikasi Rentang Exposure": "> Rp638.909.581,39 - Rp1.136.724.268,30",
        "koreksi_koordinat": "TIDAK"
      },
      "geometry": {
        "type": "Point",
        "coordinates": [
          105.229312,
          -5.55152
        ]
      }
    },
    {
      "type": "Feature",
      "properties": {
        "Nomor": 444,
        "NO": 444,
        "ID Bangunan": "Blok B (SDI-B152-152)",
        "Blok": "B",
        "Koordinat Latitude (Y)": -5.551488,
        "Koordinat Longitude (X)": 105.229138,
        "Fungsi Bangunan": "Rumah Tinggal",
        "Klasifikasi": "Hunian",
        "Jumlah Lantai": 1,
        "Material Dominan": "Pasang Bata",
        "Sistem Stuktur Tampak": "Dinding Pemikul",
        "Tipe Atap": "Pelana",
        "Material Penutup Atap": "Genteng",
        "Dinding Luar": "Bata Plaster",
        "Kondisi Visual": "Baik",
        "Kode Material": "MUR (batu bata tanpa tulang)",
        "Kode Sistem Struktur": "LWAL",
        "Tingkat Keyakinan": "Tinggi",
        "Dokumetasi": null,
        "Kode Fungsi": "F01",
        "Klasifikasi Fungsi": "Hunian",
        "KODE MATERIAL": "MUR",
        "KODE SISTEM STRUKTUR": "LWAL",
        "KODE TIPE ATAP": "RSH2",
        "KODE MATERIAL PENUTUP ATAP": "RMT1",
        "KODE DINDING LUAR": "EWMA",
        "KODE KONDISI VISUAL ": "CV1",
        "JUMLAH LANTAI": "HEX:1",
        "TAKSONOMI": "MUR/LWAL/RSH2/RMT1/EWMA/CV1/HEX:1",
        "KODE SIGKAT": "MUR \\LWAL\\HEX:1",
        "LUAS_M2": 102.7053239,
        "Koefisien": 1.0,
        "Nilai Exposure": 515580725.978,
        "Klasifikasi Rentang Exposure": "Rp14.611.983,05 - Rp638.909.581,39",
        "koreksi_koordinat": "TIDAK"
      },
      "geometry": {
        "type": "Point",
        "coordinates": [
          105.229138,
          -5.551488
        ]
      }
    },
    {
      "type": "Feature",
      "properties": {
        "Nomor": 445,
        "NO": 445,
        "ID Bangunan": "Blok B (SDI-B153-153)",
        "Blok": "B",
        "Koordinat Latitude (Y)": -5.551382,
        "Koordinat Longitude (X)": 105.228986,
        "Fungsi Bangunan": "Rumah Tinggal",
        "Klasifikasi": "Hunian",
        "Jumlah Lantai": 1,
        "Material Dominan": "Kayu",
        "Sistem Stuktur Tampak": "Rangka Kayu",
        "Tipe Atap": "Pelana",
        "Material Penutup Atap": "Seng",
        "Dinding Luar": "Kayu",
        "Kondisi Visual": "Baik",
        "Kode Material": "W (kayu)",
        "Kode Sistem Struktur": "LPB",
        "Tingkat Keyakinan": "Tinggi",
        "Dokumetasi": null,
        "Kode Fungsi": "F01",
        "Klasifikasi Fungsi": "Hunian",
        "KODE MATERIAL": "W",
        "KODE SISTEM STRUKTUR": "LPB",
        "KODE TIPE ATAP": "RSH2",
        "KODE MATERIAL PENUTUP ATAP": "RMT2",
        "KODE DINDING LUAR": "EWW",
        "KODE KONDISI VISUAL ": "CV1",
        "JUMLAH LANTAI": "HEX:1",
        "TAKSONOMI": "W/LPB/RSH2/RMT2/EWW/CV1/HEX:1",
        "KODE SIGKAT": "W \\LPB\\HEX:1",
        "LUAS_M2": 62.4372198256,
        "Koefisien": 1.0,
        "Nilai Exposure": 313434843.524512,
        "Klasifikasi Rentang Exposure": "Rp14.611.983,05 - Rp638.909.581,39",
        "koreksi_koordinat": "TIDAK"
      },
      "geometry": {
        "type": "Point",
        "coordinates": [
          105.228986,
          -5.551382
        ]
      }
    },
    {
      "type": "Feature",
      "properties": {
        "Nomor": 446,
        "NO": 446,
        "ID Bangunan": "Blok B (SDI-B155-155)",
        "Blok": "B",
        "Koordinat Latitude (Y)": -5.551851,
        "Koordinat Longitude (X)": 105.229312,
        "Fungsi Bangunan": "Rumah Tinggal",
        "Klasifikasi": "Hunian",
        "Jumlah Lantai": 1,
        "Material Dominan": "Beton Bertulang",
        "Sistem Stuktur Tampak": "Rangka Beton Bertulang",
        "Tipe Atap": "Pelana",
        "Material Penutup Atap": "Genteng",
        "Dinding Luar": "Bata Plaster",
        "Kondisi Visual": "Baik",
        "Kode Material": "MCF (batu bata bertulang)",
        "Kode Sistem Struktur": "LFINF",
        "Tingkat Keyakinan": "Tinggi",
        "Dokumetasi": null,
        "Kode Fungsi": "F01",
        "Klasifikasi Fungsi": "Hunian",
        "KODE MATERIAL": "MCF",
        "KODE SISTEM STRUKTUR": "LFINF",
        "KODE TIPE ATAP": "RSH2",
        "KODE MATERIAL PENUTUP ATAP": "RMT1",
        "KODE DINDING LUAR": "EWMA",
        "KODE KONDISI VISUAL ": "CV1",
        "JUMLAH LANTAI": "HEX:1",
        "TAKSONOMI": "MCF/LFINF/RSH2/RMT1/EWMA/CV1/HEX:1",
        "KODE SIGKAT": "MCF \\LFINF\\HEX:1",
        "LUAS_M2": 46.0305430811,
        "Koefisien": 1.0,
        "Nilai Exposure": 231073326.267122,
        "Klasifikasi Rentang Exposure": "Rp14.611.983,05 - Rp638.909.581,39",
        "koreksi_koordinat": "TIDAK"
      },
      "geometry": {
        "type": "Point",
        "coordinates": [
          105.229312,
          -5.551851
        ]
      }
    },
    {
      "type": "Feature",
      "properties": {
        "Nomor": 447,
        "NO": 447,
        "ID Bangunan": "Blok B (SDI-B156-156)",
        "Blok": "B",
        "Koordinat Latitude (Y)": -5.551704,
        "Koordinat Longitude (X)": 105.229299,
        "Fungsi Bangunan": "Rumah Tinggal",
        "Klasifikasi": "Hunian",
        "Jumlah Lantai": 1,
        "Material Dominan": "Beton Bertulang",
        "Sistem Stuktur Tampak": "Rangka Beton Bertulang",
        "Tipe Atap": "Limasan",
        "Material Penutup Atap": "Genteng",
        "Dinding Luar": "Bata Plaster",
        "Kondisi Visual": "Baik",
        "Kode Material": "MCF (batu bata bertulang)",
        "Kode Sistem Struktur": "LFINF",
        "Tingkat Keyakinan": "Tinggi",
        "Dokumetasi": null,
        "Kode Fungsi": "F01",
        "Klasifikasi Fungsi": "Hunian",
        "KODE MATERIAL": "MCF",
        "KODE SISTEM STRUKTUR": "LFINF",
        "KODE TIPE ATAP": "RSH3",
        "KODE MATERIAL PENUTUP ATAP": "RMT1",
        "KODE DINDING LUAR": "EWMA",
        "KODE KONDISI VISUAL ": "CV1",
        "JUMLAH LANTAI": "HEX:1",
        "TAKSONOMI": "MCF/LFINF/RSH3/RMT1/EWMA/CV1/HEX:1",
        "KODE SIGKAT": "MCF \\LFINF\\HEX:1",
        "LUAS_M2": 114.387393939,
        "Koefisien": 1.0,
        "Nilai Exposure": 574224717.5737801,
        "Klasifikasi Rentang Exposure": "Rp14.611.983,05 - Rp638.909.581,39",
        "koreksi_koordinat": "TIDAK"
      },
      "geometry": {
        "type": "Point",
        "coordinates": [
          105.229299,
          -5.551704
        ]
      }
    },
    {
      "type": "Feature",
      "properties": {
        "Nomor": 448,
        "NO": 448,
        "ID Bangunan": "Blok B (SDI-B157-157)",
        "Blok": "B",
        "Koordinat Latitude (Y)": -5.551671,
        "Koordinat Longitude (X)": 105.229178,
        "Fungsi Bangunan": "Rumah Tinggal",
        "Klasifikasi": "Hunian",
        "Jumlah Lantai": 1,
        "Material Dominan": "Pasang Bata",
        "Sistem Stuktur Tampak": "Dinding Pemikul",
        "Tipe Atap": "Pelana",
        "Material Penutup Atap": "Seng",
        "Dinding Luar": "Bata Ekspos",
        "Kondisi Visual": "Baik",
        "Kode Material": "MUR (batu bata tanpa tulang)",
        "Kode Sistem Struktur": "LWAL",
        "Tingkat Keyakinan": "Tinggi",
        "Dokumetasi": null,
        "Kode Fungsi": "F01",
        "Klasifikasi Fungsi": "Hunian",
        "KODE MATERIAL": "MUR",
        "KODE SISTEM STRUKTUR": "LWAL",
        "KODE TIPE ATAP": "RSH2",
        "KODE MATERIAL PENUTUP ATAP": "RMT2",
        "KODE DINDING LUAR": "EWMA",
        "KODE KONDISI VISUAL ": "CV1",
        "JUMLAH LANTAI": "HEX:1",
        "TAKSONOMI": "MUR/LWAL/RSH2/RMT2/EWMA/CV1/HEX:1",
        "KODE SIGKAT": "MUR \\LWAL\\HEX:1",
        "LUAS_M2": 103.006745469,
        "Koefisien": 1.0,
        "Nilai Exposure": 517093862.25438,
        "Klasifikasi Rentang Exposure": "Rp14.611.983,05 - Rp638.909.581,39",
        "koreksi_koordinat": "TIDAK"
      },
      "geometry": {
        "type": "Point",
        "coordinates": [
          105.229178,
          -5.551671
        ]
      }
    },
    {
      "type": "Feature",
      "properties": {
        "Nomor": 449,
        "NO": 449,
        "ID Bangunan": "Blok B (SDI-B158-158)",
        "Blok": "B",
        "Koordinat Latitude (Y)": -5.551635,
        "Koordinat Longitude (X)": 105.229065,
        "Fungsi Bangunan": "Rumah Tinggal",
        "Klasifikasi": "Hunian",
        "Jumlah Lantai": 1,
        "Material Dominan": "Pasang Bata",
        "Sistem Stuktur Tampak": "Dinding Pemikul",
        "Tipe Atap": "Pelana",
        "Material Penutup Atap": "Genteng",
        "Dinding Luar": "Bata Ekspos",
        "Kondisi Visual": "Baik",
        "Kode Material": "MUR (batu bata tanpa tulang)",
        "Kode Sistem Struktur": "LWAL",
        "Tingkat Keyakinan": "Tinggi",
        "Dokumetasi": null,
        "Kode Fungsi": "F01",
        "Klasifikasi Fungsi": "Hunian",
        "KODE MATERIAL": "MUR",
        "KODE SISTEM STRUKTUR": "LWAL",
        "KODE TIPE ATAP": "RSH2",
        "KODE MATERIAL PENUTUP ATAP": "RMT1",
        "KODE DINDING LUAR": "EWMA",
        "KODE KONDISI VISUAL ": "CV1",
        "JUMLAH LANTAI": "HEX:1",
        "TAKSONOMI": "MUR/LWAL/RSH2/RMT1/EWMA/CV1/HEX:1",
        "KODE SIGKAT": "MUR \\LWAL\\HEX:1",
        "LUAS_M2": 77.8640147881,
        "Koefisien": 1.0,
        "Nilai Exposure": 390877354.23626196,
        "Klasifikasi Rentang Exposure": "Rp14.611.983,05 - Rp638.909.581,39",
        "koreksi_koordinat": "TIDAK"
      },
      "geometry": {
        "type": "Point",
        "coordinates": [
          105.229065,
          -5.551635
        ]
      }
    },
    {
      "type": "Feature",
      "properties": {
        "Nomor": 450,
        "NO": 450,
        "ID Bangunan": "Blok B (SDI-B159-159)",
        "Blok": "B",
        "Koordinat Latitude (Y)": -5.551617,
        "Koordinat Longitude (X)": 105.228922,
        "Fungsi Bangunan": "Rumah Tinggal",
        "Klasifikasi": "Hunian",
        "Jumlah Lantai": 1,
        "Material Dominan": "Beton Bertulang",
        "Sistem Stuktur Tampak": "Rangka Beton Bertulang",
        "Tipe Atap": "Pelana",
        "Material Penutup Atap": "Genteng",
        "Dinding Luar": "Campuran",
        "Kondisi Visual": "Baik",
        "Kode Material": "MCF (batu bata bertulang)",
        "Kode Sistem Struktur": "LFINF",
        "Tingkat Keyakinan": "Tinggi",
        "Dokumetasi": null,
        "Kode Fungsi": "F01",
        "Klasifikasi Fungsi": "Hunian",
        "KODE MATERIAL": "MCF",
        "KODE SISTEM STRUKTUR": "LFINF",
        "KODE TIPE ATAP": "RSH2",
        "KODE MATERIAL PENUTUP ATAP": "RMT1",
        "KODE DINDING LUAR": "EWO",
        "KODE KONDISI VISUAL ": "CV1",
        "JUMLAH LANTAI": "HEX:1",
        "TAKSONOMI": "MCF/LFINF/RSH2/RMT1/EWO/CV1/HEX:1",
        "KODE SIGKAT": "MCF \\LFINF\\HEX:1",
        "LUAS_M2": 89.918663832,
        "Koefisien": 1.0,
        "Nilai Exposure": 451391692.43663996,
        "Klasifikasi Rentang Exposure": "Rp14.611.983,05 - Rp638.909.581,39",
        "koreksi_koordinat": "TIDAK"
      },
      "geometry": {
        "type": "Point",
        "coordinates": [
          105.228922,
          -5.551617
        ]
      }
    },
    {
      "type": "Feature",
      "properties": {
        "Nomor": 451,
        "NO": 451,
        "ID Bangunan": "Blok B (SDI-B160-160)",
        "Blok": "B",
        "Koordinat Latitude (Y)": -5.551529,
        "Koordinat Longitude (X)": 105.228821,
        "Fungsi Bangunan": "Rumah Tinggal",
        "Klasifikasi": "Hunian",
        "Jumlah Lantai": 1,
        "Material Dominan": "Beton Bertulang",
        "Sistem Stuktur Tampak": "Rangka Beton Bertulang",
        "Tipe Atap": "Limasan",
        "Material Penutup Atap": "Genteng",
        "Dinding Luar": "Bata Plaster",
        "Kondisi Visual": "Baik",
        "Kode Material": "MCF (batu bata bertulang)",
        "Kode Sistem Struktur": "LFINF",
        "Tingkat Keyakinan": "Tinggi",
        "Dokumetasi": null,
        "Kode Fungsi": "F01",
        "Klasifikasi Fungsi": "Hunian",
        "KODE MATERIAL": "MCF",
        "KODE SISTEM STRUKTUR": "LFINF",
        "KODE TIPE ATAP": "RSH3",
        "KODE MATERIAL PENUTUP ATAP": "RMT1",
        "KODE DINDING LUAR": "EWMA",
        "KODE KONDISI VISUAL ": "CV1",
        "JUMLAH LANTAI": "HEX:1",
        "TAKSONOMI": "MCF/LFINF/RSH3/RMT1/EWMA/CV1/HEX:1",
        "KODE SIGKAT": "MCF \\LFINF\\HEX:1",
        "LUAS_M2": 169.105545558,
        "Koefisien": 1.0,
        "Nilai Exposure": 848909838.70116,
        "Klasifikasi Rentang Exposure": "> Rp638.909.581,39 - Rp1.136.724.268,30",
        "koreksi_koordinat": "TIDAK"
      },
      "geometry": {
        "type": "Point",
        "coordinates": [
          105.228821,
          -5.551529
        ]
      }
    },
    {
      "type": "Feature",
      "properties": {
        "Nomor": 452,
        "NO": 452,
        "ID Bangunan": "Blok B (SDI-B161-161)",
        "Blok": "B",
        "Koordinat Latitude (Y)": -5.551589,
        "Koordinat Longitude (X)": 105.228688,
        "Fungsi Bangunan": "Rumah Tinggal",
        "Klasifikasi": "Hunian",
        "Jumlah Lantai": 1,
        "Material Dominan": "Pasang Bata",
        "Sistem Stuktur Tampak": "Dinding Pemikul",
        "Tipe Atap": "Pelana",
        "Material Penutup Atap": "Genteng",
        "Dinding Luar": "Campuran",
        "Kondisi Visual": "Baik",
        "Kode Material": "MUR (batu bata tanpa tulang)",
        "Kode Sistem Struktur": "LWAL",
        "Tingkat Keyakinan": "Tinggi",
        "Dokumetasi": null,
        "Kode Fungsi": "F01",
        "Klasifikasi Fungsi": "Hunian",
        "KODE MATERIAL": "MUR",
        "KODE SISTEM STRUKTUR": "LWAL",
        "KODE TIPE ATAP": "RSH2",
        "KODE MATERIAL PENUTUP ATAP": "RMT1",
        "KODE DINDING LUAR": "EWO",
        "KODE KONDISI VISUAL ": "CV1",
        "JUMLAH LANTAI": "HEX:1",
        "TAKSONOMI": "MUR/LWAL/RSH2/RMT1/EWO/CV1/HEX:1",
        "KODE SIGKAT": "MUR \\LWAL\\HEX:1",
        "LUAS_M2": 89.918663832,
        "Koefisien": 1.0,
        "Nilai Exposure": 451391692.43663996,
        "Klasifikasi Rentang Exposure": "Rp14.611.983,05 - Rp638.909.581,39",
        "koreksi_koordinat": "TIDAK"
      },
      "geometry": {
        "type": "Point",
        "coordinates": [
          105.228688,
          -5.551589
        ]
      }
    },
    {
      "type": "Feature",
      "properties": {
        "Nomor": 453,
        "NO": 453,
        "ID Bangunan": "Blok B (SDI-B162-162)",
        "Blok": "B",
        "Koordinat Latitude (Y)": -5.551654,
        "Koordinat Longitude (X)": 105.228817,
        "Fungsi Bangunan": "Rumah Tinggal",
        "Klasifikasi": "Hunian",
        "Jumlah Lantai": 1,
        "Material Dominan": "Beton Bertulang",
        "Sistem Stuktur Tampak": "Rangka Beton Bertulang",
        "Tipe Atap": "Limasan",
        "Material Penutup Atap": "Genteng",
        "Dinding Luar": "Bata Plaster",
        "Kondisi Visual": "Baik",
        "Kode Material": "MCF (batu bata bertulang)",
        "Kode Sistem Struktur": "LFINF",
        "Tingkat Keyakinan": "Tinggi",
        "Dokumetasi": null,
        "Kode Fungsi": "F01",
        "Klasifikasi Fungsi": "Hunian",
        "KODE MATERIAL": "MCF",
        "KODE SISTEM STRUKTUR": "LFINF",
        "KODE TIPE ATAP": "RSH3",
        "KODE MATERIAL PENUTUP ATAP": "RMT1",
        "KODE DINDING LUAR": "EWMA",
        "KODE KONDISI VISUAL ": "CV1",
        "JUMLAH LANTAI": "HEX:1",
        "TAKSONOMI": "MCF/LFINF/RSH3/RMT1/EWMA/CV1/HEX:1",
        "KODE SIGKAT": "MCF \\LFINF\\HEX:1",
        "LUAS_M2": 125.358407952,
        "Koefisien": 1.0,
        "Nilai Exposure": 629299207.91904,
        "Klasifikasi Rentang Exposure": "Rp14.611.983,05 - Rp638.909.581,39",
        "koreksi_koordinat": "TIDAK"
      },
      "geometry": {
        "type": "Point",
        "coordinates": [
          105.228817,
          -5.551654
        ]
      }
    },
    {
      "type": "Feature",
      "properties": {
        "Nomor": 454,
        "NO": 454,
        "ID Bangunan": "Blok B (SDI-B163-163)",
        "Blok": "B",
        "Koordinat Latitude (Y)": -5.551745,
        "Koordinat Longitude (X)": 105.228959,
        "Fungsi Bangunan": "Rumah Tinggal",
        "Klasifikasi": "Hunian",
        "Jumlah Lantai": 1,
        "Material Dominan": "Beton Bertulang",
        "Sistem Stuktur Tampak": "Rangka Beton Bertulang",
        "Tipe Atap": "Limasan",
        "Material Penutup Atap": "Genteng",
        "Dinding Luar": "Bata Plaster",
        "Kondisi Visual": "Baik",
        "Kode Material": "MCF (batu bata bertulang)",
        "Kode Sistem Struktur": "LFINF",
        "Tingkat Keyakinan": "Tinggi",
        "Dokumetasi": null,
        "Kode Fungsi": "F01",
        "Klasifikasi Fungsi": "Hunian",
        "KODE MATERIAL": "MCF",
        "KODE SISTEM STRUKTUR": "LFINF",
        "KODE TIPE ATAP": "RSH3",
        "KODE MATERIAL PENUTUP ATAP": "RMT1",
        "KODE DINDING LUAR": "EWMA",
        "KODE KONDISI VISUAL ": "CV1",
        "JUMLAH LANTAI": "HEX:1",
        "TAKSONOMI": "MCF/LFINF/RSH3/RMT1/EWMA/CV1/HEX:1",
        "KODE SIGKAT": "MCF \\LFINF\\HEX:1",
        "LUAS_M2": 110.612186441,
        "Koefisien": 1.0,
        "Nilai Exposure": 555273175.93382,
        "Klasifikasi Rentang Exposure": "Rp14.611.983,05 - Rp638.909.581,39",
        "koreksi_koordinat": "TIDAK"
      },
      "geometry": {
        "type": "Point",
        "coordinates": [
          105.228959,
          -5.551745
        ]
      }
    },
    {
      "type": "Feature",
      "properties": {
        "Nomor": 455,
        "NO": 455,
        "ID Bangunan": "Blok B (SDI-B164-164)",
        "Blok": "B",
        "Koordinat Latitude (Y)": -5.55187,
        "Koordinat Longitude (X)": 105.229124,
        "Fungsi Bangunan": "Rumah Tinggal",
        "Klasifikasi": "Hunian",
        "Jumlah Lantai": 1,
        "Material Dominan": "Beton Bertulang",
        "Sistem Stuktur Tampak": "Rangka Beton Bertulang",
        "Tipe Atap": "Limasan",
        "Material Penutup Atap": "Genteng",
        "Dinding Luar": "Bata Plaster",
        "Kondisi Visual": "Baik",
        "Kode Material": "MCF (batu bata bertulang)",
        "Kode Sistem Struktur": "LFINF",
        "Tingkat Keyakinan": "Tinggi",
        "Dokumetasi": null,
        "Kode Fungsi": "F01",
        "Klasifikasi Fungsi": "Hunian",
        "KODE MATERIAL": "MCF",
        "KODE SISTEM STRUKTUR": "LFINF",
        "KODE TIPE ATAP": "RSH3",
        "KODE MATERIAL PENUTUP ATAP": "RMT1",
        "KODE DINDING LUAR": "EWMA",
        "KODE KONDISI VISUAL ": "CV1",
        "JUMLAH LANTAI": "HEX:1",
        "TAKSONOMI": "MCF/LFINF/RSH3/RMT1/EWMA/CV1/HEX:1",
        "KODE SIGKAT": "MCF \\LFINF\\HEX:1",
        "LUAS_M2": 62.4372198256,
        "Koefisien": 1.0,
        "Nilai Exposure": 313434843.524512,
        "Klasifikasi Rentang Exposure": "Rp14.611.983,05 - Rp638.909.581,39",
        "koreksi_koordinat": "TIDAK"
      },
      "geometry": {
        "type": "Point",
        "coordinates": [
          105.229124,
          -5.55187
        ]
      }
    },
    {
      "type": "Feature",
      "properties": {
        "Nomor": 456,
        "NO": 456,
        "ID Bangunan": "Blok B (SDI-B165-165)",
        "Blok": "B",
        "Koordinat Latitude (Y)": -5.551851,
        "Koordinat Longitude (X)": 105.229312,
        "Fungsi Bangunan": "Rumah Tinggal",
        "Klasifikasi": "Hunian",
        "Jumlah Lantai": 1,
        "Material Dominan": "Beton Bertulang",
        "Sistem Stuktur Tampak": "Rangka Beton Bertulang",
        "Tipe Atap": "Limasan",
        "Material Penutup Atap": "Genteng",
        "Dinding Luar": "Campuran",
        "Kondisi Visual": "Baik",
        "Kode Material": "MCF (batu bata bertulang)",
        "Kode Sistem Struktur": "LFINF",
        "Tingkat Keyakinan": "Tinggi",
        "Dokumetasi": null,
        "Kode Fungsi": "F01",
        "Klasifikasi Fungsi": "Hunian",
        "KODE MATERIAL": "MCF",
        "KODE SISTEM STRUKTUR": "LFINF",
        "KODE TIPE ATAP": "RSH3",
        "KODE MATERIAL PENUTUP ATAP": "RMT1",
        "KODE DINDING LUAR": "EWO",
        "KODE KONDISI VISUAL ": "CV1",
        "JUMLAH LANTAI": "HEX:1",
        "TAKSONOMI": "MCF/LFINF/RSH3/RMT1/EWO/CV1/HEX:1",
        "KODE SIGKAT": "MCF \\LFINF\\HEX:1",
        "LUAS_M2": 116.522488828,
        "Koefisien": 1.0,
        "Nilai Exposure": 584942893.9165599,
        "Klasifikasi Rentang Exposure": "Rp14.611.983,05 - Rp638.909.581,39",
        "koreksi_koordinat": "TIDAK"
      },
      "geometry": {
        "type": "Point",
        "coordinates": [
          105.229312,
          -5.551851
        ]
      }
    },
    {
      "type": "Feature",
      "properties": {
        "Nomor": 457,
        "NO": 457,
        "ID Bangunan": "Blok B (SDI-B166-166)",
        "Blok": "B",
        "Koordinat Latitude (Y)": -5.552003,
        "Koordinat Longitude (X)": 105.228849,
        "Fungsi Bangunan": "Rumah Tinggal",
        "Klasifikasi": "Hunian",
        "Jumlah Lantai": 1,
        "Material Dominan": "Pasang Bata",
        "Sistem Stuktur Tampak": "Dinding Pemikul",
        "Tipe Atap": "Kombinasi",
        "Material Penutup Atap": "Genteng",
        "Dinding Luar": "Campuran",
        "Kondisi Visual": "Baik",
        "Kode Material": "MUR (batu bata tanpa tulang)",
        "Kode Sistem Struktur": "LWAL",
        "Tingkat Keyakinan": "Tinggi",
        "Dokumetasi": null,
        "Kode Fungsi": "F01",
        "Klasifikasi Fungsi": "Hunian",
        "KODE MATERIAL": "MUR",
        "KODE SISTEM STRUKTUR": "LWAL",
        "KODE TIPE ATAP": "RSH8",
        "KODE MATERIAL PENUTUP ATAP": "RMT1",
        "KODE DINDING LUAR": "EWO",
        "KODE KONDISI VISUAL ": "CV1",
        "JUMLAH LANTAI": "HEX:1",
        "TAKSONOMI": "MUR/LWAL/RSH8/RMT1/EWO/CV1/HEX:1",
        "KODE SIGKAT": "MUR \\LWAL\\HEX:1",
        "LUAS_M2": 192.909652436,
        "Koefisien": 1.0,
        "Nilai Exposure": 968406455.22872,
        "Klasifikasi Rentang Exposure": "> Rp638.909.581,39 - Rp1.136.724.268,30",
        "koreksi_koordinat": "TIDAK"
      },
      "geometry": {
        "type": "Point",
        "coordinates": [
          105.228849,
          -5.552003
        ]
      }
    },
    {
      "type": "Feature",
      "properties": {
        "Nomor": 458,
        "NO": 458,
        "ID Bangunan": "Blok B (SDI-B167-167)",
        "Blok": "B",
        "Koordinat Latitude (Y)": -5.551976,
        "Koordinat Longitude (X)": 105.228647,
        "Fungsi Bangunan": "Rumah Tinggal",
        "Klasifikasi": "Hunian",
        "Jumlah Lantai": 1,
        "Material Dominan": "Beton Bertulang",
        "Sistem Stuktur Tampak": "Rangka Beton Bertulang",
        "Tipe Atap": "Limasan",
        "Material Penutup Atap": "Genteng",
        "Dinding Luar": "Bata Plaster",
        "Kondisi Visual": "Baik",
        "Kode Material": "MCF (batu bata bertulang)",
        "Kode Sistem Struktur": "LFINF",
        "Tingkat Keyakinan": "Tinggi",
        "Dokumetasi": null,
        "Kode Fungsi": "F01",
        "Klasifikasi Fungsi": "Hunian",
        "KODE MATERIAL": "MCF",
        "KODE SISTEM STRUKTUR": "LFINF",
        "KODE TIPE ATAP": "RSH3",
        "KODE MATERIAL PENUTUP ATAP": "RMT1",
        "KODE DINDING LUAR": "EWMA",
        "KODE KONDISI VISUAL ": "CV1",
        "JUMLAH LANTAI": "HEX:1",
        "TAKSONOMI": "MCF/LFINF/RSH3/RMT1/EWMA/CV1/HEX:1",
        "KODE SIGKAT": "MCF \\LFINF\\HEX:1",
        "LUAS_M2": 142.968249749,
        "Koefisien": 1.0,
        "Nilai Exposure": 717700613.73998,
        "Klasifikasi Rentang Exposure": "> Rp638.909.581,39 - Rp1.136.724.268,30",
        "koreksi_koordinat": "TIDAK"
      },
      "geometry": {
        "type": "Point",
        "coordinates": [
          105.228647,
          -5.551976
        ]
      }
    },
    {
      "type": "Feature",
      "properties": {
        "Nomor": 459,
        "NO": 459,
        "ID Bangunan": "Blok B (SDI-B168-168)",
        "Blok": "B",
        "Koordinat Latitude (Y)": -5.551999,
        "Koordinat Longitude (X)": 105.228565,
        "Fungsi Bangunan": "Rumah Tinggal",
        "Klasifikasi": "Hunian",
        "Jumlah Lantai": 1,
        "Material Dominan": "Pasang Bata",
        "Sistem Stuktur Tampak": "Dinding Pemikul",
        "Tipe Atap": "Pelana",
        "Material Penutup Atap": "Genteng",
        "Dinding Luar": "Campuran",
        "Kondisi Visual": "Baik",
        "Kode Material": "MUR (batu bata tanpa tulang)",
        "Kode Sistem Struktur": "LWAL",
        "Tingkat Keyakinan": "Tinggi",
        "Dokumetasi": null,
        "Kode Fungsi": "F01",
        "Klasifikasi Fungsi": "Hunian",
        "KODE MATERIAL": "MUR",
        "KODE SISTEM STRUKTUR": "LWAL",
        "KODE TIPE ATAP": "RSH2",
        "KODE MATERIAL PENUTUP ATAP": "RMT1",
        "KODE DINDING LUAR": "EWO",
        "KODE KONDISI VISUAL ": "CV1",
        "JUMLAH LANTAI": "HEX:1",
        "TAKSONOMI": "MUR/LWAL/RSH2/RMT1/EWO/CV1/HEX:1",
        "KODE SIGKAT": "MUR \\LWAL\\HEX:1",
        "LUAS_M2": 103.438436662,
        "Koefisien": 1.0,
        "Nilai Exposure": 519260952.04324,
        "Klasifikasi Rentang Exposure": "Rp14.611.983,05 - Rp638.909.581,39",
        "koreksi_koordinat": "TIDAK"
      },
      "geometry": {
        "type": "Point",
        "coordinates": [
          105.228565,
          -5.551999
        ]
      }
    },
    {
      "type": "Feature",
      "properties": {
        "Nomor": 460,
        "NO": 460,
        "ID Bangunan": "Blok B (SDI-B169-169)",
        "Blok": "B",
        "Koordinat Latitude (Y)": -5.551948,
        "Koordinat Longitude (X)": 105.22845,
        "Fungsi Bangunan": "Rumah Tinggal",
        "Klasifikasi": "Hunian",
        "Jumlah Lantai": 1,
        "Material Dominan": "Pasang Bata",
        "Sistem Stuktur Tampak": "Dinding Pemikul",
        "Tipe Atap": "Pelana",
        "Material Penutup Atap": "Genteng",
        "Dinding Luar": "Bata Plaster",
        "Kondisi Visual": "Baik",
        "Kode Material": "MUR (batu bata tanpa tulang)",
        "Kode Sistem Struktur": "LWAL",
        "Tingkat Keyakinan": "Tinggi",
        "Dokumetasi": null,
        "Kode Fungsi": "F01",
        "Klasifikasi Fungsi": "Hunian",
        "KODE MATERIAL": "MUR",
        "KODE SISTEM STRUKTUR": "LWAL",
        "KODE TIPE ATAP": "RSH2",
        "KODE MATERIAL PENUTUP ATAP": "RMT1",
        "KODE DINDING LUAR": "EWMA",
        "KODE KONDISI VISUAL ": "CV1",
        "JUMLAH LANTAI": "HEX:1",
        "TAKSONOMI": "MUR/LWAL/RSH2/RMT1/EWMA/CV1/HEX:1",
        "KODE SIGKAT": "MUR \\LWAL\\HEX:1",
        "LUAS_M2": 141.399175466,
        "Koefisien": 1.0,
        "Nilai Exposure": 709823860.8393201,
        "Klasifikasi Rentang Exposure": "> Rp638.909.581,39 - Rp1.136.724.268,30",
        "koreksi_koordinat": "TIDAK"
      },
      "geometry": {
        "type": "Point",
        "coordinates": [
          105.22845,
          -5.551948
        ]
      }
    },
    {
      "type": "Feature",
      "properties": {
        "Nomor": 461,
        "NO": 461,
        "ID Bangunan": "Blok B (SDI-B170-170)",
        "Blok": "B",
        "Koordinat Latitude (Y)": -5.552845,
        "Koordinat Longitude (X)": 105.228239,
        "Fungsi Bangunan": "Rumah Tinggal",
        "Klasifikasi": "Hunian",
        "Jumlah Lantai": 1,
        "Material Dominan": "Beton Bertulang",
        "Sistem Stuktur Tampak": "Rangka Beton Bertulang",
        "Tipe Atap": "Limasan",
        "Material Penutup Atap": "Genteng",
        "Dinding Luar": "Campuran",
        "Kondisi Visual": "Baik",
        "Kode Material": "MCF (batu bata bertulang)",
        "Kode Sistem Struktur": "LFINF",
        "Tingkat Keyakinan": "Tinggi",
        "Dokumetasi": null,
        "Kode Fungsi": "F01",
        "Klasifikasi Fungsi": "Hunian",
        "KODE MATERIAL": "MCF",
        "KODE SISTEM STRUKTUR": "LFINF",
        "KODE TIPE ATAP": "RSH3",
        "KODE MATERIAL PENUTUP ATAP": "RMT1",
        "KODE DINDING LUAR": "EWO",
        "KODE KONDISI VISUAL ": "CV1",
        "JUMLAH LANTAI": "HEX:1",
        "TAKSONOMI": "MCF/LFINF/RSH3/RMT1/EWO/CV1/HEX:1",
        "KODE SIGKAT": "MCF \\LFINF\\HEX:1",
        "LUAS_M2": 89.8899431794,
        "Koefisien": 1.0,
        "Nilai Exposure": 451247514.76058805,
        "Klasifikasi Rentang Exposure": "Rp14.611.983,05 - Rp638.909.581,39",
        "koreksi_koordinat": "TIDAK"
      },
      "geometry": {
        "type": "Point",
        "coordinates": [
          105.228239,
          -5.552845
        ]
      }
    },
    {
      "type": "Feature",
      "properties": {
        "Nomor": 462,
        "NO": 462,
        "ID Bangunan": "Blok B (SDI-B171-171)",
        "Blok": "B",
        "Koordinat Latitude (Y)": -5.552942,
        "Koordinat Longitude (X)": 105.227922,
        "Fungsi Bangunan": "Rumah Tinggal",
        "Klasifikasi": "Hunian",
        "Jumlah Lantai": 1,
        "Material Dominan": "Pasang Bata",
        "Sistem Stuktur Tampak": "Dinding Pemikul",
        "Tipe Atap": "Pelana",
        "Material Penutup Atap": "Genteng",
        "Dinding Luar": "Campuran",
        "Kondisi Visual": "Baik",
        "Kode Material": "MUR (batu bata tanpa tulang)",
        "Kode Sistem Struktur": "LWAL",
        "Tingkat Keyakinan": "Tinggi",
        "Dokumetasi": null,
        "Kode Fungsi": "F01",
        "Klasifikasi Fungsi": "Hunian",
        "KODE MATERIAL": "MUR",
        "KODE SISTEM STRUKTUR": "LWAL",
        "KODE TIPE ATAP": "RSH2",
        "KODE MATERIAL PENUTUP ATAP": "RMT1",
        "KODE DINDING LUAR": "EWO",
        "KODE KONDISI VISUAL ": "CV1",
        "JUMLAH LANTAI": "HEX:1",
        "TAKSONOMI": "MUR/LWAL/RSH2/RMT1/EWO/CV1/HEX:1",
        "KODE SIGKAT": "MUR \\LWAL\\HEX:1",
        "LUAS_M2": 113.819016288,
        "Koefisien": 1.0,
        "Nilai Exposure": 571371461.76576,
        "Klasifikasi Rentang Exposure": "Rp14.611.983,05 - Rp638.909.581,39",
        "koreksi_koordinat": "TIDAK"
      },
      "geometry": {
        "type": "Point",
        "coordinates": [
          105.227922,
          -5.552942
        ]
      }
    },
    {
      "type": "Feature",
      "properties": {
        "Nomor": 463,
        "NO": 463,
        "ID Bangunan": "Blok B (SDI-B172-172)",
        "Blok": "B",
        "Koordinat Latitude (Y)": -5.550258,
        "Koordinat Longitude (X)": 105.228353,
        "Fungsi Bangunan": "Rumah Tinggal",
        "Klasifikasi": "Hunian",
        "Jumlah Lantai": 1,
        "Material Dominan": "Beton Bertulang",
        "Sistem Stuktur Tampak": "Rangka Beton Bertulang",
        "Tipe Atap": "Limasan",
        "Material Penutup Atap": "Genteng",
        "Dinding Luar": "Bata Ekspos",
        "Kondisi Visual": "Baik",
        "Kode Material": "MCF (batu bata bertulang)",
        "Kode Sistem Struktur": "LFINF",
        "Tingkat Keyakinan": "Tinggi",
        "Dokumetasi": null,
        "Kode Fungsi": "F01",
        "Klasifikasi Fungsi": "Hunian",
        "KODE MATERIAL": "MCF",
        "KODE SISTEM STRUKTUR": "LFINF",
        "KODE TIPE ATAP": "RSH3",
        "KODE MATERIAL PENUTUP ATAP": "RMT1",
        "KODE DINDING LUAR": "EWMA",
        "KODE KONDISI VISUAL ": "CV1",
        "JUMLAH LANTAI": "HEX:1",
        "TAKSONOMI": "MCF/LFINF/RSH3/RMT1/EWMA/CV1/HEX:1",
        "KODE SIGKAT": "MCF \\LFINF\\HEX:1",
        "LUAS_M2": 243.841805912,
        "Koefisien": 1.0,
        "Nilai Exposure": 1224085865.67824,
        "Klasifikasi Rentang Exposure": "> Rp1.136.724.268,30 - Rp1.856.590.180,23",
        "koreksi_koordinat": "TIDAK"
      },
      "geometry": {
        "type": "Point",
        "coordinates": [
          105.228353,
          -5.550258
        ]
      }
    },
    {
      "type": "Feature",
      "properties": {
        "Nomor": 464,
        "NO": 464,
        "ID Bangunan": "Blok C (SDI-C134-134)",
        "Blok": "C",
        "Koordinat Latitude (Y)": -5.553233,
        "Koordinat Longitude (X)": 105.236795,
        "Fungsi Bangunan": "Rumah Tinggal",
        "Klasifikasi": "Hunian",
        "Jumlah Lantai": 1,
        "Material Dominan": "Pasang Bata",
        "Sistem Stuktur Tampak": "Dinding Pemikul",
        "Tipe Atap": "Pelana",
        "Material Penutup Atap": "Genteng",
        "Dinding Luar": "Bata Plaster",
        "Kondisi Visual": "Baik",
        "Kode Material": "MUR (batu bata tanpa tulang)",
        "Kode Sistem Struktur": "LWAL",
        "Tingkat Keyakinan": "Tinggi",
        "Dokumetasi": null,
        "Kode Fungsi": "F01",
        "Klasifikasi Fungsi": "Hunian",
        "KODE MATERIAL": "MUR",
        "KODE SISTEM STRUKTUR": "LWAL",
        "KODE TIPE ATAP": "RSH2",
        "KODE MATERIAL PENUTUP ATAP": "RMT1",
        "KODE DINDING LUAR": "EWMA",
        "KODE KONDISI VISUAL ": "CV1",
        "JUMLAH LANTAI": "HEX:1",
        "TAKSONOMI": "MUR/LWAL/RSH2/RMT1/EWMA/CV1/HEX:1",
        "KODE SIGKAT": "MUR \\LWAL\\HEX:1",
        "LUAS_M2": 115.841806408,
        "Koefisien": 1.0,
        "Nilai Exposure": 581525868.16816,
        "Klasifikasi Rentang Exposure": "Rp14.611.983,05 - Rp638.909.581,39",
        "koreksi_koordinat": "TIDAK"
      },
      "geometry": {
        "type": "Point",
        "coordinates": [
          105.236795,
          -5.553233
        ]
      }
    },
    {
      "type": "Feature",
      "properties": {
        "Nomor": 465,
        "NO": 465,
        "ID Bangunan": "Blok C (SDI-C135-135)",
        "Blok": "B",
        "Koordinat Latitude (Y)": -5.553139,
        "Koordinat Longitude (X)": 105.236691,
        "Fungsi Bangunan": "Rumah Tinggal",
        "Klasifikasi": "Hunian",
        "Jumlah Lantai": 1,
        "Material Dominan": "Pasang Bata",
        "Sistem Stuktur Tampak": "Dinding Pemikul",
        "Tipe Atap": "Pelana",
        "Material Penutup Atap": "Genteng",
        "Dinding Luar": "Campuran",
        "Kondisi Visual": "Baik",
        "Kode Material": "MUR (batu bata tanpa tulang)",
        "Kode Sistem Struktur": "LWAL",
        "Tingkat Keyakinan": "Tinggi",
        "Dokumetasi": null,
        "Kode Fungsi": "F01",
        "Klasifikasi Fungsi": "Hunian",
        "KODE MATERIAL": "MUR",
        "KODE SISTEM STRUKTUR": "LWAL",
        "KODE TIPE ATAP": "RSH2",
        "KODE MATERIAL PENUTUP ATAP": "RMT1",
        "KODE DINDING LUAR": "EWO",
        "KODE KONDISI VISUAL ": "CV1",
        "JUMLAH LANTAI": "HEX:1",
        "TAKSONOMI": "MUR/LWAL/RSH2/RMT1/EWO/CV1/HEX:1",
        "KODE SIGKAT": "MUR \\LWAL\\HEX:1",
        "LUAS_M2": 210.498002565,
        "Koefisien": 1.0,
        "Nilai Exposure": 1056699972.8763,
        "Klasifikasi Rentang Exposure": "> Rp638.909.581,39 - Rp1.136.724.268,30",
        "koreksi_koordinat": "TIDAK"
      },
      "geometry": {
        "type": "Point",
        "coordinates": [
          105.236691,
          -5.553139
        ]
      }
    },
    {
      "type": "Feature",
      "properties": {
        "Nomor": 466,
        "NO": 466,
        "ID Bangunan": "Blok C(SDI-C136-136)",
        "Blok": "C",
        "Koordinat Latitude (Y)": -5.553149,
        "Koordinat Longitude (X)": 105.236606,
        "Fungsi Bangunan": "Rumah Tinggal",
        "Klasifikasi": "Hunian",
        "Jumlah Lantai": 1,
        "Material Dominan": "Beton Bertulang",
        "Sistem Stuktur Tampak": "Rangka Beton Bertulang",
        "Tipe Atap": "Limasan",
        "Material Penutup Atap": "Genteng",
        "Dinding Luar": "Campuran",
        "Kondisi Visual": "Baik",
        "Kode Material": "MCF (batu bata bertulang)",
        "Kode Sistem Struktur": "LFINF",
        "Tingkat Keyakinan": "Tinggi",
        "Dokumetasi": null,
        "Kode Fungsi": "F01",
        "Klasifikasi Fungsi": "Hunian",
        "KODE MATERIAL": "MCF",
        "KODE SISTEM STRUKTUR": "LFINF",
        "KODE TIPE ATAP": "RSH3",
        "KODE MATERIAL PENUTUP ATAP": "RMT1",
        "KODE DINDING LUAR": "EWO",
        "KODE KONDISI VISUAL ": "CV1",
        "JUMLAH LANTAI": "HEX:1",
        "TAKSONOMI": "MCF/LFINF/RSH3/RMT1/EWO/CV1/HEX:1",
        "KODE SIGKAT": "MCF \\LFINF\\HEX:1",
        "LUAS_M2": 137.706754904,
        "Koefisien": 1.0,
        "Nilai Exposure": 691287909.61808,
        "Klasifikasi Rentang Exposure": "> Rp638.909.581,39 - Rp1.136.724.268,30",
        "koreksi_koordinat": "TIDAK"
      },
      "geometry": {
        "type": "Point",
        "coordinates": [
          105.236606,
          -5.553149
        ]
      }
    },
    {
      "type": "Feature",
      "properties": {
        "Nomor": 467,
        "NO": 467,
        "ID Bangunan": "Blok C (SDI-B137-137)",
        "Blok": "B",
        "Koordinat Latitude (Y)": -5.553228,
        "Koordinat Longitude (X)": 105.236458,
        "Fungsi Bangunan": "Rumah Tinggal",
        "Klasifikasi": "Hunian",
        "Jumlah Lantai": 1,
        "Material Dominan": "Pasang Bata",
        "Sistem Stuktur Tampak": "Rangka Beton Bertulang",
        "Tipe Atap": "Kombinasi",
        "Material Penutup Atap": "Genteng dan Beton",
        "Dinding Luar": "Campuran",
        "Kondisi Visual": "Baik",
        "Kode Material": "MCF (batu bata bertulang)",
        "Kode Sistem Struktur": "LFINF",
        "Tingkat Keyakinan": "Tinggi",
        "Dokumetasi": null,
        "Kode Fungsi": "F01",
        "Klasifikasi Fungsi": "Hunian",
        "KODE MATERIAL": "MCF",
        "KODE SISTEM STRUKTUR": "LFINF",
        "KODE TIPE ATAP": "RSH8",
        "KODE MATERIAL PENUTUP ATAP": "RMT1+RMT6",
        "KODE DINDING LUAR": "EWO",
        "KODE KONDISI VISUAL ": "CV1",
        "JUMLAH LANTAI": "HEX:1",
        "TAKSONOMI": "MCF/LFINF/RSH8/RMT1+RMT6/EWO/CV1/HEX:1",
        "KODE SIGKAT": "MCF \\LFINF\\HEX:1",
        "LUAS_M2": 205.669422934,
        "Koefisien": 1.0,
        "Nilai Exposure": 1032460503.1286801,
        "Klasifikasi Rentang Exposure": "> Rp638.909.581,39 - Rp1.136.724.268,30",
        "koreksi_koordinat": "TIDAK"
      },
      "geometry": {
        "type": "Point",
        "coordinates": [
          105.236458,
          -5.553228
        ]
      }
    },
    {
      "type": "Feature",
      "properties": {
        "Nomor": 468,
        "NO": 468,
        "ID Bangunan": "Blok C (SDI-C138-138)",
        "Blok": "B",
        "Koordinat Latitude (Y)": -5.55292,
        "Koordinat Longitude (X)": 105.236673,
        "Fungsi Bangunan": "Rumah Tinggal",
        "Klasifikasi": "Hunian",
        "Jumlah Lantai": 1,
        "Material Dominan": "Beton Bertulang",
        "Sistem Stuktur Tampak": "Rangka Beton Bertulang",
        "Tipe Atap": "Limasan",
        "Material Penutup Atap": "Genteng",
        "Dinding Luar": "Bata Plaster",
        "Kondisi Visual": "Baik",
        "Kode Material": "MCF (batu bata bertulang)",
        "Kode Sistem Struktur": "LFINF",
        "Tingkat Keyakinan": "Tinggi",
        "Dokumetasi": null,
        "Kode Fungsi": "F01",
        "Klasifikasi Fungsi": "Hunian",
        "KODE MATERIAL": "MCF",
        "KODE SISTEM STRUKTUR": "LFINF",
        "KODE TIPE ATAP": "RSH3",
        "KODE MATERIAL PENUTUP ATAP": "RMT1",
        "KODE DINDING LUAR": "EWMA",
        "KODE KONDISI VISUAL ": "CV1",
        "JUMLAH LANTAI": "HEX:1",
        "TAKSONOMI": "MCF/LFINF/RSH3/RMT1/EWMA/CV1/HEX:1",
        "KODE SIGKAT": "MCF \\LFINF\\HEX:1",
        "LUAS_M2": 119.779677771,
        "Koefisien": 1.0,
        "Nilai Exposure": 601293982.41042,
        "Klasifikasi Rentang Exposure": "Rp14.611.983,05 - Rp638.909.581,39",
        "koreksi_koordinat": "TIDAK"
      },
      "geometry": {
        "type": "Point",
        "coordinates": [
          105.236673,
          -5.55292
        ]
      }
    },
    {
      "type": "Feature",
      "properties": {
        "Nomor": 469,
        "NO": 469,
        "ID Bangunan": "Blok C (SDI-C139-139)",
        "Blok": "B",
        "Koordinat Latitude (Y)": -5.552822,
        "Koordinat Longitude (X)": 105.236721,
        "Fungsi Bangunan": "Rumah Tinggal",
        "Klasifikasi": "Hunian",
        "Jumlah Lantai": 1,
        "Material Dominan": "Pasang Bata",
        "Sistem Stuktur Tampak": "Dinding Pemikul",
        "Tipe Atap": "Pelana",
        "Material Penutup Atap": "Seng",
        "Dinding Luar": "Bata Plaster",
        "Kondisi Visual": "Baik",
        "Kode Material": "MUR (batu bata tanpa tulang)",
        "Kode Sistem Struktur": "LWAL",
        "Tingkat Keyakinan": "Tinggi",
        "Dokumetasi": null,
        "Kode Fungsi": "F01",
        "Klasifikasi Fungsi": "Hunian",
        "KODE MATERIAL": "MUR",
        "KODE SISTEM STRUKTUR": "LWAL",
        "KODE TIPE ATAP": "RSH2",
        "KODE MATERIAL PENUTUP ATAP": "RMT2",
        "KODE DINDING LUAR": "EWMA",
        "KODE KONDISI VISUAL ": "CV1",
        "JUMLAH LANTAI": "HEX:1",
        "TAKSONOMI": "MUR/LWAL/RSH2/RMT2/EWMA/CV1/HEX:1",
        "KODE SIGKAT": "MUR \\LWAL\\HEX:1",
        "LUAS_M2": 257.562382882,
        "Koefisien": 1.0,
        "Nilai Exposure": 1292963162.06764,
        "Klasifikasi Rentang Exposure": "> Rp1.136.724.268,30 - Rp1.856.590.180,23",
        "koreksi_koordinat": "TIDAK"
      },
      "geometry": {
        "type": "Point",
        "coordinates": [
          105.236721,
          -5.552822
        ]
      }
    },
    {
      "type": "Feature",
      "properties": {
        "Nomor": 470,
        "NO": 470,
        "ID Bangunan": "Blok C (SDI-C140-140)",
        "Blok": "B",
        "Koordinat Latitude (Y)": -5.552976,
        "Koordinat Longitude (X)": 105.236425,
        "Fungsi Bangunan": "Rumah Tinggal",
        "Klasifikasi": "Hunian",
        "Jumlah Lantai": 1,
        "Material Dominan": "Pasang Bata",
        "Sistem Stuktur Tampak": "Rangka Beton Bertulang",
        "Tipe Atap": "Pelana",
        "Material Penutup Atap": "Genteng",
        "Dinding Luar": "Campuran",
        "Kondisi Visual": "Baik",
        "Kode Material": "MCF (batu bata bertulang)",
        "Kode Sistem Struktur": "LWAL",
        "Tingkat Keyakinan": "Tinggi",
        "Dokumetasi": null,
        "Kode Fungsi": "F01",
        "Klasifikasi Fungsi": "Hunian",
        "KODE MATERIAL": "MCF",
        "KODE SISTEM STRUKTUR": "LWAL",
        "KODE TIPE ATAP": "RSH2",
        "KODE MATERIAL PENUTUP ATAP": "RMT1",
        "KODE DINDING LUAR": "EWO",
        "KODE KONDISI VISUAL ": "CV1",
        "JUMLAH LANTAI": "HEX:1",
        "TAKSONOMI": "MCF/LWAL/RSH2/RMT1/EWO/CV1/HEX:1",
        "KODE SIGKAT": "MCF \\LWAL\\HEX:1",
        "LUAS_M2": 239.540628074,
        "Koefisien": 1.0,
        "Nilai Exposure": 1202493952.9314802,
        "Klasifikasi Rentang Exposure": "> Rp1.136.724.268,30 - Rp1.856.590.180,23",
        "koreksi_koordinat": "TIDAK"
      },
      "geometry": {
        "type": "Point",
        "coordinates": [
          105.236425,
          -5.552976
        ]
      }
    },
    {
      "type": "Feature",
      "properties": {
        "Nomor": 471,
        "NO": 471,
        "ID Bangunan": "Blok C (SDI-C141-141)",
        "Blok": "C",
        "Koordinat Latitude (Y)": -5.552764,
        "Koordinat Longitude (X)": 105.236524,
        "Fungsi Bangunan": "Rumah Tinggal",
        "Klasifikasi": "Hunian",
        "Jumlah Lantai": 1,
        "Material Dominan": "Pasang Bata",
        "Sistem Stuktur Tampak": "Dinding Pemikul",
        "Tipe Atap": "Pelana",
        "Material Penutup Atap": "Genteng",
        "Dinding Luar": "Bata Plaster",
        "Kondisi Visual": "Baik",
        "Kode Material": "MUR (batu bata tanpa tulang)",
        "Kode Sistem Struktur": "LWAL",
        "Tingkat Keyakinan": "Tinggi",
        "Dokumetasi": null,
        "Kode Fungsi": "F01",
        "Klasifikasi Fungsi": "Hunian",
        "KODE MATERIAL": "MUR",
        "KODE SISTEM STRUKTUR": "LWAL",
        "KODE TIPE ATAP": "RSH2",
        "KODE MATERIAL PENUTUP ATAP": "RMT1",
        "KODE DINDING LUAR": "EWMA",
        "KODE KONDISI VISUAL ": "CV1",
        "JUMLAH LANTAI": "HEX:1",
        "TAKSONOMI": "MUR/LWAL/RSH2/RMT1/EWMA/CV1/HEX:1",
        "KODE SIGKAT": "MUR \\LWAL\\HEX:1",
        "LUAS_M2": 232.387317515,
        "Koefisien": 1.0,
        "Nilai Exposure": 1166584333.9253001,
        "Klasifikasi Rentang Exposure": "> Rp1.136.724.268,30 - Rp1.856.590.180,23",
        "koreksi_koordinat": "TIDAK"
      },
      "geometry": {
        "type": "Point",
        "coordinates": [
          105.236524,
          -5.552764
        ]
      }
    },
    {
      "type": "Feature",
      "properties": {
        "Nomor": 472,
        "NO": 472,
        "ID Bangunan": "Blok C (SDI-C142-142)",
        "Blok": "C",
        "Koordinat Latitude (Y)": -5.55262,
        "Koordinat Longitude (X)": 105.236353,
        "Fungsi Bangunan": "Rumah Tinggal",
        "Klasifikasi": "Hunian",
        "Jumlah Lantai": 1,
        "Material Dominan": "Pasang Bata",
        "Sistem Stuktur Tampak": "Dinding Pemikul",
        "Tipe Atap": "Pelana",
        "Material Penutup Atap": "Genteng dan Seng",
        "Dinding Luar": "Campuran",
        "Kondisi Visual": "Baik",
        "Kode Material": "MUR (batu bata tanpa tulang)",
        "Kode Sistem Struktur": "LWAL",
        "Tingkat Keyakinan": "Tinggi",
        "Dokumetasi": null,
        "Kode Fungsi": "F01",
        "Klasifikasi Fungsi": "Hunian",
        "KODE MATERIAL": "MUR",
        "KODE SISTEM STRUKTUR": "LWAL",
        "KODE TIPE ATAP": "RSH2",
        "KODE MATERIAL PENUTUP ATAP": "RMT1+RMT6",
        "KODE DINDING LUAR": "EWO",
        "KODE KONDISI VISUAL ": "CV1",
        "JUMLAH LANTAI": "HEX:1",
        "TAKSONOMI": "MUR/LWAL/RSH2/RMT1+RMT6/EWO/CV1/HEX:1",
        "KODE SIGKAT": "MUR \\LWAL\\HEX:1",
        "LUAS_M2": 99.1457819348,
        "Koefisien": 1.0,
        "Nilai Exposure": 497711825.312696,
        "Klasifikasi Rentang Exposure": "Rp14.611.983,05 - Rp638.909.581,39",
        "koreksi_koordinat": "TIDAK"
      },
      "geometry": {
        "type": "Point",
        "coordinates": [
          105.236353,
          -5.55262
        ]
      }
    },
    {
      "type": "Feature",
      "properties": {
        "Nomor": 473,
        "NO": 473,
        "ID Bangunan": "Blok C (SDI-C143-143)",
        "Blok": "C",
        "Koordinat Latitude (Y)": -5.552405,
        "Koordinat Longitude (X)": 105.236276,
        "Fungsi Bangunan": "Rumah Tinggal",
        "Klasifikasi": "Hunian",
        "Jumlah Lantai": 1,
        "Material Dominan": "Pasang Bata",
        "Sistem Stuktur Tampak": "Dinding Pemikul",
        "Tipe Atap": "Pelana",
        "Material Penutup Atap": "Seng",
        "Dinding Luar": "Bata Ekspos",
        "Kondisi Visual": "Sedang",
        "Kode Material": "MUR (batu bata tanpa tulang)",
        "Kode Sistem Struktur": "LWAL",
        "Tingkat Keyakinan": "Tinggi",
        "Dokumetasi": null,
        "Kode Fungsi": "F01",
        "Klasifikasi Fungsi": "Hunian",
        "KODE MATERIAL": "MUR",
        "KODE SISTEM STRUKTUR": "LWAL",
        "KODE TIPE ATAP": "RSH2",
        "KODE MATERIAL PENUTUP ATAP": "RMT2",
        "KODE DINDING LUAR": "EWMA",
        "KODE KONDISI VISUAL ": "CV2",
        "JUMLAH LANTAI": "HEX:1",
        "TAKSONOMI": "MUR/LWAL/RSH2/RMT2/EWMA/CV2/HEX:1",
        "KODE SIGKAT": "MUR \\LWAL\\HEX:1",
        "LUAS_M2": 99.1457819348,
        "Koefisien": 1.0,
        "Nilai Exposure": 497711825.312696,
        "Klasifikasi Rentang Exposure": "Rp14.611.983,05 - Rp638.909.581,39",
        "koreksi_koordinat": "TIDAK"
      },
      "geometry": {
        "type": "Point",
        "coordinates": [
          105.236276,
          -5.552405
        ]
      }
    },
    {
      "type": "Feature",
      "properties": {
        "Nomor": 474,
        "NO": 474,
        "ID Bangunan": "Blok C (SDI-C144-144)",
        "Blok": "C",
        "Koordinat Latitude (Y)": -5.552235,
        "Koordinat Longitude (X)": 105.236303,
        "Fungsi Bangunan": "Rumah Tinggal",
        "Klasifikasi": "Hunian",
        "Jumlah Lantai": 1,
        "Material Dominan": "Pasang Bata",
        "Sistem Stuktur Tampak": "Dinding Pemikul",
        "Tipe Atap": "Pelana",
        "Material Penutup Atap": "Genteng",
        "Dinding Luar": "Bata Ekspos",
        "Kondisi Visual": "Baik",
        "Kode Material": "MUR (batu bata tanpa tulang)",
        "Kode Sistem Struktur": "LWAL",
        "Tingkat Keyakinan": "Tinggi",
        "Dokumetasi": null,
        "Kode Fungsi": "F01",
        "Klasifikasi Fungsi": "Hunian",
        "KODE MATERIAL": "MUR",
        "KODE SISTEM STRUKTUR": "LWAL",
        "KODE TIPE ATAP": "RSH2",
        "KODE MATERIAL PENUTUP ATAP": "RMT1",
        "KODE DINDING LUAR": "EWMA",
        "KODE KONDISI VISUAL ": "CV1",
        "JUMLAH LANTAI": "HEX:1",
        "TAKSONOMI": "MUR/LWAL/RSH2/RMT1/EWMA/CV1/HEX:1",
        "KODE SIGKAT": "MUR \\LWAL\\HEX:1",
        "LUAS_M2": 110.249116591,
        "Koefisien": 1.0,
        "Nilai Exposure": 553450565.28682,
        "Klasifikasi Rentang Exposure": "Rp14.611.983,05 - Rp638.909.581,39",
        "koreksi_koordinat": "TIDAK"
      },
      "geometry": {
        "type": "Point",
        "coordinates": [
          105.236303,
          -5.552235
        ]
      }
    },
    {
      "type": "Feature",
      "properties": {
        "Nomor": 475,
        "NO": 475,
        "ID Bangunan": "Blok C (SDI-C145-145)",
        "Blok": "C",
        "Koordinat Latitude (Y)": -5.552215,
        "Koordinat Longitude (X)": 105.236685,
        "Fungsi Bangunan": "Rumah Tinggal",
        "Klasifikasi": "Hunian",
        "Jumlah Lantai": 1,
        "Material Dominan": "Pasang Bata",
        "Sistem Stuktur Tampak": "Rangka Beton Bertulang",
        "Tipe Atap": "Tidak Terlihat",
        "Material Penutup Atap": "Tidak ada Genteng",
        "Dinding Luar": "Bata Ekspos",
        "Kondisi Visual": "Rusak Ringan",
        "Kode Material": "MCF (batu bata bertulang)",
        "Kode Sistem Struktur": "LFINF",
        "Tingkat Keyakinan": "Tinggi",
        "Dokumetasi": null,
        "Kode Fungsi": "F01",
        "Klasifikasi Fungsi": "Hunian",
        "KODE MATERIAL": "MCF",
        "KODE SISTEM STRUKTUR": "LFINF",
        "KODE TIPE ATAP": "RSH99",
        "KODE MATERIAL PENUTUP ATAP": "RMT99",
        "KODE DINDING LUAR": "EWMA",
        "KODE KONDISI VISUAL ": "CV2",
        "JUMLAH LANTAI": "HEX:1",
        "TAKSONOMI": "MCF/LFINF/RSH99/RMT99/EWMA/CV2/HEX:1",
        "KODE SIGKAT": "MCF \\LFINF\\HEX:1",
        "LUAS_M2": 159.901807099,
        "Koefisien": 1.0,
        "Nilai Exposure": 802707071.6369799,
        "Klasifikasi Rentang Exposure": "> Rp638.909.581,39 - Rp1.136.724.268,30",
        "koreksi_koordinat": "TIDAK"
      },
      "geometry": {
        "type": "Point",
        "coordinates": [
          105.236685,
          -5.552215
        ]
      }
    },
    {
      "type": "Feature",
      "properties": {
        "Nomor": 476,
        "NO": 476,
        "ID Bangunan": "Blok C(SDI-C146-146)",
        "Blok": "C",
        "Koordinat Latitude (Y)": -5.552394,
        "Koordinat Longitude (X)": 105.23642,
        "Fungsi Bangunan": "Rumah Tinggal",
        "Klasifikasi": "Hunian",
        "Jumlah Lantai": 1,
        "Material Dominan": "Pasang Bata",
        "Sistem Stuktur Tampak": "Dinding Pemikul",
        "Tipe Atap": "Pelana",
        "Material Penutup Atap": "Genteng dan Seng",
        "Dinding Luar": "Bata Ekspos",
        "Kondisi Visual": "Baik",
        "Kode Material": "MUR (batu bata tanpa tulang)",
        "Kode Sistem Struktur": "LWAL",
        "Tingkat Keyakinan": "Tinggi",
        "Dokumetasi": null,
        "Kode Fungsi": "F01",
        "Klasifikasi Fungsi": "Hunian",
        "KODE MATERIAL": "MUR",
        "KODE SISTEM STRUKTUR": "LWAL",
        "KODE TIPE ATAP": "RSH2",
        "KODE MATERIAL PENUTUP ATAP": "RMT1+RMT6",
        "KODE DINDING LUAR": "EWMA",
        "KODE KONDISI VISUAL ": "CV1",
        "JUMLAH LANTAI": "HEX:1",
        "TAKSONOMI": "MUR/LWAL/RSH2/RMT1+RMT6/EWMA/CV1/HEX:1",
        "KODE SIGKAT": "MUR \\LWAL\\HEX:1",
        "LUAS_M2": 155.600075964,
        "Koefisien": 1.0,
        "Nilai Exposure": 781112381.33928,
        "Klasifikasi Rentang Exposure": "> Rp638.909.581,39 - Rp1.136.724.268,30",
        "koreksi_koordinat": "TIDAK"
      },
      "geometry": {
        "type": "Point",
        "coordinates": [
          105.23642,
          -5.552394
        ]
      }
    },
    {
      "type": "Feature",
      "properties": {
        "Nomor": 477,
        "NO": 477,
        "ID Bangunan": "Blok C (SDI-C147-147)",
        "Blok": "C",
        "Koordinat Latitude (Y)": -5.552406,
        "Koordinat Longitude (X)": 105.235281,
        "Fungsi Bangunan": "Rumah Tinggal",
        "Klasifikasi": "Hunian",
        "Jumlah Lantai": 1,
        "Material Dominan": "Pasang Bata",
        "Sistem Stuktur Tampak": "Dinding Pemikul",
        "Tipe Atap": "Pelana",
        "Material Penutup Atap": "Genteng",
        "Dinding Luar": "Bata Plaster",
        "Kondisi Visual": "Baik",
        "Kode Material": "MUR (batu bata tanpa tulang)",
        "Kode Sistem Struktur": "LWAL",
        "Tingkat Keyakinan": "Tinggi",
        "Dokumetasi": null,
        "Kode Fungsi": "F01",
        "Klasifikasi Fungsi": "Hunian",
        "KODE MATERIAL": "MUR",
        "KODE SISTEM STRUKTUR": "LWAL",
        "KODE TIPE ATAP": "RSH2",
        "KODE MATERIAL PENUTUP ATAP": "RMT1",
        "KODE DINDING LUAR": "EWMA",
        "KODE KONDISI VISUAL ": "CV1",
        "JUMLAH LANTAI": "HEX:1",
        "TAKSONOMI": "MUR/LWAL/RSH2/RMT1/EWMA/CV1/HEX:1",
        "KODE SIGKAT": "MUR \\LWAL\\HEX:1",
        "LUAS_M2": 196.394028517,
        "Koefisien": 1.0,
        "Nilai Exposure": 985898023.1553401,
        "Klasifikasi Rentang Exposure": "> Rp638.909.581,39 - Rp1.136.724.268,30",
        "koreksi_koordinat": "TIDAK"
      },
      "geometry": {
        "type": "Point",
        "coordinates": [
          105.235281,
          -5.552406
        ]
      }
    },
    {
      "type": "Feature",
      "properties": {
        "Nomor": 478,
        "NO": 478,
        "ID Bangunan": "Blok C (SDI-C148-148)",
        "Blok": "C",
        "Koordinat Latitude (Y)": -5.551202,
        "Koordinat Longitude (X)": 105.233993,
        "Fungsi Bangunan": "Rumah Tinggal",
        "Klasifikasi": "Hunian",
        "Jumlah Lantai": 1,
        "Material Dominan": "Beton Bertulang",
        "Sistem Stuktur Tampak": "Rangka Beton Bertulang",
        "Tipe Atap": "Limasan",
        "Material Penutup Atap": "Genteng",
        "Dinding Luar": "Bata Plaster",
        "Kondisi Visual": "Baik",
        "Kode Material": "MCF (batu bata bertulang)",
        "Kode Sistem Struktur": "LFINF",
        "Tingkat Keyakinan": "Tinggi",
        "Dokumetasi": null,
        "Kode Fungsi": "F01",
        "Klasifikasi Fungsi": "Hunian",
        "KODE MATERIAL": "MCF",
        "KODE SISTEM STRUKTUR": "LFINF",
        "KODE TIPE ATAP": "RSH3",
        "KODE MATERIAL PENUTUP ATAP": "RMT1",
        "KODE DINDING LUAR": "EWMA",
        "KODE KONDISI VISUAL ": "CV1",
        "JUMLAH LANTAI": "HEX:1",
        "TAKSONOMI": "MCF/LFINF/RSH3/RMT1/EWMA/CV1/HEX:1",
        "KODE SIGKAT": "MCF \\LFINF\\HEX:1",
        "LUAS_M2": 119.294211491,
        "Koefisien": 1.0,
        "Nilai Exposure": 598856941.6848199,
        "Klasifikasi Rentang Exposure": "Rp14.611.983,05 - Rp638.909.581,39",
        "koreksi_koordinat": "TIDAK"
      },
      "geometry": {
        "type": "Point",
        "coordinates": [
          105.233993,
          -5.551202
        ]
      }
    },
    {
      "type": "Feature",
      "properties": {
        "Nomor": 479,
        "NO": 479,
        "ID Bangunan": "Blok B(SDI-B174-174)",
        "Blok": "B",
        "Koordinat Latitude (Y)": -5.551222,
        "Koordinat Longitude (X)": 105.233909,
        "Fungsi Bangunan": "Rumah Tinggal",
        "Klasifikasi": "Hunian",
        "Jumlah Lantai": 1,
        "Material Dominan": "Kayu",
        "Sistem Stuktur Tampak": "Rangka Kayu",
        "Tipe Atap": "Pelana",
        "Material Penutup Atap": "Seng",
        "Dinding Luar": "Kayu",
        "Kondisi Visual": "Baik",
        "Kode Material": "W (kayu)",
        "Kode Sistem Struktur": "LPB",
        "Tingkat Keyakinan": "Tinggi",
        "Dokumetasi": null,
        "Kode Fungsi": "F01",
        "Klasifikasi Fungsi": "Hunian",
        "KODE MATERIAL": "W",
        "KODE SISTEM STRUKTUR": "LPB",
        "KODE TIPE ATAP": "RSH2",
        "KODE MATERIAL PENUTUP ATAP": "RMT2",
        "KODE DINDING LUAR": "EWW",
        "KODE KONDISI VISUAL ": "CV1",
        "JUMLAH LANTAI": "HEX:1",
        "TAKSONOMI": "W/LPB/RSH2/RMT2/EWW/CV1/HEX:1",
        "KODE SIGKAT": "W \\LPB\\HEX:1",
        "LUAS_M2": 150.458675451,
        "Koefisien": 1.09,
        "Nilai Exposure": 823279780.3327818,
        "Klasifikasi Rentang Exposure": "> Rp638.909.581,39 - Rp1.136.724.268,30",
        "koreksi_koordinat": "TIDAK"
      },
      "geometry": {
        "type": "Point",
        "coordinates": [
          105.233909,
          -5.551222
        ]
      }
    },
    {
      "type": "Feature",
      "properties": {
        "Nomor": 480,
        "NO": 480,
        "ID Bangunan": "Blok B (SDI-B175-175)",
        "Blok": "B",
        "Koordinat Latitude (Y)": -5.551186,
        "Koordinat Longitude (X)": 105.233895,
        "Fungsi Bangunan": "Rumah Tinggal",
        "Klasifikasi": "Hunian",
        "Jumlah Lantai": 2,
        "Material Dominan": "Beton Bertulang",
        "Sistem Stuktur Tampak": "Rangka Beton Bertulang",
        "Tipe Atap": "Limasan",
        "Material Penutup Atap": "Genteng",
        "Dinding Luar": "Bata Plaster",
        "Kondisi Visual": "Baik",
        "Kode Material": "MCF (batu bata bertulang)",
        "Kode Sistem Struktur": "LFINF",
        "Tingkat Keyakinan": "Tinggi",
        "Dokumetasi": null,
        "Kode Fungsi": "F01",
        "Klasifikasi Fungsi": "Hunian",
        "KODE MATERIAL": "MCF",
        "KODE SISTEM STRUKTUR": "LFINF",
        "KODE TIPE ATAP": "RSH3",
        "KODE MATERIAL PENUTUP ATAP": "RMT1",
        "KODE DINDING LUAR": "EWMA",
        "KODE KONDISI VISUAL ": "CV1",
        "JUMLAH LANTAI": "HEX:2",
        "TAKSONOMI": "MCF/LFINF/RSH3/RMT1/EWMA/CV1/HEX:2",
        "KODE SIGKAT": "MCF \\LFINF\\HEX:2",
        "LUAS_M2": 50.8728276644,
        "Koefisien": 1.0,
        "Nilai Exposure": 255381594.875288,
        "Klasifikasi Rentang Exposure": "Rp14.611.983,05 - Rp638.909.581,39",
        "koreksi_koordinat": "TIDAK"
      },
      "geometry": {
        "type": "Point",
        "coordinates": [
          105.233895,
          -5.551186
        ]
      }
    },
    {
      "type": "Feature",
      "properties": {
        "Nomor": 481,
        "NO": 481,
        "ID Bangunan": "Blok B (SDI-B176-176)",
        "Blok": "B",
        "Koordinat Latitude (Y)": -5.551346,
        "Koordinat Longitude (X)": 105.233749,
        "Fungsi Bangunan": "Rumah Tinggal",
        "Klasifikasi": "Hunian",
        "Jumlah Lantai": 1,
        "Material Dominan": "Campuran",
        "Sistem Stuktur Tampak": "Campuran",
        "Tipe Atap": "Pelana",
        "Material Penutup Atap": "Seng",
        "Dinding Luar": "Campuran",
        "Kondisi Visual": "Baik",
        "Kode Material": "MIX",
        "Kode Sistem Struktur": "LWAL",
        "Tingkat Keyakinan": "Tinggi",
        "Dokumetasi": null,
        "Kode Fungsi": "F01",
        "Klasifikasi Fungsi": "Hunian",
        "KODE MATERIAL": "MIX",
        "KODE SISTEM STRUKTUR": "LWAL",
        "KODE TIPE ATAP": "RSH2",
        "KODE MATERIAL PENUTUP ATAP": "RMT2",
        "KODE DINDING LUAR": "EWO",
        "KODE KONDISI VISUAL ": "CV1",
        "JUMLAH LANTAI": "HEX:1",
        "TAKSONOMI": "MIX/LWAL/RSH2/RMT2/EWO/CV1/HEX:1",
        "KODE SIGKAT": "MIX \\LWAL\\HEX:1",
        "LUAS_M2": 13.808219351,
        "Koefisien": 1.0,
        "Nilai Exposure": 69317261.14202,
        "Klasifikasi Rentang Exposure": "Rp14.611.983,05 - Rp638.909.581,39",
        "koreksi_koordinat": "TIDAK"
      },
      "geometry": {
        "type": "Point",
        "coordinates": [
          105.233749,
          -5.551346
        ]
      }
    },
    {
      "type": "Feature",
      "properties": {
        "Nomor": 482,
        "NO": 482,
        "ID Bangunan": "Blol B (SDI-B177-177)",
        "Blok": "B",
        "Koordinat Latitude (Y)": -5.551095,
        "Koordinat Longitude (X)": 105.233679,
        "Fungsi Bangunan": "Rumah Tinggal",
        "Klasifikasi": "Hunian",
        "Jumlah Lantai": 1,
        "Material Dominan": "Pasang Bata",
        "Sistem Stuktur Tampak": "Dinding Pemikul",
        "Tipe Atap": "Pelana",
        "Material Penutup Atap": "Genteng",
        "Dinding Luar": "Bata Ekspos",
        "Kondisi Visual": "Baik",
        "Kode Material": "MUR (batu bata tanpa tulang)",
        "Kode Sistem Struktur": "LWAL",
        "Tingkat Keyakinan": "Tinggi",
        "Dokumetasi": null,
        "Kode Fungsi": "F01",
        "Klasifikasi Fungsi": "Hunian",
        "KODE MATERIAL": "MUR",
        "KODE SISTEM STRUKTUR": "LWAL",
        "KODE TIPE ATAP": "RSH2",
        "KODE MATERIAL PENUTUP ATAP": "RMT1",
        "KODE DINDING LUAR": "EWMA",
        "KODE KONDISI VISUAL ": "CV1",
        "JUMLAH LANTAI": "HEX:1",
        "TAKSONOMI": "MUR/LWAL/RSH2/RMT1/EWMA/CV1/HEX:1",
        "KODE SIGKAT": "MUR \\LWAL\\HEX:1",
        "LUAS_M2": 123.236295467,
        "Koefisien": 1.0,
        "Nilai Exposure": 618646203.2443401,
        "Klasifikasi Rentang Exposure": "Rp14.611.983,05 - Rp638.909.581,39",
        "koreksi_koordinat": "TIDAK"
      },
      "geometry": {
        "type": "Point",
        "coordinates": [
          105.233679,
          -5.551095
        ]
      }
    },
    {
      "type": "Feature",
      "properties": {
        "Nomor": 483,
        "NO": 483,
        "ID Bangunan": "Blok B (SDI-B178-178)",
        "Blok": "B",
        "Koordinat Latitude (Y)": -5.551067,
        "Koordinat Longitude (X)": 105.233623,
        "Fungsi Bangunan": "Rumah Tinggal",
        "Klasifikasi": "Hunian",
        "Jumlah Lantai": 1,
        "Material Dominan": "Pasang Bata",
        "Sistem Stuktur Tampak": "Dinding Pemikul",
        "Tipe Atap": "Pelana",
        "Material Penutup Atap": "Genteng",
        "Dinding Luar": "Bata Plaster",
        "Kondisi Visual": "Baik",
        "Kode Material": "MUR (batu bata tanpa tulang)",
        "Kode Sistem Struktur": "LWAL",
        "Tingkat Keyakinan": "Tinggi",
        "Dokumetasi": null,
        "Kode Fungsi": "F01",
        "Klasifikasi Fungsi": "Hunian",
        "KODE MATERIAL": "MUR",
        "KODE SISTEM STRUKTUR": "LWAL",
        "KODE TIPE ATAP": "RSH2",
        "KODE MATERIAL PENUTUP ATAP": "RMT1",
        "KODE DINDING LUAR": "EWMA",
        "KODE KONDISI VISUAL ": "CV1",
        "JUMLAH LANTAI": "HEX:1",
        "TAKSONOMI": "MUR/LWAL/RSH2/RMT1/EWMA/CV1/HEX:1",
        "KODE SIGKAT": "MUR \\LWAL\\HEX:1",
        "LUAS_M2": 105.64026801,
        "Koefisien": 1.0,
        "Nilai Exposure": 530314145.4102,
        "Klasifikasi Rentang Exposure": "Rp14.611.983,05 - Rp638.909.581,39",
        "koreksi_koordinat": "TIDAK"
      },
      "geometry": {
        "type": "Point",
        "coordinates": [
          105.233623,
          -5.551067
        ]
      }
    },
    {
      "type": "Feature",
      "properties": {
        "Nomor": 484,
        "NO": 484,
        "ID Bangunan": "Blok B (SDI-B179-179)",
        "Blok": "B",
        "Koordinat Latitude (Y)": -5.55096,
        "Koordinat Longitude (X)": 105.233677,
        "Fungsi Bangunan": "Rumah Tinggal",
        "Klasifikasi": "Hunian",
        "Jumlah Lantai": 1,
        "Material Dominan": "Pasang Bata",
        "Sistem Stuktur Tampak": "Dinding Pemikul",
        "Tipe Atap": "Pelana",
        "Material Penutup Atap": "Genteng",
        "Dinding Luar": "Bata Ekspos",
        "Kondisi Visual": "Baik",
        "Kode Material": "MUR (batu bata tanpa tulang)",
        "Kode Sistem Struktur": "LWAL",
        "Tingkat Keyakinan": "Tinggi",
        "Dokumetasi": null,
        "Kode Fungsi": "F01",
        "Klasifikasi Fungsi": "Hunian",
        "KODE MATERIAL": "MUR",
        "KODE SISTEM STRUKTUR": "LWAL",
        "KODE TIPE ATAP": "RSH2",
        "KODE MATERIAL PENUTUP ATAP": "RMT1",
        "KODE DINDING LUAR": "EWMA",
        "KODE KONDISI VISUAL ": "CV1",
        "JUMLAH LANTAI": "HEX:1",
        "TAKSONOMI": "MUR/LWAL/RSH2/RMT1/EWMA/CV1/HEX:1",
        "KODE SIGKAT": "MUR \\LWAL\\HEX:1",
        "LUAS_M2": 108.318325882,
        "Koefisien": 1.0,
        "Nilai Exposure": 543757995.92764,
        "Klasifikasi Rentang Exposure": "Rp14.611.983,05 - Rp638.909.581,39",
        "koreksi_koordinat": "TIDAK"
      },
      "geometry": {
        "type": "Point",
        "coordinates": [
          105.233677,
          -5.55096
        ]
      }
    },
    {
      "type": "Feature",
      "properties": {
        "Nomor": 485,
        "NO": 485,
        "ID Bangunan": "Blok B (SDI-B180-180)",
        "Blok": "B",
        "Koordinat Latitude (Y)": -5.55102,
        "Koordinat Longitude (X)": 105.233364,
        "Fungsi Bangunan": "Rumah Tinggal",
        "Klasifikasi": "Hunian",
        "Jumlah Lantai": 1,
        "Material Dominan": "Pasang Bata",
        "Sistem Stuktur Tampak": "Dinding Pemikul",
        "Tipe Atap": "Pelana",
        "Material Penutup Atap": "Genteng",
        "Dinding Luar": "Bata Plaster",
        "Kondisi Visual": "Baik",
        "Kode Material": "MUR (batu bata tanpa tulang)",
        "Kode Sistem Struktur": "LWAL",
        "Tingkat Keyakinan": "Tinggi",
        "Dokumetasi": null,
        "Kode Fungsi": "F01",
        "Klasifikasi Fungsi": "Hunian",
        "KODE MATERIAL": "MUR",
        "KODE SISTEM STRUKTUR": "LWAL",
        "KODE TIPE ATAP": "RSH2",
        "KODE MATERIAL PENUTUP ATAP": "RMT1",
        "KODE DINDING LUAR": "EWMA",
        "KODE KONDISI VISUAL ": "CV1",
        "JUMLAH LANTAI": "HEX:1",
        "TAKSONOMI": "MUR/LWAL/RSH2/RMT1/EWMA/CV1/HEX:1",
        "KODE SIGKAT": "MUR \\LWAL\\HEX:1",
        "LUAS_M2": 108.318325882,
        "Koefisien": 1.0,
        "Nilai Exposure": 543757995.92764,
        "Klasifikasi Rentang Exposure": "Rp14.611.983,05 - Rp638.909.581,39",
        "koreksi_koordinat": "TIDAK"
      },
      "geometry": {
        "type": "Point",
        "coordinates": [
          105.233364,
          -5.55102
        ]
      }
    },
    {
      "type": "Feature",
      "properties": {
        "Nomor": 486,
        "NO": 486,
        "ID Bangunan": "Blok B (SDI-B181-181)",
        "Blok": "B",
        "Koordinat Latitude (Y)": -5.551046,
        "Koordinat Longitude (X)": 105.233412,
        "Fungsi Bangunan": "Rumah Tinggal",
        "Klasifikasi": "Hunian",
        "Jumlah Lantai": 1,
        "Material Dominan": "Beton Bertulang",
        "Sistem Stuktur Tampak": "Rangka Beton Bertulang",
        "Tipe Atap": "Limasan",
        "Material Penutup Atap": "Genteng",
        "Dinding Luar": "Bata Plaster",
        "Kondisi Visual": "Baik",
        "Kode Material": "MCF (batu bata bertulang)",
        "Kode Sistem Struktur": "LFINF",
        "Tingkat Keyakinan": "Tinggi",
        "Dokumetasi": null,
        "Kode Fungsi": "F01",
        "Klasifikasi Fungsi": "Hunian",
        "KODE MATERIAL": "MCF",
        "KODE SISTEM STRUKTUR": "LFINF",
        "KODE TIPE ATAP": "RSH3",
        "KODE MATERIAL PENUTUP ATAP": "RMT1",
        "KODE DINDING LUAR": "EWMA",
        "KODE KONDISI VISUAL ": "CV1",
        "JUMLAH LANTAI": "HEX:1",
        "TAKSONOMI": "MCF/LFINF/RSH3/RMT1/EWMA/CV1/HEX:1",
        "KODE SIGKAT": "MCF \\LFINF\\HEX:1",
        "LUAS_M2": 118.677635664,
        "Koefisien": 1.0,
        "Nilai Exposure": 595761731.03328,
        "Klasifikasi Rentang Exposure": "Rp14.611.983,05 - Rp638.909.581,39",
        "koreksi_koordinat": "TIDAK"
      },
      "geometry": {
        "type": "Point",
        "coordinates": [
          105.233412,
          -5.551046
        ]
      }
    },
    {
      "type": "Feature",
      "properties": {
        "Nomor": 487,
        "NO": 487,
        "ID Bangunan": "Blok B (SDI-B182-182)",
        "Blok": "B",
        "Koordinat Latitude (Y)": -5.551161,
        "Koordinat Longitude (X)": 105.233263,
        "Fungsi Bangunan": "Rumah Tinggal",
        "Klasifikasi": "Hunian",
        "Jumlah Lantai": 1,
        "Material Dominan": "Pasang Bata",
        "Sistem Stuktur Tampak": "Dinding Pemikul",
        "Tipe Atap": "Pelana",
        "Material Penutup Atap": "Seng",
        "Dinding Luar": "Bata Ekspos",
        "Kondisi Visual": "Baik",
        "Kode Material": "MUR (batu bata tanpa tulang)",
        "Kode Sistem Struktur": "LWAL",
        "Tingkat Keyakinan": "Tinggi",
        "Dokumetasi": null,
        "Kode Fungsi": "F01",
        "Klasifikasi Fungsi": "Hunian",
        "KODE MATERIAL": "MUR",
        "KODE SISTEM STRUKTUR": "LWAL",
        "KODE TIPE ATAP": "RSH2",
        "KODE MATERIAL PENUTUP ATAP": "RMT2",
        "KODE DINDING LUAR": "EWMA",
        "KODE KONDISI VISUAL ": "CV1",
        "JUMLAH LANTAI": "HEX:1",
        "TAKSONOMI": "MUR/LWAL/RSH2/RMT2/EWMA/CV1/HEX:1",
        "KODE SIGKAT": "MUR \\LWAL\\HEX:1",
        "LUAS_M2": 62.0041985325,
        "Koefisien": 1.0,
        "Nilai Exposure": 311261076.63315,
        "Klasifikasi Rentang Exposure": "Rp14.611.983,05 - Rp638.909.581,39",
        "koreksi_koordinat": "TIDAK"
      },
      "geometry": {
        "type": "Point",
        "coordinates": [
          105.233263,
          -5.551161
        ]
      }
    },
    {
      "type": "Feature",
      "properties": {
        "Nomor": 488,
        "NO": 488,
        "ID Bangunan": "Blok B (SDI-B183-183)",
        "Blok": "B",
        "Koordinat Latitude (Y)": -5.550887,
        "Koordinat Longitude (X)": 105.233368,
        "Fungsi Bangunan": "Rumah Tinggal",
        "Klasifikasi": "Hunian",
        "Jumlah Lantai": 1,
        "Material Dominan": "Beton Bertulang",
        "Sistem Stuktur Tampak": "Rangka Beton Bertulang",
        "Tipe Atap": "Limasan",
        "Material Penutup Atap": "Genteng",
        "Dinding Luar": "Bata Plaster",
        "Kondisi Visual": "Baik",
        "Kode Material": "MCF (batu bata bertulang)",
        "Kode Sistem Struktur": "LFINF",
        "Tingkat Keyakinan": "Tinggi",
        "Dokumetasi": null,
        "Kode Fungsi": "F01",
        "Klasifikasi Fungsi": "Hunian",
        "KODE MATERIAL": "MCF",
        "KODE SISTEM STRUKTUR": "LFINF",
        "KODE TIPE ATAP": "RSH3",
        "KODE MATERIAL PENUTUP ATAP": "RMT1",
        "KODE DINDING LUAR": "EWMA",
        "KODE KONDISI VISUAL ": "CV1",
        "JUMLAH LANTAI": "HEX:1",
        "TAKSONOMI": "MCF/LFINF/RSH3/RMT1/EWMA/CV1/HEX:1",
        "KODE SIGKAT": "MCF \\LFINF\\HEX:1",
        "LUAS_M2": 19.9276205714,
        "Koefisien": 1.0,
        "Nilai Exposure": 100036655.268428,
        "Klasifikasi Rentang Exposure": "Rp14.611.983,05 - Rp638.909.581,39",
        "koreksi_koordinat": "TIDAK"
      },
      "geometry": {
        "type": "Point",
        "coordinates": [
          105.233368,
          -5.550887
        ]
      }
    },
    {
      "type": "Feature",
      "properties": {
        "Nomor": 489,
        "NO": 489,
        "ID Bangunan": "Blok B-(SDI-B184-184)",
        "Blok": "B",
        "Koordinat Latitude (Y)": -5.550895,
        "Koordinat Longitude (X)": 105.233524,
        "Fungsi Bangunan": "Rumah Tinggal",
        "Klasifikasi": "Hunian",
        "Jumlah Lantai": 1,
        "Material Dominan": "Beton Bertulang",
        "Sistem Stuktur Tampak": "Rangka Beton Bertulang",
        "Tipe Atap": "Pelana",
        "Material Penutup Atap": "Genteng",
        "Dinding Luar": "Bata Plaster",
        "Kondisi Visual": "Baik",
        "Kode Material": "MCF (batu bata bertulang)",
        "Kode Sistem Struktur": "LFINF",
        "Tingkat Keyakinan": "Tinggi",
        "Dokumetasi": null,
        "Kode Fungsi": "F01",
        "Klasifikasi Fungsi": "Hunian",
        "KODE MATERIAL": "MCF",
        "KODE SISTEM STRUKTUR": "LFINF",
        "KODE TIPE ATAP": "RSH2",
        "KODE MATERIAL PENUTUP ATAP": "RMT1",
        "KODE DINDING LUAR": "EWMA",
        "KODE KONDISI VISUAL ": "CV1",
        "JUMLAH LANTAI": "HEX:1",
        "TAKSONOMI": "MCF/LFINF/RSH2/RMT1/EWMA/CV1/HEX:1",
        "KODE SIGKAT": "MCF \\LFINF\\HEX:1",
        "LUAS_M2": 62.0041985325,
        "Koefisien": 1.0,
        "Nilai Exposure": 311261076.63315,
        "Klasifikasi Rentang Exposure": "Rp14.611.983,05 - Rp638.909.581,39",
        "koreksi_koordinat": "TIDAK"
      },
      "geometry": {
        "type": "Point",
        "coordinates": [
          105.233524,
          -5.550895
        ]
      }
    },
    {
      "type": "Feature",
      "properties": {
        "Nomor": 490,
        "NO": 490,
        "ID Bangunan": "Blok B (SDI-B186-186)",
        "Blok": "B",
        "Koordinat Latitude (Y)": -5.550905,
        "Koordinat Longitude (X)": 105.23347,
        "Fungsi Bangunan": "Rumah Tinggal",
        "Klasifikasi": "Hunian",
        "Jumlah Lantai": 1,
        "Material Dominan": "Pasang Bata",
        "Sistem Stuktur Tampak": "Dinding Pemikul",
        "Tipe Atap": "Pelana",
        "Material Penutup Atap": "Genteng",
        "Dinding Luar": "Bata Ekspos",
        "Kondisi Visual": "Baik",
        "Kode Material": "MUR (batu bata tanpa tulang)",
        "Kode Sistem Struktur": "LWAL",
        "Tingkat Keyakinan": "Tinggi",
        "Dokumetasi": null,
        "Kode Fungsi": "F01",
        "Klasifikasi Fungsi": "Hunian",
        "KODE MATERIAL": "MUR",
        "KODE SISTEM STRUKTUR": "LWAL",
        "KODE TIPE ATAP": "RSH2",
        "KODE MATERIAL PENUTUP ATAP": "RMT1",
        "KODE DINDING LUAR": "EWMA",
        "KODE KONDISI VISUAL ": "CV1",
        "JUMLAH LANTAI": "HEX:1",
        "TAKSONOMI": "MUR/LWAL/RSH2/RMT1/EWMA/CV1/HEX:1",
        "KODE SIGKAT": "MUR \\LWAL\\HEX:1",
        "LUAS_M2": 199.32677265,
        "Koefisien": 1.09,
        "Nilai Exposure": 1090676234.58627,
        "Klasifikasi Rentang Exposure": "> Rp638.909.581,39 - Rp1.136.724.268,30",
        "koreksi_koordinat": "TIDAK"
      },
      "geometry": {
        "type": "Point",
        "coordinates": [
          105.23347,
          -5.550905
        ]
      }
    },
    {
      "type": "Feature",
      "properties": {
        "Nomor": 491,
        "NO": 491,
        "ID Bangunan": "SDI-C06-006",
        "Blok": "C",
        "Koordinat Latitude (Y)": -5.552477,
        "Koordinat Longitude (X)": 105.234672,
        "Fungsi Bangunan": "Rumah Tinggal dan Warung",
        "Klasifikasi": "Hunian",
        "Jumlah Lantai": 2,
        "Material Dominan": "Pasang Bata",
        "Sistem Stuktur Tampak": "Rangka Beton Bertulang",
        "Tipe Atap": "Pelana",
        "Material Penutup Atap": "Asbes",
        "Dinding Luar": "Bata Plaster",
        "Kondisi Visual": "Baik",
        "Kode Material": "MCF ",
        "Kode Sistem Struktur": "LFINF",
        "Tingkat Keyakinan": "Tinggi",
        "Dokumetasi": null,
        "Kode Fungsi": "F01",
        "Klasifikasi Fungsi": "Hunian",
        "KODE MATERIAL": "MCF ",
        "KODE SISTEM STRUKTUR": "LFINF",
        "KODE TIPE ATAP": "RSH2",
        "KODE MATERIAL PENUTUP ATAP": "RMT6",
        "KODE DINDING LUAR": "EWMA",
        "KODE KONDISI VISUAL ": "CV1",
        "JUMLAH LANTAI": "HEX:2",
        "TAKSONOMI": "MCF/LFINF/RSH2/RMT6/EWMA/CV1/HEX:2",
        "KODE SIGKAT": "MCF \\LFINF\\HEX:2",
        "LUAS_M2": 157.829006271,
        "Koefisien": 1.0,
        "Nilai Exposure": 792301611.48042,
        "Klasifikasi Rentang Exposure": "> Rp638.909.581,39 - Rp1.136.724.268,30",
        "koreksi_koordinat": "TIDAK"
      },
      "geometry": {
        "type": "Point",
        "coordinates": [
          105.234672,
          -5.552477
        ]
      }
    },
    {
      "type": "Feature",
      "properties": {
        "Nomor": 492,
        "NO": 492,
        "ID Bangunan": "SDI-C33-033",
        "Blok": "C",
        "Koordinat Latitude (Y)": -5.554043,
        "Koordinat Longitude (X)": 105.236494,
        "Fungsi Bangunan": "Rumah Tinggal dan Warung",
        "Klasifikasi": "Hunian",
        "Jumlah Lantai": 1,
        "Material Dominan": "Pasang Bata",
        "Sistem Stuktur Tampak": "Dinding Pemikul",
        "Tipe Atap": "Pelana",
        "Material Penutup Atap": "Genteng dan Seng",
        "Dinding Luar": "Bata Plaster",
        "Kondisi Visual": "Baik",
        "Kode Material": "MUR (batu bata tanpa tulang)",
        "Kode Sistem Struktur": "LWAL",
        "Tingkat Keyakinan": "Tinggi",
        "Dokumetasi": null,
        "Kode Fungsi": "F01",
        "Klasifikasi Fungsi": "Hunian",
        "KODE MATERIAL": "MUR",
        "KODE SISTEM STRUKTUR": "LWAL",
        "KODE TIPE ATAP": "RSH2",
        "KODE MATERIAL PENUTUP ATAP": "RMT1+RMT6",
        "KODE DINDING LUAR": "EWMA",
        "KODE KONDISI VISUAL ": "CV1",
        "JUMLAH LANTAI": "HEX:1",
        "TAKSONOMI": "MUR/LWAL/RSH2/RMT1+RMT6/EWMA/CV1/HEX:1",
        "KODE SIGKAT": "MUR \\LWAL\\HEX:1",
        "LUAS_M2": 46.329173606,
        "Koefisien": 1.09,
        "Nilai Exposure": 253503972.1373108,
        "Klasifikasi Rentang Exposure": "Rp14.611.983,05 - Rp638.909.581,39",
        "koreksi_koordinat": "TIDAK"
      },
      "geometry": {
        "type": "Point",
        "coordinates": [
          105.236494,
          -5.554043
        ]
      }
    },
    {
      "type": "Feature",
      "properties": {
        "Nomor": 493,
        "NO": 493,
        "ID Bangunan": "SDI-B42-042",
        "Blok": "B",
        "Koordinat Latitude (Y)": -5.547086,
        "Koordinat Longitude (X)": 105.229265,
        "Fungsi Bangunan": "Rumah Tinggal dan Warung",
        "Klasifikasi": "Hunian",
        "Jumlah Lantai": 2,
        "Material Dominan": "Pasang Bata",
        "Sistem Stuktur Tampak": "Rangka Beton Bertulang",
        "Tipe Atap": "Limasan",
        "Material Penutup Atap": "Genteng",
        "Dinding Luar": "Bata Plaster",
        "Kondisi Visual": "Baik",
        "Kode Material": "MCF (batu bata bertulang)",
        "Kode Sistem Struktur": "LFINF",
        "Tingkat Keyakinan": "Tinggi",
        "Dokumetasi": null,
        "Kode Fungsi": "F01",
        "Klasifikasi Fungsi": "Hunian",
        "KODE MATERIAL": "MCF",
        "KODE SISTEM STRUKTUR": "LFINF",
        "KODE TIPE ATAP": "RSH3",
        "KODE MATERIAL PENUTUP ATAP": "RMT1",
        "KODE DINDING LUAR": "EWMA",
        "KODE KONDISI VISUAL ": "CV1",
        "JUMLAH LANTAI": "HEX:2",
        "TAKSONOMI": "MCF/LFINF/RSH3/RMT1/EWMA/CV1/HEX:2",
        "KODE SIGKAT": "MCF \\LFINF\\HEX:2",
        "LUAS_M2": 157.829006271,
        "Koefisien": 1.0,
        "Nilai Exposure": 792301611.48042,
        "Klasifikasi Rentang Exposure": "> Rp638.909.581,39 - Rp1.136.724.268,30",
        "koreksi_koordinat": "TIDAK"
      },
      "geometry": {
        "type": "Point",
        "coordinates": [
          105.229265,
          -5.547086
        ]
      }
    },
    {
      "type": "Feature",
      "properties": {
        "Nomor": 494,
        "NO": 494,
        "ID Bangunan": "SDI-C102-102",
        "Blok": "C",
        "Koordinat Latitude (Y)": -5.554043,
        "Koordinat Longitude (X)": 105.236494,
        "Fungsi Bangunan": "Rumah Tinggal dan Warung",
        "Klasifikasi": "Hunian",
        "Jumlah Lantai": 1,
        "Material Dominan": "Pasang Bata",
        "Sistem Stuktur Tampak": "Dinding Pemikul",
        "Tipe Atap": "Pelana",
        "Material Penutup Atap": "Genteng",
        "Dinding Luar": "Bata Plaster",
        "Kondisi Visual": "Baik",
        "Kode Material": "MUR (batu bata tanpa tulang)",
        "Kode Sistem Struktur": "LWAL",
        "Tingkat Keyakinan": "Tinggi",
        "Dokumetasi": null,
        "Kode Fungsi": "F01",
        "Klasifikasi Fungsi": "Hunian",
        "KODE MATERIAL": "MUR",
        "KODE SISTEM STRUKTUR": "LWAL",
        "KODE TIPE ATAP": "RSH2",
        "KODE MATERIAL PENUTUP ATAP": "RMT1",
        "KODE DINDING LUAR": "EWMA",
        "KODE KONDISI VISUAL ": "CV1",
        "JUMLAH LANTAI": "HEX:1",
        "TAKSONOMI": "MUR/LWAL/RSH2/RMT1/EWMA/CV1/HEX:1",
        "KODE SIGKAT": "MUR \\LWAL\\HEX:1",
        "LUAS_M2": 128.043881091,
        "Koefisien": 1.0,
        "Nilai Exposure": 642780283.07682,
        "Klasifikasi Rentang Exposure": "> Rp638.909.581,39 - Rp1.136.724.268,30",
        "koreksi_koordinat": "TIDAK"
      },
      "geometry": {
        "type": "Point",
        "coordinates": [
          105.236494,
          -5.554043
        ]
      }
    },
    {
      "type": "Feature",
      "properties": {
        "Nomor": 495,
        "NO": 495,
        "ID Bangunan": "SDI-C103-103",
        "Blok": "C",
        "Koordinat Latitude (Y)": -5.552488,
        "Koordinat Longitude (X)": 105.235333,
        "Fungsi Bangunan": "Rumah Tinggal dan Warung",
        "Klasifikasi": "Hunian",
        "Jumlah Lantai": 1,
        "Material Dominan": "Pasang Bata",
        "Sistem Stuktur Tampak": "Rangka Beton Bertulang",
        "Tipe Atap": "Limasan",
        "Material Penutup Atap": "Asbes",
        "Dinding Luar": "Bata Plaster",
        "Kondisi Visual": "Baik",
        "Kode Material": "MCF (batu bata bertulang)",
        "Kode Sistem Struktur": "LFINF",
        "Tingkat Keyakinan": "Tinggi",
        "Dokumetasi": null,
        "Kode Fungsi": "F01",
        "Klasifikasi Fungsi": "Hunian",
        "KODE MATERIAL": "MCF",
        "KODE SISTEM STRUKTUR": "LFINF",
        "KODE TIPE ATAP": "RSH3",
        "KODE MATERIAL PENUTUP ATAP": "RMT6",
        "KODE DINDING LUAR": "EWMA",
        "KODE KONDISI VISUAL ": "CV1",
        "JUMLAH LANTAI": "HEX:1",
        "TAKSONOMI": "MCF/LFINF/RSH3/RMT6/EWMA/CV1/HEX:1",
        "KODE SIGKAT": "MCF \\LFINF\\HEX:1",
        "LUAS_M2": 203.568603049,
        "Koefisien": 1.0,
        "Nilai Exposure": 1021914387.30598,
        "Klasifikasi Rentang Exposure": "> Rp638.909.581,39 - Rp1.136.724.268,30",
        "koreksi_koordinat": "TIDAK"
      },
      "geometry": {
        "type": "Point",
        "coordinates": [
          105.235333,
          -5.552488
        ]
      }
    },
    {
      "type": "Feature",
      "properties": {
        "Nomor": 496,
        "NO": 496,
        "ID Bangunan": "SDI-C115-115",
        "Blok": "C",
        "Koordinat Latitude (Y)": -5.553133,
        "Koordinat Longitude (X)": 105.234741,
        "Fungsi Bangunan": "Rumah Tinggal dan Warung",
        "Klasifikasi": "Hunian",
        "Jumlah Lantai": 1,
        "Material Dominan": "Pasang Bata",
        "Sistem Stuktur Tampak": "Dinding Pemikul",
        "Tipe Atap": "Kombinasi",
        "Material Penutup Atap": "Genteng",
        "Dinding Luar": "Bata Plaster",
        "Kondisi Visual": "Baik",
        "Kode Material": "MUR (batu bata tanpa tulang)",
        "Kode Sistem Struktur": "LWAL",
        "Tingkat Keyakinan": "Tinggi",
        "Dokumetasi": null,
        "Kode Fungsi": "F01",
        "Klasifikasi Fungsi": "Hunian",
        "KODE MATERIAL": "MUR",
        "KODE SISTEM STRUKTUR": "LWAL",
        "KODE TIPE ATAP": "RSH8",
        "KODE MATERIAL PENUTUP ATAP": "RMT1",
        "KODE DINDING LUAR": "EWMA",
        "KODE KONDISI VISUAL ": "CV1",
        "JUMLAH LANTAI": "HEX:1",
        "TAKSONOMI": "MUR/LWAL/RSH8/RMT1/EWMA/CV1/HEX:1",
        "KODE SIGKAT": "MUR \\LWAL\\HEX:1",
        "LUAS_M2": 162.570137103,
        "Koefisien": 1.0,
        "Nilai Exposure": 816102088.25706,
        "Klasifikasi Rentang Exposure": "> Rp638.909.581,39 - Rp1.136.724.268,30",
        "koreksi_koordinat": "TIDAK"
      },
      "geometry": {
        "type": "Point",
        "coordinates": [
          105.234741,
          -5.553133
        ]
      }
    },
    {
      "type": "Feature",
      "properties": {
        "Nomor": 497,
        "NO": 497,
        "ID Bangunan": "SDI-A40-040",
        "Blok": "A",
        "Koordinat Latitude (Y)": -5.544025,
        "Koordinat Longitude (X)": 105.225011,
        "Fungsi Bangunan": "Rumah tinggal dan Warung",
        "Klasifikasi": "Hunian",
        "Jumlah Lantai": 1,
        "Material Dominan": "Pasang Bata",
        "Sistem Stuktur Tampak": "Rangka Beton Bertulang",
        "Tipe Atap": "Pelana",
        "Material Penutup Atap": "Genteng",
        "Dinding Luar": "Bata Plaster",
        "Kondisi Visual": "Baik",
        "Kode Material": "MCF",
        "Kode Sistem Struktur": "LFINF",
        "Tingkat Keyakinan": "Tinggi",
        "Dokumetasi": null,
        "Kode Fungsi": "F01",
        "Klasifikasi Fungsi": "Hunian",
        "KODE MATERIAL": "MCF ",
        "KODE SISTEM STRUKTUR": "LFINF",
        "KODE TIPE ATAP": "RSH2",
        "KODE MATERIAL PENUTUP ATAP": "RMT1",
        "KODE DINDING LUAR": "EWMA",
        "KODE KONDISI VISUAL ": "CV1",
        "JUMLAH LANTAI": "HEX:1",
        "TAKSONOMI": "MCF/LFINF/RSH2/RMT1/EWMA/CV1/HEX:1",
        "KODE SIGKAT": "MCF \\LFINF\\HEX:1",
        "LUAS_M2": 132.781832344,
        "Koefisien": 1.0,
        "Nilai Exposure": 666564798.36688,
        "Klasifikasi Rentang Exposure": "> Rp638.909.581,39 - Rp1.136.724.268,30",
        "koreksi_koordinat": "TIDAK"
      },
      "geometry": {
        "type": "Point",
        "coordinates": [
          105.225011,
          -5.544025
        ]
      }
    },
    {
      "type": "Feature",
      "properties": {
        "Nomor": 498,
        "NO": 498,
        "ID Bangunan": "Blok D (SDI-D85-085)",
        "Blok": "D",
        "Koordinat Latitude (Y)": -5.555287,
        "Koordinat Longitude (X)": 105.2409,
        "Fungsi Bangunan": "rumah tinggal dan warung",
        "Klasifikasi": "Hunian",
        "Jumlah Lantai": 1,
        "Material Dominan": "Pasang Bata",
        "Sistem Stuktur Tampak": "Rangka Beton Bertulang",
        "Tipe Atap": "Pelana",
        "Material Penutup Atap": "Genteng",
        "Dinding Luar": "Campuran",
        "Kondisi Visual": "Baik",
        "Kode Material": "MCF (batu bata bertulang)",
        "Kode Sistem Struktur": "LFINF",
        "Tingkat Keyakinan": "Tinggi",
        "Dokumetasi": null,
        "Kode Fungsi": "F01",
        "Klasifikasi Fungsi": "Hunian",
        "KODE MATERIAL": "MCF",
        "KODE SISTEM STRUKTUR": "LFINF",
        "KODE TIPE ATAP": "RSH2",
        "KODE MATERIAL PENUTUP ATAP": "RMT1",
        "KODE DINDING LUAR": "EWO",
        "KODE KONDISI VISUAL ": "CV1",
        "JUMLAH LANTAI": "HEX:1",
        "TAKSONOMI": "MCF/LFINF/RSH2/RMT1/EWO/CV1/HEX:1",
        "KODE SIGKAT": "MCF \\LFINF\\HEX:1",
        "LUAS_M2": 86.4534100913,
        "Koefisien": 1.0,
        "Nilai Exposure": 433996118.658326,
        "Klasifikasi Rentang Exposure": "Rp14.611.983,05 - Rp638.909.581,39",
        "koreksi_koordinat": "TIDAK"
      },
      "geometry": {
        "type": "Point",
        "coordinates": [
          105.2409,
          -5.555287
        ]
      }
    },
    {
      "type": "Feature",
      "properties": {
        "Nomor": 499,
        "NO": 499,
        "ID Bangunan": "SDI-D10-010",
        "Blok": "D",
        "Koordinat Latitude (Y)": -5.5543,
        "Koordinat Longitude (X)": 105.24,
        "Fungsi Bangunan": "Komersial",
        "Klasifikasi": "Perdagangan dan Jasa",
        "Jumlah Lantai": 1,
        "Material Dominan": "Beton Bertulang",
        "Sistem Stuktur Tampak": "Rangka Beton Bertulang",
        "Tipe Atap": "Datar (Dak Beton)",
        "Material Penutup Atap": "Seng",
        "Dinding Luar": "Bata Plaster",
        "Kondisi Visual": "Baik",
        "Kode Material": "MCF",
        "Kode Sistem Struktur": "LFINF",
        "Tingkat Keyakinan": "Tinggi",
        "Dokumetasi": null,
        "Kode Fungsi": "F02",
        "Klasifikasi Fungsi": "Perdagangan dan Jasa",
        "KODE MATERIAL": "MCF ",
        "KODE SISTEM STRUKTUR": "LFINF",
        "KODE TIPE ATAP": "RSH1",
        "KODE MATERIAL PENUTUP ATAP": "RMT2",
        "KODE DINDING LUAR": "EWMA",
        "KODE KONDISI VISUAL ": "CV1",
        "JUMLAH LANTAI": "HEX:1",
        "TAKSONOMI": "MCF/LFINF/RSH1/RMT2/EWMA/CV1/HEX:1",
        "KODE SIGKAT": "MCF \\LFINF\\HEX:1",
        "LUAS_M2": 411.963575497,
        "Koefisien": 1.0,
        "Nilai Exposure": 2068057148.99494,
        "Klasifikasi Rentang Exposure": "> Rp1.856.590.180,23 - < Rp11.941.713.042,64",
        "koreksi_koordinat": "TIDAK"
      },
      "geometry": {
        "type": "Point",
        "coordinates": [
          105.24,
          -5.5543
        ]
      }
    },
    {
      "type": "Feature",
      "properties": {
        "Nomor": 500,
        "NO": 500,
        "ID Bangunan": "Blok D (SDI-D104-104)",
        "Blok": "D",
        "Koordinat Latitude (Y)": -5.556358,
        "Koordinat Longitude (X)": 105.241564,
        "Fungsi Bangunan": "Komersial",
        "Klasifikasi": "Perdagangan dan Jasa",
        "Jumlah Lantai": 1,
        "Material Dominan": "Pasang Bata",
        "Sistem Stuktur Tampak": "Dinding Pemikul",
        "Tipe Atap": "Pelana",
        "Material Penutup Atap": "Genteng",
        "Dinding Luar": "Bata Plaster",
        "Kondisi Visual": "Rusak Ringan",
        "Kode Material": "MUR (batu bata tanpa tulang)",
        "Kode Sistem Struktur": "LWAL",
        "Tingkat Keyakinan": "Tinggi",
        "Dokumetasi": null,
        "Kode Fungsi": "F02",
        "Klasifikasi Fungsi": "Perdagangan dan Jasa",
        "KODE MATERIAL": "MUR",
        "KODE SISTEM STRUKTUR": "LWAL",
        "KODE TIPE ATAP": "RSH2",
        "KODE MATERIAL PENUTUP ATAP": "RMT1",
        "KODE DINDING LUAR": "EWMA",
        "KODE KONDISI VISUAL ": "CV2",
        "JUMLAH LANTAI": "HEX:1",
        "TAKSONOMI": "MUR/LWAL/RSH2/RMT1/EWMA/CV2/HEX:1",
        "KODE SIGKAT": "MUR \\LWAL\\HEX:1",
        "LUAS_M2": 175.309966167,
        "Koefisien": 1.0,
        "Nilai Exposure": 880056030.15834,
        "Klasifikasi Rentang Exposure": "> Rp638.909.581,39 - Rp1.136.724.268,30",
        "koreksi_koordinat": "TIDAK"
      },
      "geometry": {
        "type": "Point",
        "coordinates": [
          105.241564,
          -5.556358
        ]
      }
    },
    {
      "type": "Feature",
      "properties": {
        "Nomor": 501,
        "NO": 501,
        "ID Bangunan": "SDI-B38-038",
        "Blok": "B",
        "Koordinat Latitude (Y)": -5.547045,
        "Koordinat Longitude (X)": 105.22949,
        "Fungsi Bangunan": "Penginapan",
        "Klasifikasi": "Perdagangan dan Jasa",
        "Jumlah Lantai": 1,
        "Material Dominan": "Pasang Bata",
        "Sistem Stuktur Tampak": "Dinding Pemikul",
        "Tipe Atap": "Pelana",
        "Material Penutup Atap": "Genteng",
        "Dinding Luar": "Bata Plaster",
        "Kondisi Visual": "Baik",
        "Kode Material": "MUR (batu bata tanpa tulang)",
        "Kode Sistem Struktur": "LWAL",
        "Tingkat Keyakinan": "Tinggi",
        "Dokumetasi": null,
        "Kode Fungsi": "F02",
        "Klasifikasi Fungsi": "Perdagangan dan Jasa",
        "KODE MATERIAL": "MUR",
        "KODE SISTEM STRUKTUR": "LWAL",
        "KODE TIPE ATAP": "RSH2",
        "KODE MATERIAL PENUTUP ATAP": "RMT1",
        "KODE DINDING LUAR": "EWMA",
        "KODE KONDISI VISUAL ": "CV1",
        "JUMLAH LANTAI": "HEX:1",
        "TAKSONOMI": "MUR/LWAL/RSH2/RMT1/EWMA/CV1/HEX:1",
        "KODE SIGKAT": "MUR \\LWAL\\HEX:1",
        "LUAS_M2": 136.247219611,
        "Koefisien": 1.0,
        "Nilai Exposure": 683961042.44722,
        "Klasifikasi Rentang Exposure": "> Rp638.909.581,39 - Rp1.136.724.268,30",
        "koreksi_koordinat": "TIDAK"
      },
      "geometry": {
        "type": "Point",
        "coordinates": [
          105.22949,
          -5.547045
        ]
      }
    },
    {
      "type": "Feature",
      "properties": {
        "Nomor": 502,
        "NO": 502,
        "ID Bangunan": "SDI-A07-007",
        "Blok": "A",
        "Koordinat Latitude (Y)": -5.544995,
        "Koordinat Longitude (X)": 105.227337,
        "Fungsi Bangunan": "Toko/Warung",
        "Klasifikasi": "Perdagangan dan Jasa",
        "Jumlah Lantai": 1,
        "Material Dominan": "Kayu",
        "Sistem Stuktur Tampak": "Dinding Pemikul",
        "Tipe Atap": "Miring Satu Arah",
        "Material Penutup Atap": "Seng",
        "Dinding Luar": "Bata Ekspos",
        "Kondisi Visual": "Sedang",
        "Kode Material": "MUR",
        "Kode Sistem Struktur": "LWAL",
        "Tingkat Keyakinan": "Tinggi",
        "Dokumetasi": null,
        "Kode Fungsi": "F02",
        "Klasifikasi Fungsi": "Perdagangan dan Jasa",
        "KODE MATERIAL": "MUR",
        "KODE SISTEM STRUKTUR": "LWAL",
        "KODE TIPE ATAP": "RSH5",
        "KODE MATERIAL PENUTUP ATAP": "RMT2",
        "KODE DINDING LUAR": "EWMA",
        "KODE KONDISI VISUAL ": "CV2",
        "JUMLAH LANTAI": "HEX:1",
        "TAKSONOMI": "MUR/LWAL/RSH5/RMT2/EWMA/CV2/HEX:1",
        "KODE SIGKAT": "MUR \\LWAL\\HEX:1",
        "LUAS_M2": 315.451040659,
        "Koefisien": 1.0,
        "Nilai Exposure": 1583564224.10818,
        "Klasifikasi Rentang Exposure": "> Rp1.136.724.268,30 - Rp1.856.590.180,23",
        "koreksi_koordinat": "TIDAK"
      },
      "geometry": {
        "type": "Point",
        "coordinates": [
          105.227337,
          -5.544995
        ]
      }
    },
    {
      "type": "Feature",
      "properties": {
        "Nomor": 503,
        "NO": 503,
        "ID Bangunan": "SDI-C25-025",
        "Blok": "C",
        "Koordinat Latitude (Y)": -5.551725,
        "Koordinat Longitude (X)": 105.235019,
        "Fungsi Bangunan": "Toko/Warung",
        "Klasifikasi": "Perdagangan dan Jasa",
        "Jumlah Lantai": 1,
        "Material Dominan": "Pasang Bata",
        "Sistem Stuktur Tampak": "Dinding Pemikul",
        "Tipe Atap": "Miring Satu Arah",
        "Material Penutup Atap": "Spandek",
        "Dinding Luar": "Campuran",
        "Kondisi Visual": "Baik",
        "Kode Material": "MUR ",
        "Kode Sistem Struktur": "LWAL",
        "Tingkat Keyakinan": "Tinggi",
        "Dokumetasi": null,
        "Kode Fungsi": "F02",
        "Klasifikasi Fungsi": "Perdagangan dan Jasa",
        "KODE MATERIAL": "MUR",
        "KODE SISTEM STRUKTUR": "LWAL",
        "KODE TIPE ATAP": "RSH5",
        "KODE MATERIAL PENUTUP ATAP": "RMT6",
        "KODE DINDING LUAR": "EWO",
        "KODE KONDISI VISUAL ": "CV1",
        "JUMLAH LANTAI": "HEX:1",
        "TAKSONOMI": "MUR/LWAL/RSH5/RMT6/EWO/CV1/HEX:1",
        "KODE SIGKAT": "MUR \\LWAL\\HEX:1",
        "LUAS_M2": 188.78698586,
        "Koefisien": 1.0,
        "Nilai Exposure": 947710669.0172,
        "Klasifikasi Rentang Exposure": "> Rp638.909.581,39 - Rp1.136.724.268,30",
        "koreksi_koordinat": "TIDAK"
      },
      "geometry": {
        "type": "Point",
        "coordinates": [
          105.235019,
          -5.551725
        ]
      }
    },
    {
      "type": "Feature",
      "properties": {
        "Nomor": 504,
        "NO": 504,
        "ID Bangunan": "SDI-B01-001",
        "Blok": "B",
        "Koordinat Latitude (Y)": -5.54595444,
        "Koordinat Longitude (X)": 105.2283956,
        "Fungsi Bangunan": "Toko/Warung",
        "Klasifikasi": "Perdagangan dan Jasa",
        "Jumlah Lantai": 1,
        "Material Dominan": "Pasang Bata",
        "Sistem Stuktur Tampak": "Rangka Beton Bertulang",
        "Tipe Atap": "Pelana",
        "Material Penutup Atap": "Genteng",
        "Dinding Luar": "Bata Plaster",
        "Kondisi Visual": "Sedang",
        "Kode Material": "MCF",
        "Kode Sistem Struktur": "LWAL",
        "Tingkat Keyakinan": "Tinggi",
        "Dokumetasi": null,
        "Kode Fungsi": "F02",
        "Klasifikasi Fungsi": "Perdagangan dan Jasa",
        "KODE MATERIAL": "MCF ",
        "KODE SISTEM STRUKTUR": "LWAL",
        "KODE TIPE ATAP": "RSH2",
        "KODE MATERIAL PENUTUP ATAP": "RMT1",
        "KODE DINDING LUAR": "EWMA",
        "KODE KONDISI VISUAL ": "CV2",
        "JUMLAH LANTAI": "HEX:1",
        "TAKSONOMI": "MCF/LWAL/RSH2/RMT1/EWMA/CV2/HEX:1",
        "KODE SIGKAT": "MCF \\LWAL\\HEX:1",
        "LUAS_M2": 46.329173606,
        "Koefisien": 1.0,
        "Nilai Exposure": 232572451.50212,
        "Klasifikasi Rentang Exposure": "Rp14.611.983,05 - Rp638.909.581,39",
        "koreksi_koordinat": "TIDAK"
      },
      "geometry": {
        "type": "Point",
        "coordinates": [
          105.2283956,
          -5.54595444
        ]
      }
    },
    {
      "type": "Feature",
      "properties": {
        "Nomor": 505,
        "NO": 505,
        "ID Bangunan": "SD1-B03-003",
        "Blok": "B",
        "Koordinat Latitude (Y)": -5.547013387,
        "Koordinat Longitude (X)": 105.2292461,
        "Fungsi Bangunan": "Toko/Warung",
        "Klasifikasi": "Perdagangan dan Jasa",
        "Jumlah Lantai": 1,
        "Material Dominan": "Pasang Bata",
        "Sistem Stuktur Tampak": "Dinding Pemikul",
        "Tipe Atap": "Kombinasi",
        "Material Penutup Atap": "Genteng",
        "Dinding Luar": "Bata Ekspos",
        "Kondisi Visual": "Baik",
        "Kode Material": "MUR",
        "Kode Sistem Struktur": "LWAL",
        "Tingkat Keyakinan": "Tinggi",
        "Dokumetasi": null,
        "Kode Fungsi": "F02",
        "Klasifikasi Fungsi": "Perdagangan dan Jasa",
        "KODE MATERIAL": "MUR",
        "KODE SISTEM STRUKTUR": "LWAL",
        "KODE TIPE ATAP": "RSH8",
        "KODE MATERIAL PENUTUP ATAP": "RMT1",
        "KODE DINDING LUAR": "EWMA",
        "KODE KONDISI VISUAL ": "CV1",
        "JUMLAH LANTAI": "HEX:1",
        "TAKSONOMI": "MUR/LWAL/RSH8/RMT1/EWMA/CV1/HEX:1",
        "KODE SIGKAT": "MUR \\LWAL\\HEX:1",
        "LUAS_M2": 269.047401206,
        "Koefisien": 1.09,
        "Nilai Exposure": 1472173569.918991,
        "Klasifikasi Rentang Exposure": "> Rp1.136.724.268,30 - Rp1.856.590.180,23",
        "koreksi_koordinat": "TIDAK"
      },
      "geometry": {
        "type": "Point",
        "coordinates": [
          105.2292461,
          -5.547013387
        ]
      }
    },
    {
      "type": "Feature",
      "properties": {
        "Nomor": 506,
        "NO": 506,
        "ID Bangunan": "SDI-D04-004",
        "Blok": "D",
        "Koordinat Latitude (Y)": -5.55288,
        "Koordinat Longitude (X)": 105.242,
        "Fungsi Bangunan": "Toko/Warung",
        "Klasifikasi": "Perdagangan dan Jasa",
        "Jumlah Lantai": 2,
        "Material Dominan": "Beton Bertulang",
        "Sistem Stuktur Tampak": "Dinding Pemikul",
        "Tipe Atap": "Kombinasi",
        "Material Penutup Atap": "Seng",
        "Dinding Luar": "Bata Plaster",
        "Kondisi Visual": "Baik",
        "Kode Material": "CR ",
        "Kode Sistem Struktur": "LFINF",
        "Tingkat Keyakinan": "Tinggi",
        "Dokumetasi": null,
        "Kode Fungsi": "F02",
        "Klasifikasi Fungsi": "Perdagangan dan Jasa",
        "KODE MATERIAL": "CR ",
        "KODE SISTEM STRUKTUR": "LFINF",
        "KODE TIPE ATAP": "RSH8",
        "KODE MATERIAL PENUTUP ATAP": "RMT2",
        "KODE DINDING LUAR": "EWMA",
        "KODE KONDISI VISUAL ": "CV1",
        "JUMLAH LANTAI": "HEX:2",
        "TAKSONOMI": "CR/LFINF/RSH8/RMT2/EWMA/CV1/HEX:2",
        "KODE SIGKAT": "CR \\LFINF\\HEX:2",
        "LUAS_M2": 260.62685863,
        "Koefisien": 1.0,
        "Nilai Exposure": 1308346830.3226001,
        "Klasifikasi Rentang Exposure": "> Rp1.136.724.268,30 - Rp1.856.590.180,23",
        "koreksi_koordinat": "TIDAK"
      },
      "geometry": {
        "type": "Point",
        "coordinates": [
          105.242,
          -5.55288
        ]
      }
    },
    {
      "type": "Feature",
      "properties": {
        "Nomor": 507,
        "NO": 507,
        "ID Bangunan": "SDI-D05-005",
        "Blok": "D",
        "Koordinat Latitude (Y)": -5.55138,
        "Koordinat Longitude (X)": 105.2437,
        "Fungsi Bangunan": "Toko/Warung",
        "Klasifikasi": "Perdagangan dan Jasa",
        "Jumlah Lantai": 1,
        "Material Dominan": "Beton Bertulang",
        "Sistem Stuktur Tampak": "Rangka Beton Bertulang",
        "Tipe Atap": "Kombinasi",
        "Material Penutup Atap": "Seng",
        "Dinding Luar": "Bata Plaster",
        "Kondisi Visual": "Baik",
        "Kode Material": "MUR ",
        "Kode Sistem Struktur": "LFINF",
        "Tingkat Keyakinan": "Tinggi",
        "Dokumetasi": null,
        "Kode Fungsi": "F02",
        "Klasifikasi Fungsi": "Perdagangan dan Jasa",
        "KODE MATERIAL": "MUR",
        "KODE SISTEM STRUKTUR": "LFINF",
        "KODE TIPE ATAP": "RSH8",
        "KODE MATERIAL PENUTUP ATAP": "RMT2",
        "KODE DINDING LUAR": "EWMA",
        "KODE KONDISI VISUAL ": "CV1",
        "JUMLAH LANTAI": "HEX:1",
        "TAKSONOMI": "MUR/LFINF/RSH8/RMT2/EWMA/CV1/HEX:1",
        "KODE SIGKAT": "MUR \\LFINF\\HEX:1",
        "LUAS_M2": 31.3411839162,
        "Koefisien": 1.0,
        "Nilai Exposure": 157332743.25932398,
        "Klasifikasi Rentang Exposure": "Rp14.611.983,05 - Rp638.909.581,39",
        "koreksi_koordinat": "TIDAK"
      },
      "geometry": {
        "type": "Point",
        "coordinates": [
          105.2437,
          -5.55138
        ]
      }
    },
    {
      "type": "Feature",
      "properties": {
        "Nomor": 508,
        "NO": 508,
        "ID Bangunan": "SDI-D06-006",
        "Blok": "D",
        "Koordinat Latitude (Y)": -5.55193,
        "Koordinat Longitude (X)": 105.243,
        "Fungsi Bangunan": "Toko/Warung",
        "Klasifikasi": "Perdagangan dan Jasa",
        "Jumlah Lantai": 1,
        "Material Dominan": "Pasang Bata",
        "Sistem Stuktur Tampak": "Rangka Beton Bertulang",
        "Tipe Atap": "Datar (Dak Beton)",
        "Material Penutup Atap": "Seng",
        "Dinding Luar": "Bata Ekspos",
        "Kondisi Visual": "Baik",
        "Kode Material": "CR ",
        "Kode Sistem Struktur": "LFINF",
        "Tingkat Keyakinan": "Tinggi",
        "Dokumetasi": null,
        "Kode Fungsi": "F02",
        "Klasifikasi Fungsi": "Perdagangan dan Jasa",
        "KODE MATERIAL": "CR ",
        "KODE SISTEM STRUKTUR": "LFINF",
        "KODE TIPE ATAP": "RSH1",
        "KODE MATERIAL PENUTUP ATAP": "RMT2",
        "KODE DINDING LUAR": "EWMA",
        "KODE KONDISI VISUAL ": "CV1",
        "JUMLAH LANTAI": "HEX:1",
        "TAKSONOMI": "CR/LFINF/RSH1/RMT2/EWMA/CV1/HEX:1",
        "KODE SIGKAT": "CR \\LFINF\\HEX:1",
        "LUAS_M2": 204.323455009,
        "Koefisien": 1.0,
        "Nilai Exposure": 1025703744.1451801,
        "Klasifikasi Rentang Exposure": "> Rp638.909.581,39 - Rp1.136.724.268,30",
        "koreksi_koordinat": "TIDAK"
      },
      "geometry": {
        "type": "Point",
        "coordinates": [
          105.243,
          -5.55193
        ]
      }
    },
    {
      "type": "Feature",
      "properties": {
        "Nomor": 509,
        "NO": 509,
        "ID Bangunan": "SDI-B07-007",
        "Blok": "B",
        "Koordinat Latitude (Y)": -5.549170494,
        "Koordinat Longitude (X)": 105.2299412,
        "Fungsi Bangunan": "Toko/Warung",
        "Klasifikasi": "Perdagangan dan Jasa",
        "Jumlah Lantai": 1,
        "Material Dominan": "Pasang Bata",
        "Sistem Stuktur Tampak": "Dinding Pemikul",
        "Tipe Atap": "Datar (Dak Beton)",
        "Material Penutup Atap": "Seng",
        "Dinding Luar": "Bata Plaster",
        "Kondisi Visual": "Baik",
        "Kode Material": "MUR",
        "Kode Sistem Struktur": "LWAL",
        "Tingkat Keyakinan": "Tinggi",
        "Dokumetasi": null,
        "Kode Fungsi": "F02",
        "Klasifikasi Fungsi": "Perdagangan dan Jasa",
        "KODE MATERIAL": "MUR",
        "KODE SISTEM STRUKTUR": "LWAL",
        "KODE TIPE ATAP": "RSH1",
        "KODE MATERIAL PENUTUP ATAP": "RMT2",
        "KODE DINDING LUAR": "EWMA",
        "KODE KONDISI VISUAL ": "CV1",
        "JUMLAH LANTAI": "HEX:1",
        "TAKSONOMI": "MUR/LWAL/RSH1/RMT2/EWMA/CV1/HEX:1",
        "KODE SIGKAT": "MUR \\LWAL\\HEX:1",
        "LUAS_M2": 180.990312063,
        "Koefisien": 1.0,
        "Nilai Exposure": 908571366.55626,
        "Klasifikasi Rentang Exposure": "> Rp638.909.581,39 - Rp1.136.724.268,30",
        "koreksi_koordinat": "TIDAK"
      },
      "geometry": {
        "type": "Point",
        "coordinates": [
          105.2299412,
          -5.549170494
        ]
      }
    },
    {
      "type": "Feature",
      "properties": {
        "Nomor": 510,
        "NO": 510,
        "ID Bangunan": "SDI-D12-012",
        "Blok": "D",
        "Koordinat Latitude (Y)": -5.55373,
        "Koordinat Longitude (X)": 105.2411,
        "Fungsi Bangunan": "Toko/Warung",
        "Klasifikasi": "Perdagangan dan Jasa",
        "Jumlah Lantai": 1,
        "Material Dominan": "Campuran",
        "Sistem Stuktur Tampak": "Campuran",
        "Tipe Atap": "Kombinasi",
        "Material Penutup Atap": "Seng",
        "Dinding Luar": "Campuran",
        "Kondisi Visual": "Baik",
        "Kode Material": "W ",
        "Kode Sistem Struktur": "LPB",
        "Tingkat Keyakinan": "Tinggi",
        "Dokumetasi": null,
        "Kode Fungsi": "F02",
        "Klasifikasi Fungsi": "Perdagangan dan Jasa",
        "KODE MATERIAL": "W",
        "KODE SISTEM STRUKTUR": "LPB",
        "KODE TIPE ATAP": "RSH8",
        "KODE MATERIAL PENUTUP ATAP": "RMT2",
        "KODE DINDING LUAR": "EWO",
        "KODE KONDISI VISUAL ": "CV1",
        "JUMLAH LANTAI": "HEX:1",
        "TAKSONOMI": "W/LPB/RSH8/RMT2/EWO/CV1/HEX:1",
        "KODE SIGKAT": "W \\LPB\\HEX:1",
        "LUAS_M2": 50.1576768479,
        "Koefisien": 1.0,
        "Nilai Exposure": 251791537.776458,
        "Klasifikasi Rentang Exposure": "Rp14.611.983,05 - Rp638.909.581,39",
        "koreksi_koordinat": "TIDAK"
      },
      "geometry": {
        "type": "Point",
        "coordinates": [
          105.2411,
          -5.55373
        ]
      }
    },
    {
      "type": "Feature",
      "properties": {
        "Nomor": 511,
        "NO": 511,
        "ID Bangunan": "SDI-B37-037",
        "Blok": "B",
        "Koordinat Latitude (Y)": -5.547233,
        "Koordinat Longitude (X)": 105.229465,
        "Fungsi Bangunan": "Toko/Warung",
        "Klasifikasi": "Perdagangan dan Jasa",
        "Jumlah Lantai": 1,
        "Material Dominan": "Pasang Bata",
        "Sistem Stuktur Tampak": "Rangka Beton Bertulang",
        "Tipe Atap": "Miring Satu Arah",
        "Material Penutup Atap": "Seng",
        "Dinding Luar": "Bata Ekspos",
        "Kondisi Visual": "Baik",
        "Kode Material": "MCF (batu bata bertulang)",
        "Kode Sistem Struktur": "LFINF",
        "Tingkat Keyakinan": "Tinggi",
        "Dokumetasi": null,
        "Kode Fungsi": "F02",
        "Klasifikasi Fungsi": "Perdagangan dan Jasa",
        "KODE MATERIAL": "MCF",
        "KODE SISTEM STRUKTUR": "LFINF",
        "KODE TIPE ATAP": "RSH5",
        "KODE MATERIAL PENUTUP ATAP": "RMT2",
        "KODE DINDING LUAR": "EWMA",
        "KODE KONDISI VISUAL ": "CV1",
        "JUMLAH LANTAI": "HEX:1",
        "TAKSONOMI": "MCF/LFINF/RSH5/RMT2/EWMA/CV1/HEX:1",
        "KODE SIGKAT": "MCF \\LFINF\\HEX:1",
        "LUAS_M2": 232.882385786,
        "Koefisien": 1.0,
        "Nilai Exposure": 1169069576.64572,
        "Klasifikasi Rentang Exposure": "> Rp1.136.724.268,30 - Rp1.856.590.180,23",
        "koreksi_koordinat": "TIDAK"
      },
      "geometry": {
        "type": "Point",
        "coordinates": [
          105.229465,
          -5.547233
        ]
      }
    },
    {
      "type": "Feature",
      "properties": {
        "Nomor": 512,
        "NO": 512,
        "ID Bangunan": "SDI-B44-044",
        "Blok": "B",
        "Koordinat Latitude (Y)": -5.546742,
        "Koordinat Longitude (X)": 105.229325,
        "Fungsi Bangunan": "Toko/Warung",
        "Klasifikasi": "Perdagangan dan Jasa",
        "Jumlah Lantai": 1,
        "Material Dominan": "Pasang Bata",
        "Sistem Stuktur Tampak": "Dinding Pemikul",
        "Tipe Atap": "Pelana",
        "Material Penutup Atap": "Genteng",
        "Dinding Luar": "Bata Plaster",
        "Kondisi Visual": "Baik",
        "Kode Material": "MUR (batu bata tanpa tulang)",
        "Kode Sistem Struktur": "LWAL",
        "Tingkat Keyakinan": "Tinggi",
        "Dokumetasi": null,
        "Kode Fungsi": "F02",
        "Klasifikasi Fungsi": "Perdagangan dan Jasa",
        "KODE MATERIAL": "MUR",
        "KODE SISTEM STRUKTUR": "LWAL",
        "KODE TIPE ATAP": "RSH2",
        "KODE MATERIAL PENUTUP ATAP": "RMT1",
        "KODE DINDING LUAR": "EWMA",
        "KODE KONDISI VISUAL ": "CV1",
        "JUMLAH LANTAI": "HEX:1",
        "TAKSONOMI": "MUR/LWAL/RSH2/RMT1/EWMA/CV1/HEX:1",
        "KODE SIGKAT": "MUR \\LWAL\\HEX:1",
        "LUAS_M2": 56.1049961721,
        "Koefisien": 1.0,
        "Nilai Exposure": 281647080.783942,
        "Klasifikasi Rentang Exposure": "Rp14.611.983,05 - Rp638.909.581,39",
        "koreksi_koordinat": "TIDAK"
      },
      "geometry": {
        "type": "Point",
        "coordinates": [
          105.229325,
          -5.546742
        ]
      }
    },
    {
      "type": "Feature",
      "properties": {
        "Nomor": 513,
        "NO": 513,
        "ID Bangunan": "SDI-C38-038",
        "Blok": "C",
        "Koordinat Latitude (Y)": -5.553008,
        "Koordinat Longitude (X)": 105.237412,
        "Fungsi Bangunan": "Toko/Warung",
        "Klasifikasi": "Perdagangan dan Jasa",
        "Jumlah Lantai": 1,
        "Material Dominan": "Pasang Bata",
        "Sistem Stuktur Tampak": "Dinding Pemikul",
        "Tipe Atap": "Miring Satu Arah",
        "Material Penutup Atap": "Asbes",
        "Dinding Luar": "Campuran",
        "Kondisi Visual": "Sedang",
        "Kode Material": "MUR (batu bata tanpa tulang)",
        "Kode Sistem Struktur": "LPB",
        "Tingkat Keyakinan": "Tinggi",
        "Dokumetasi": null,
        "Kode Fungsi": "F02",
        "Klasifikasi Fungsi": "Perdagangan dan Jasa",
        "KODE MATERIAL": "MUR",
        "KODE SISTEM STRUKTUR": "LPB",
        "KODE TIPE ATAP": "RSH5",
        "KODE MATERIAL PENUTUP ATAP": "RMT6",
        "KODE DINDING LUAR": "EWO",
        "KODE KONDISI VISUAL ": "CV2",
        "JUMLAH LANTAI": "HEX:1",
        "TAKSONOMI": "MUR/LPB/RSH5/RMT6/EWO/CV2/HEX:1",
        "KODE SIGKAT": "MUR \\LPB\\HEX:1",
        "LUAS_M2": 45.2173129427,
        "Koefisien": 1.0,
        "Nilai Exposure": 226990910.972354,
        "Klasifikasi Rentang Exposure": "Rp14.611.983,05 - Rp638.909.581,39",
        "koreksi_koordinat": "TIDAK"
      },
      "geometry": {
        "type": "Point",
        "coordinates": [
          105.237412,
          -5.553008
        ]
      }
    },
    {
      "type": "Feature",
      "properties": {
        "Nomor": 514,
        "NO": 514,
        "ID Bangunan": "SDI-C54-054",
        "Blok": "C",
        "Koordinat Latitude (Y)": -5.551955,
        "Koordinat Longitude (X)": 105.236787,
        "Fungsi Bangunan": "Toko/Warung",
        "Klasifikasi": "Perdagangan dan Jasa",
        "Jumlah Lantai": 1,
        "Material Dominan": "Kayu",
        "Sistem Stuktur Tampak": "Rangka Kayu",
        "Tipe Atap": "Pelana",
        "Material Penutup Atap": "Asbes",
        "Dinding Luar": "Tidak Terlihat",
        "Kondisi Visual": "Rusak Ringan",
        "Kode Material": "W (kayu)",
        "Kode Sistem Struktur": "LWAL",
        "Tingkat Keyakinan": "Tinggi",
        "Dokumetasi": null,
        "Kode Fungsi": "F02",
        "Klasifikasi Fungsi": "Perdagangan dan Jasa",
        "KODE MATERIAL": "W",
        "KODE SISTEM STRUKTUR": "LWAL",
        "KODE TIPE ATAP": "RSH2",
        "KODE MATERIAL PENUTUP ATAP": "RMT6",
        "KODE DINDING LUAR": "EW99",
        "KODE KONDISI VISUAL ": "CV2",
        "JUMLAH LANTAI": "HEX:1",
        "TAKSONOMI": "W/LWAL/RSH2/RMT6/EW99/CV2/HEX:1",
        "KODE SIGKAT": "W \\LWAL\\HEX:1",
        "LUAS_M2": 23.4285828471,
        "Koefisien": 1.0,
        "Nilai Exposure": 117611485.892442,
        "Klasifikasi Rentang Exposure": "Rp14.611.983,05 - Rp638.909.581,39",
        "koreksi_koordinat": "TIDAK"
      },
      "geometry": {
        "type": "Point",
        "coordinates": [
          105.236787,
          -5.551955
        ]
      }
    },
    {
      "type": "Feature",
      "properties": {
        "Nomor": 515,
        "NO": 515,
        "ID Bangunan": "Blok C (SDI-C82-082)",
        "Blok": "C",
        "Koordinat Latitude (Y)": -5.553345,
        "Koordinat Longitude (X)": 105.236064,
        "Fungsi Bangunan": "Toko/Warung",
        "Klasifikasi": "Perdagangan dan Jasa",
        "Jumlah Lantai": 1,
        "Material Dominan": "Pasang Bata",
        "Sistem Stuktur Tampak": "Rangka Beton Bertulang",
        "Tipe Atap": "Miring Satu Arah",
        "Material Penutup Atap": "Seng",
        "Dinding Luar": "Bata Ekspos",
        "Kondisi Visual": "Baik",
        "Kode Material": "MUR (batu bata tanpa tulang)",
        "Kode Sistem Struktur": "LFINF",
        "Tingkat Keyakinan": "Tinggi",
        "Dokumetasi": null,
        "Kode Fungsi": "F02",
        "Klasifikasi Fungsi": "Perdagangan dan Jasa",
        "KODE MATERIAL": "MUR",
        "KODE SISTEM STRUKTUR": "LFINF",
        "KODE TIPE ATAP": "RSH5",
        "KODE MATERIAL PENUTUP ATAP": "RMT2",
        "KODE DINDING LUAR": "EWMA",
        "KODE KONDISI VISUAL ": "CV1",
        "JUMLAH LANTAI": "HEX:1",
        "TAKSONOMI": "MUR/LFINF/RSH5/RMT2/EWMA/CV1/HEX:1",
        "KODE SIGKAT": "MUR \\LFINF\\HEX:1",
        "LUAS_M2": 47.8978376431,
        "Koefisien": 1.0,
        "Nilai Exposure": 240447144.96836197,
        "Klasifikasi Rentang Exposure": "Rp14.611.983,05 - Rp638.909.581,39",
        "koreksi_koordinat": "TIDAK"
      },
      "geometry": {
        "type": "Point",
        "coordinates": [
          105.236064,
          -5.553345
        ]
      }
    },
    {
      "type": "Feature",
      "properties": {
        "Nomor": 516,
        "NO": 516,
        "ID Bangunan": "Blok C (SDI-C88-088)",
        "Blok": "C",
        "Koordinat Latitude (Y)": -5.553713,
        "Koordinat Longitude (X)": 105.236275,
        "Fungsi Bangunan": "Toko/Warung",
        "Klasifikasi": "Perdagangan dan Jasa",
        "Jumlah Lantai": 1,
        "Material Dominan": "Pasang Bata",
        "Sistem Stuktur Tampak": "Dinding Pemikul",
        "Tipe Atap": "Kombinasi",
        "Material Penutup Atap": "Genteng dan Seng",
        "Dinding Luar": "Bata Ekspos",
        "Kondisi Visual": "Sedang",
        "Kode Material": "MUR (batu bata tanpa tulang)",
        "Kode Sistem Struktur": "LFINF",
        "Tingkat Keyakinan": "Tinggi",
        "Dokumetasi": null,
        "Kode Fungsi": "F02",
        "Klasifikasi Fungsi": "Perdagangan dan Jasa",
        "KODE MATERIAL": "MUR",
        "KODE SISTEM STRUKTUR": "LFINF",
        "KODE TIPE ATAP": "RSH8",
        "KODE MATERIAL PENUTUP ATAP": "RMT1+RMT6",
        "KODE DINDING LUAR": "EWMA",
        "KODE KONDISI VISUAL ": "CV2",
        "JUMLAH LANTAI": "HEX:1",
        "TAKSONOMI": "MUR/LFINF/RSH8/RMT1+RMT6/EWMA/CV2/HEX:1",
        "KODE SIGKAT": "MUR \\LFINF\\HEX:1",
        "LUAS_M2": 47.2026285285,
        "Koefisien": 1.0,
        "Nilai Exposure": 236957195.21307,
        "Klasifikasi Rentang Exposure": "Rp14.611.983,05 - Rp638.909.581,39",
        "koreksi_koordinat": "TIDAK"
      },
      "geometry": {
        "type": "Point",
        "coordinates": [
          105.236275,
          -5.553713
        ]
      }
    },
    {
      "type": "Feature",
      "properties": {
        "Nomor": 517,
        "NO": 517,
        "ID Bangunan": "Blok D (SDI-D34-034)",
        "Blok": "D",
        "Koordinat Latitude (Y)": -5.556327956,
        "Koordinat Longitude (X)": 105.2446671,
        "Fungsi Bangunan": "Toko/Warung",
        "Klasifikasi": "Perdagangan dan Jasa",
        "Jumlah Lantai": 1,
        "Material Dominan": "Kayu",
        "Sistem Stuktur Tampak": "Rangka Kayu",
        "Tipe Atap": "Limasan",
        "Material Penutup Atap": "Spandek",
        "Dinding Luar": "Kayu",
        "Kondisi Visual": "Sedang",
        "Kode Material": "W (kayu)",
        "Kode Sistem Struktur": "LPB",
        "Tingkat Keyakinan": "Tinggi",
        "Dokumetasi": null,
        "Kode Fungsi": "F02",
        "Klasifikasi Fungsi": "Perdagangan dan Jasa",
        "KODE MATERIAL": "W",
        "KODE SISTEM STRUKTUR": "LPB",
        "KODE TIPE ATAP": "RSH3",
        "KODE MATERIAL PENUTUP ATAP": "RMT6",
        "KODE DINDING LUAR": "EWW",
        "KODE KONDISI VISUAL ": "CV2",
        "JUMLAH LANTAI": "HEX:1",
        "TAKSONOMI": "W/LPB/RSH3/RMT6/EWW/CV2/HEX:1",
        "KODE SIGKAT": "W \\LPB\\HEX:1",
        "LUAS_M2": 97.6201589778,
        "Koefisien": 1.0,
        "Nilai Exposure": 490053198.068556,
        "Klasifikasi Rentang Exposure": "Rp14.611.983,05 - Rp638.909.581,39",
        "koreksi_koordinat": "TIDAK"
      },
      "geometry": {
        "type": "Point",
        "coordinates": [
          105.2446671,
          -5.556327956
        ]
      }
    },
    {
      "type": "Feature",
      "properties": {
        "Nomor": 518,
        "NO": 518,
        "ID Bangunan": "SDI-D51-051",
        "Blok": "D",
        "Koordinat Latitude (Y)": -5.553436,
        "Koordinat Longitude (X)": 105.240666,
        "Fungsi Bangunan": "Toko/Warung",
        "Klasifikasi": "Perdagangan dan Jasa",
        "Jumlah Lantai": 1,
        "Material Dominan": "Pasang Bata",
        "Sistem Stuktur Tampak": "Dinding Pemikul",
        "Tipe Atap": "Kombinasi",
        "Material Penutup Atap": "genteng, asbes",
        "Dinding Luar": "Bata Ekspos",
        "Kondisi Visual": "Baik",
        "Kode Material": "MCF (batu bata bertulang)",
        "Kode Sistem Struktur": "LFINF",
        "Tingkat Keyakinan": "Tinggi",
        "Dokumetasi": null,
        "Kode Fungsi": "F02",
        "Klasifikasi Fungsi": "Perdagangan dan Jasa",
        "KODE MATERIAL": "MCF",
        "KODE SISTEM STRUKTUR": "LFINF",
        "KODE TIPE ATAP": "RSH8",
        "KODE MATERIAL PENUTUP ATAP": "RMT1+RMT6",
        "KODE DINDING LUAR": "EWMA",
        "KODE KONDISI VISUAL ": "CV1",
        "JUMLAH LANTAI": "HEX:1",
        "TAKSONOMI": "MCF/LFINF/RSH8/RMT1+RMT6/EWMA/CV1/HEX:1",
        "KODE SIGKAT": "MCF \\LFINF\\HEX:1",
        "LUAS_M2": 534.390490631,
        "Koefisien": 1.0,
        "Nilai Exposure": 2682640262.9676204,
        "Klasifikasi Rentang Exposure": "> Rp1.856.590.180,23 - < Rp11.941.713.042,64",
        "koreksi_koordinat": "TIDAK"
      },
      "geometry": {
        "type": "Point",
        "coordinates": [
          105.240666,
          -5.553436
        ]
      }
    },
    {
      "type": "Feature",
      "properties": {
        "Nomor": 519,
        "NO": 519,
        "ID Bangunan": "Blok D (SDI-D76-076)",
        "Blok": "D",
        "Koordinat Latitude (Y)": -5.554582,
        "Koordinat Longitude (X)": 105.24121,
        "Fungsi Bangunan": "Toko/Warung",
        "Klasifikasi": "Perdagangan dan Jasa",
        "Jumlah Lantai": 1,
        "Material Dominan": "Pasang Bata",
        "Sistem Stuktur Tampak": "Rangka Beton Bertulang",
        "Tipe Atap": "Kombinasi",
        "Material Penutup Atap": "Genteng",
        "Dinding Luar": "Bata Plaster",
        "Kondisi Visual": "Baik",
        "Kode Material": "MCF (batu bata bertulang)",
        "Kode Sistem Struktur": "LFINF",
        "Tingkat Keyakinan": "Tinggi",
        "Dokumetasi": null,
        "Kode Fungsi": "F02",
        "Klasifikasi Fungsi": "Perdagangan dan Jasa",
        "KODE MATERIAL": "MCF",
        "KODE SISTEM STRUKTUR": "LFINF",
        "KODE TIPE ATAP": "RSH8",
        "KODE MATERIAL PENUTUP ATAP": "RMT1",
        "KODE DINDING LUAR": "EWMA",
        "KODE KONDISI VISUAL ": "CV1",
        "JUMLAH LANTAI": "HEX:1",
        "TAKSONOMI": "MCF/LFINF/RSH8/RMT1/EWMA/CV1/HEX:1",
        "KODE SIGKAT": "MCF \\LFINF\\HEX:1",
        "LUAS_M2": 534.390490631,
        "Koefisien": 1.0,
        "Nilai Exposure": 2682640262.9676204,
        "Klasifikasi Rentang Exposure": "> Rp1.856.590.180,23 - < Rp11.941.713.042,64",
        "koreksi_koordinat": "TIDAK"
      },
      "geometry": {
        "type": "Point",
        "coordinates": [
          105.24121,
          -5.554582
        ]
      }
    },
    {
      "type": "Feature",
      "properties": {
        "Nomor": 520,
        "NO": 520,
        "ID Bangunan": "SDI-D77-077",
        "Blok": "D",
        "Koordinat Latitude (Y)": -5.554578,
        "Koordinat Longitude (X)": 105.241217,
        "Fungsi Bangunan": "Toko/Warung",
        "Klasifikasi": "Perdagangan dan Jasa",
        "Jumlah Lantai": 1,
        "Material Dominan": "Pasang Bata",
        "Sistem Stuktur Tampak": "Rangka Beton Bertulang",
        "Tipe Atap": "Kombinasi",
        "Material Penutup Atap": "Genteng",
        "Dinding Luar": "Bata Plaster",
        "Kondisi Visual": "Sedang",
        "Kode Material": "MCF (batu bata bertulang)",
        "Kode Sistem Struktur": "LFINF",
        "Tingkat Keyakinan": "Tinggi",
        "Dokumetasi": null,
        "Kode Fungsi": "F02",
        "Klasifikasi Fungsi": "Perdagangan dan Jasa",
        "KODE MATERIAL": "MCF",
        "KODE SISTEM STRUKTUR": "LFINF",
        "KODE TIPE ATAP": "RSH8",
        "KODE MATERIAL PENUTUP ATAP": "RMT1",
        "KODE DINDING LUAR": "EWMA",
        "KODE KONDISI VISUAL ": "CV2",
        "JUMLAH LANTAI": "HEX:1",
        "TAKSONOMI": "MCF/LFINF/RSH8/RMT1/EWMA/CV2/HEX:1",
        "KODE SIGKAT": "MCF \\LFINF\\HEX:1",
        "LUAS_M2": 54.2064592933,
        "Koefisien": 1.0,
        "Nilai Exposure": 272116425.652366,
        "Klasifikasi Rentang Exposure": "Rp14.611.983,05 - Rp638.909.581,39",
        "koreksi_koordinat": "TIDAK"
      },
      "geometry": {
        "type": "Point",
        "coordinates": [
          105.241217,
          -5.554578
        ]
      }
    },
    {
      "type": "Feature",
      "properties": {
        "Nomor": 521,
        "NO": 521,
        "ID Bangunan": "Blok D (SDI-D133-133)",
        "Blok": "D",
        "Koordinat Latitude (Y)": -5.558723,
        "Koordinat Longitude (X)": 105.242296,
        "Fungsi Bangunan": "Toko/Warung",
        "Klasifikasi": "Perdagangan dan Jasa",
        "Jumlah Lantai": 1,
        "Material Dominan": "Pasang Bata",
        "Sistem Stuktur Tampak": "Dinding Pemikul",
        "Tipe Atap": "Pelana",
        "Material Penutup Atap": "Asbes",
        "Dinding Luar": "Bata Plaster",
        "Kondisi Visual": "Sedang",
        "Kode Material": "MUR (batu bata tanpa tulang)",
        "Kode Sistem Struktur": "LWAL",
        "Tingkat Keyakinan": "Tinggi",
        "Dokumetasi": null,
        "Kode Fungsi": "F02",
        "Klasifikasi Fungsi": "Perdagangan dan Jasa",
        "KODE MATERIAL": "MUR",
        "KODE SISTEM STRUKTUR": "LWAL",
        "KODE TIPE ATAP": "RSH2",
        "KODE MATERIAL PENUTUP ATAP": "RMT6",
        "KODE DINDING LUAR": "EWMA",
        "KODE KONDISI VISUAL ": "CV2",
        "JUMLAH LANTAI": "HEX:1",
        "TAKSONOMI": "MUR/LWAL/RSH2/RMT6/EWMA/CV2/HEX:1",
        "KODE SIGKAT": "MUR \\LWAL\\HEX:1",
        "LUAS_M2": 145.037899725,
        "Koefisien": 1.0,
        "Nilai Exposure": 728090256.6194999,
        "Klasifikasi Rentang Exposure": "> Rp638.909.581,39 - Rp1.136.724.268,30",
        "koreksi_koordinat": "TIDAK"
      },
      "geometry": {
        "type": "Point",
        "coordinates": [
          105.242296,
          -5.558723
        ]
      }
    },
    {
      "type": "Feature",
      "properties": {
        "Nomor": 522,
        "NO": 522,
        "ID Bangunan": "Blok D (SDI-D138-138)",
        "Blok": "D",
        "Koordinat Latitude (Y)": -5.5543,
        "Koordinat Longitude (X)": 105.240685,
        "Fungsi Bangunan": "Toko/Warung",
        "Klasifikasi": "Perdagangan dan Jasa",
        "Jumlah Lantai": 1,
        "Material Dominan": "Kayu",
        "Sistem Stuktur Tampak": "Rangka Kayu",
        "Tipe Atap": "Pelana",
        "Material Penutup Atap": "Asbes",
        "Dinding Luar": "Kayu",
        "Kondisi Visual": "Sedang",
        "Kode Material": "W (kayu)",
        "Kode Sistem Struktur": "LPB",
        "Tingkat Keyakinan": "Tinggi",
        "Dokumetasi": null,
        "Kode Fungsi": "F02",
        "Klasifikasi Fungsi": "Perdagangan dan Jasa",
        "KODE MATERIAL": "W",
        "KODE SISTEM STRUKTUR": "LPB",
        "KODE TIPE ATAP": "RSH2",
        "KODE MATERIAL PENUTUP ATAP": "RMT6",
        "KODE DINDING LUAR": "EWW",
        "KODE KONDISI VISUAL ": "CV2",
        "JUMLAH LANTAI": "HEX:1",
        "TAKSONOMI": "W/LPB/RSH2/RMT6/EWW/CV2/HEX:1",
        "KODE SIGKAT": "W \\LPB\\HEX:1",
        "LUAS_M2": 401.150705284,
        "Koefisien": 1.0,
        "Nilai Exposure": 2013776540.52568,
        "Klasifikasi Rentang Exposure": "> Rp1.856.590.180,23 - < Rp11.941.713.042,64",
        "koreksi_koordinat": "TIDAK"
      },
      "geometry": {
        "type": "Point",
        "coordinates": [
          105.240685,
          -5.5543
        ]
      }
    },
    {
      "type": "Feature",
      "properties": {
        "Nomor": 523,
        "NO": 523,
        "ID Bangunan": "SDI-D58-058",
        "Blok": "D",
        "Koordinat Latitude (Y)": -5.554567,
        "Koordinat Longitude (X)": 105.240366,
        "Fungsi Bangunan": "TPQ",
        "Klasifikasi": "Pendidikan",
        "Jumlah Lantai": 1,
        "Material Dominan": "Campuran",
        "Sistem Stuktur Tampak": "Rangka Baja",
        "Tipe Atap": "Kombinasi",
        "Material Penutup Atap": "Genteng + Spandek",
        "Dinding Luar": "Bata Plaster",
        "Kondisi Visual": "Baik",
        "Kode Material": "MIX",
        "Kode Sistem Struktur": "LFM",
        "Tingkat Keyakinan": "Tinggi",
        "Dokumetasi": null,
        "Kode Fungsi": "F03",
        "Klasifikasi Fungsi": "Keagamaan",
        "KODE MATERIAL": "MIX",
        "KODE SISTEM STRUKTUR": "LFM",
        "KODE TIPE ATAP": "RSH8",
        "KODE MATERIAL PENUTUP ATAP": "RMT1+RMT6",
        "KODE DINDING LUAR": "EWMA",
        "KODE KONDISI VISUAL ": "CV1",
        "JUMLAH LANTAI": "HEX:1",
        "TAKSONOMI": "MIX/LFM/RSH8/RMT1+RMT6/EWMA/CV1/HEX:1",
        "KODE SIGKAT": "MIX \\LFM\\HEX:1",
        "LUAS_M2": 108.280500237,
        "Koefisien": 1.0,
        "Nilai Exposure": 543568111.18974,
        "Klasifikasi Rentang Exposure": "Rp14.611.983,05 - Rp638.909.581,39",
        "koreksi_koordinat": "TIDAK"
      },
      "geometry": {
        "type": "Point",
        "coordinates": [
          105.240366,
          -5.554567
        ]
      }
    },
    {
      "type": "Feature",
      "properties": {
        "Nomor": 524,
        "NO": 524,
        "ID Bangunan": "SDI-D01-001",
        "Blok": "D",
        "Koordinat Latitude (Y)": -5.55774,
        "Koordinat Longitude (X)": 105.2517,
        "Fungsi Bangunan": "Tempat Ibadah",
        "Klasifikasi": "Keagamaan",
        "Jumlah Lantai": 1,
        "Material Dominan": "Pasang Bata",
        "Sistem Stuktur Tampak": "Dinding Pemikul",
        "Tipe Atap": "Kombinasi",
        "Material Penutup Atap": "Genteng",
        "Dinding Luar": "Bata Plaster",
        "Kondisi Visual": "Rusak Berat",
        "Kode Material": "MCF",
        "Kode Sistem Struktur": "LFM",
        "Tingkat Keyakinan": "Tinggi",
        "Dokumetasi": null,
        "Kode Fungsi": "F03",
        "Klasifikasi Fungsi": "Keagamaan",
        "KODE MATERIAL": "MCF ",
        "KODE SISTEM STRUKTUR": "LFM",
        "KODE TIPE ATAP": "RSH8",
        "KODE MATERIAL PENUTUP ATAP": "RMT1",
        "KODE DINDING LUAR": "EWMA",
        "KODE KONDISI VISUAL ": "CV4",
        "JUMLAH LANTAI": "HEX:1",
        "TAKSONOMI": "MCF/LFM/RSH8/RMT1/EWMA/CV4/HEX:1",
        "KODE SIGKAT": "MCF \\LFM\\HEX:1",
        "LUAS_M2": 121.754635293,
        "Koefisien": 1.0,
        "Nilai Exposure": 611208269.17086,
        "Klasifikasi Rentang Exposure": "Rp14.611.983,05 - Rp638.909.581,39",
        "koreksi_koordinat": "TIDAK"
      },
      "geometry": {
        "type": "Point",
        "coordinates": [
          105.2517,
          -5.55774
        ]
      }
    },
    {
      "type": "Feature",
      "properties": {
        "Nomor": 525,
        "NO": 525,
        "ID Bangunan": "SDI-D02-002",
        "Blok": "D",
        "Koordinat Latitude (Y)": -5.55821,
        "Koordinat Longitude (X)": 105.2423,
        "Fungsi Bangunan": "Tempat Ibadah",
        "Klasifikasi": "Keagamaan",
        "Jumlah Lantai": 1,
        "Material Dominan": "Beton Bertulang",
        "Sistem Stuktur Tampak": "Dinding Pemikul",
        "Tipe Atap": "Kombinasi",
        "Material Penutup Atap": "Seng",
        "Dinding Luar": "Bata Plaster",
        "Kondisi Visual": "Baik",
        "Kode Material": "CR ",
        "Kode Sistem Struktur": "LFM",
        "Tingkat Keyakinan": "Tinggi",
        "Dokumetasi": null,
        "Kode Fungsi": "F03",
        "Klasifikasi Fungsi": "Keagamaan",
        "KODE MATERIAL": "CR ",
        "KODE SISTEM STRUKTUR": "LFM",
        "KODE TIPE ATAP": "RSH8",
        "KODE MATERIAL PENUTUP ATAP": "RMT2",
        "KODE DINDING LUAR": "EWMA",
        "KODE KONDISI VISUAL ": "CV1",
        "JUMLAH LANTAI": "HEX:1",
        "TAKSONOMI": "CR/LFM/RSH8/RMT2/EWMA/CV1/HEX:1",
        "KODE SIGKAT": "CR \\LFM\\HEX:1",
        "LUAS_M2": 135.34998644,
        "Koefisien": 1.0,
        "Nilai Exposure": 679456931.9288,
        "Klasifikasi Rentang Exposure": "> Rp638.909.581,39 - Rp1.136.724.268,30",
        "koreksi_koordinat": "TIDAK"
      },
      "geometry": {
        "type": "Point",
        "coordinates": [
          105.2423,
          -5.55821
        ]
      }
    },
    {
      "type": "Feature",
      "properties": {
        "Nomor": 526,
        "NO": 526,
        "ID Bangunan": "SDI-B06-006",
        "Blok": "B",
        "Koordinat Latitude (Y)": -5.549192553,
        "Koordinat Longitude (X)": 105.2297152,
        "Fungsi Bangunan": "Tempat Ibadah",
        "Klasifikasi": "Keagamaan",
        "Jumlah Lantai": 1,
        "Material Dominan": "Beton Bertulang",
        "Sistem Stuktur Tampak": "Rangka Beton Bertulang",
        "Tipe Atap": "Datar (Dak Beton)",
        "Material Penutup Atap": "Beton",
        "Dinding Luar": "Bata Plaster",
        "Kondisi Visual": "Baik",
        "Kode Material": "MCF ",
        "Kode Sistem Struktur": "LFM",
        "Tingkat Keyakinan": "Tinggi",
        "Dokumetasi": null,
        "Kode Fungsi": "F03",
        "Klasifikasi Fungsi": "Keagamaan",
        "KODE MATERIAL": "MCF ",
        "KODE SISTEM STRUKTUR": "LFM",
        "KODE TIPE ATAP": "RSH1",
        "KODE MATERIAL PENUTUP ATAP": "RMT1",
        "KODE DINDING LUAR": "EWMA",
        "KODE KONDISI VISUAL ": "CV1",
        "JUMLAH LANTAI": "HEX:1",
        "TAKSONOMI": "MCF/LFM/RSH1/RMT1/EWMA/CV1/HEX:1",
        "KODE SIGKAT": "MCF \\LFM\\HEX:1",
        "LUAS_M2": 60.8819005696,
        "Koefisien": 1.0,
        "Nilai Exposure": 305627140.859392,
        "Klasifikasi Rentang Exposure": "Rp14.611.983,05 - Rp638.909.581,39",
        "koreksi_koordinat": "TIDAK"
      },
      "geometry": {
        "type": "Point",
        "coordinates": [
          105.2297152,
          -5.549192553
        ]
      }
    },
    {
      "type": "Feature",
      "properties": {
        "Nomor": 527,
        "NO": 527,
        "ID Bangunan": "SDI-A36-036",
        "Blok": "A",
        "Koordinat Latitude (Y)": -5.544209,
        "Koordinat Longitude (X)": 105.225222,
        "Fungsi Bangunan": "Tempat Ibadah",
        "Klasifikasi": "Keagamaan",
        "Jumlah Lantai": 1,
        "Material Dominan": "Pasang Bata",
        "Sistem Stuktur Tampak": "Rangka Beton Bertulang",
        "Tipe Atap": "Kombinasi",
        "Material Penutup Atap": "Genteng, dan Asbes",
        "Dinding Luar": "Bata Plaster",
        "Kondisi Visual": "Baik",
        "Kode Material": "MCF",
        "Kode Sistem Struktur": "LFINF",
        "Tingkat Keyakinan": "Tinggi",
        "Dokumetasi": null,
        "Kode Fungsi": "F03",
        "Klasifikasi Fungsi": "Keagamaan",
        "KODE MATERIAL": "MCF ",
        "KODE SISTEM STRUKTUR": "LFINF",
        "KODE TIPE ATAP": "RSH8",
        "KODE MATERIAL PENUTUP ATAP": "RMT1+RMT6",
        "KODE DINDING LUAR": "EWMA",
        "KODE KONDISI VISUAL ": "CV1",
        "JUMLAH LANTAI": "HEX:1",
        "TAKSONOMI": "MCF/LFINF/RSH8/RMT1+RMT6/EWMA/CV1/HEX:1",
        "KODE SIGKAT": "MCF \\LFINF\\HEX:1",
        "LUAS_M2": 153.226285906,
        "Koefisien": 1.0,
        "Nilai Exposure": 769195955.24812,
        "Klasifikasi Rentang Exposure": "> Rp638.909.581,39 - Rp1.136.724.268,30",
        "koreksi_koordinat": "TIDAK"
      },
      "geometry": {
        "type": "Point",
        "coordinates": [
          105.225222,
          -5.544209
        ]
      }
    },
    {
      "type": "Feature",
      "properties": {
        "Nomor": 528,
        "NO": 528,
        "ID Bangunan": "SDI-C61-061",
        "Blok": "C",
        "Koordinat Latitude (Y)": -5.551476,
        "Koordinat Longitude (X)": 105.236512,
        "Fungsi Bangunan": "Tempat Ibadah",
        "Klasifikasi": "Keagamaan",
        "Jumlah Lantai": 1,
        "Material Dominan": "Pasang Bata",
        "Sistem Stuktur Tampak": "Rangka Beton Bertulang",
        "Tipe Atap": "Limasan",
        "Material Penutup Atap": "Spandek",
        "Dinding Luar": "Bata Plaster",
        "Kondisi Visual": "Baik",
        "Kode Material": "MCF (batu bata bertulang)",
        "Kode Sistem Struktur": "LFINF",
        "Tingkat Keyakinan": "Tinggi",
        "Dokumetasi": null,
        "Kode Fungsi": "F03",
        "Klasifikasi Fungsi": "Keagamaan",
        "KODE MATERIAL": "MCF",
        "KODE SISTEM STRUKTUR": "LFINF",
        "KODE TIPE ATAP": "RSH3",
        "KODE MATERIAL PENUTUP ATAP": "RMT6",
        "KODE DINDING LUAR": "EWMA",
        "KODE KONDISI VISUAL ": "CV1",
        "JUMLAH LANTAI": "HEX:1",
        "TAKSONOMI": "MCF/LFINF/RSH3/RMT6/EWMA/CV1/HEX:1",
        "KODE SIGKAT": "MCF \\LFINF\\HEX:1",
        "LUAS_M2": 2378.82729933,
        "Koefisien": 1.0,
        "Nilai Exposure": 11941713042.6366,
        "Klasifikasi Rentang Exposure": "> Rp1.856.590.180,23 - < Rp11.941.713.042,64",
        "koreksi_koordinat": "TIDAK"
      },
      "geometry": {
        "type": "Point",
        "coordinates": [
          105.236512,
          -5.551476
        ]
      }
    },
    {
      "type": "Feature",
      "properties": {
        "Nomor": 529,
        "NO": 529,
        "ID Bangunan": "Blok D (SDI-D21-021)",
        "Blok": "D",
        "Koordinat Latitude (Y)": -5.555021956,
        "Koordinat Longitude (X)": 105.2442583,
        "Fungsi Bangunan": "Tempat Ibadah",
        "Klasifikasi": "Keagamaan",
        "Jumlah Lantai": 1,
        "Material Dominan": "Pasang Bata",
        "Sistem Stuktur Tampak": "Dinding Pemikul",
        "Tipe Atap": "Limasan",
        "Material Penutup Atap": "Seng",
        "Dinding Luar": "Bata Plaster",
        "Kondisi Visual": "Baik",
        "Kode Material": "MUR (batu bata tanpa tulang)",
        "Kode Sistem Struktur": "LWAL",
        "Tingkat Keyakinan": "Tinggi",
        "Dokumetasi": null,
        "Kode Fungsi": "F03",
        "Klasifikasi Fungsi": "Keagamaan",
        "KODE MATERIAL": "MUR",
        "KODE SISTEM STRUKTUR": "LWAL",
        "KODE TIPE ATAP": "RSH3",
        "KODE MATERIAL PENUTUP ATAP": "RMT2",
        "KODE DINDING LUAR": "EWMA",
        "KODE KONDISI VISUAL ": "CV1",
        "JUMLAH LANTAI": "HEX:1",
        "TAKSONOMI": "MUR/LWAL/RSH3/RMT2/EWMA/CV1/HEX:1",
        "KODE SIGKAT": "MUR \\LWAL\\HEX:1",
        "LUAS_M2": 94.4810522577,
        "Koefisien": 1.0,
        "Nilai Exposure": 474294882.333654,
        "Klasifikasi Rentang Exposure": "Rp14.611.983,05 - Rp638.909.581,39",
        "koreksi_koordinat": "TIDAK"
      },
      "geometry": {
        "type": "Point",
        "coordinates": [
          105.2442583,
          -5.555021956
        ]
      }
    },
    {
      "type": "Feature",
      "properties": {
        "Nomor": 530,
        "NO": 530,
        "ID Bangunan": "Blok D (SDI-D116-116)",
        "Blok": "D",
        "Koordinat Latitude (Y)": -5.558048,
        "Koordinat Longitude (X)": 105.242235,
        "Fungsi Bangunan": "Tempat Ibadah",
        "Klasifikasi": "Keagamaan",
        "Jumlah Lantai": 1,
        "Material Dominan": "Pasang Bata",
        "Sistem Stuktur Tampak": "Dinding Pemikul",
        "Tipe Atap": "Limasan",
        "Material Penutup Atap": "Genteng",
        "Dinding Luar": "Bata Plaster",
        "Kondisi Visual": "Baik",
        "Kode Material": "MCF (batu bata bertulang)",
        "Kode Sistem Struktur": "LWAL",
        "Tingkat Keyakinan": "Tinggi",
        "Dokumetasi": null,
        "Kode Fungsi": "F03",
        "Klasifikasi Fungsi": "Keagamaan",
        "KODE MATERIAL": "MCF",
        "KODE SISTEM STRUKTUR": "LWAL",
        "KODE TIPE ATAP": "RSH3",
        "KODE MATERIAL PENUTUP ATAP": "RMT1",
        "KODE DINDING LUAR": "EWMA",
        "KODE KONDISI VISUAL ": "CV1",
        "JUMLAH LANTAI": "HEX:1",
        "TAKSONOMI": "MCF/LWAL/RSH3/RMT1/EWMA/CV1/HEX:1",
        "KODE SIGKAT": "MCF \\LWAL\\HEX:1",
        "LUAS_M2": 213.035818235,
        "Koefisien": 1.0,
        "Nilai Exposure": 1069439807.5396999,
        "Klasifikasi Rentang Exposure": "> Rp638.909.581,39 - Rp1.136.724.268,30",
        "koreksi_koordinat": "TIDAK"
      },
      "geometry": {
        "type": "Point",
        "coordinates": [
          105.242235,
          -5.558048
        ]
      }
    },
    {
      "type": "Feature",
      "properties": {
        "Nomor": 531,
        "NO": 531,
        "ID Bangunan": "Blok B (SDI-B122-122)",
        "Blok": "B",
        "Koordinat Latitude (Y)": -5.546346,
        "Koordinat Longitude (X)": 105.229077,
        "Fungsi Bangunan": "Tempat Ibadah",
        "Klasifikasi": "Keagamaan",
        "Jumlah Lantai": 1,
        "Material Dominan": "Beton Bertulang",
        "Sistem Stuktur Tampak": "Rangka Beton Bertulang",
        "Tipe Atap": "Limasan",
        "Material Penutup Atap": "Genteng",
        "Dinding Luar": "Bata Plaster",
        "Kondisi Visual": "Baik",
        "Kode Material": "MCF (batu bata bertulang)",
        "Kode Sistem Struktur": "LFINF",
        "Tingkat Keyakinan": "Tinggi",
        "Dokumetasi": null,
        "Kode Fungsi": "F03",
        "Klasifikasi Fungsi": "Keagamaan",
        "KODE MATERIAL": "MCF",
        "KODE SISTEM STRUKTUR": "LFINF",
        "KODE TIPE ATAP": "RSH3",
        "KODE MATERIAL PENUTUP ATAP": "RMT1",
        "KODE DINDING LUAR": "EWMA",
        "KODE KONDISI VISUAL ": "CV1",
        "JUMLAH LANTAI": "HEX:1",
        "TAKSONOMI": "MCF/LFINF/RSH3/RMT1/EWMA/CV1/HEX:1",
        "KODE SIGKAT": "MCF \\LFINF\\HEX:1",
        "LUAS_M2": 197.807819431,
        "Koefisien": 1.0,
        "Nilai Exposure": 992995253.5436201,
        "Klasifikasi Rentang Exposure": "> Rp638.909.581,39 - Rp1.136.724.268,30",
        "koreksi_koordinat": "TIDAK"
      },
      "geometry": {
        "type": "Point",
        "coordinates": [
          105.229077,
          -5.546346
        ]
      }
    },
    {
      "type": "Feature",
      "properties": {
        "Nomor": 532,
        "NO": 532,
        "ID Bangunan": "Blok B (SDI-B154-154)",
        "Blok": "B",
        "Koordinat Latitude (Y)": -5.551355,
        "Koordinat Longitude (X)": 105.22878,
        "Fungsi Bangunan": "Tempat Ibadah",
        "Klasifikasi": "Keagamaan",
        "Jumlah Lantai": 1,
        "Material Dominan": "Pasang Bata",
        "Sistem Stuktur Tampak": "Rangka Beton Bertulang",
        "Tipe Atap": "Limasan",
        "Material Penutup Atap": "Asbes",
        "Dinding Luar": "Bata Plaster",
        "Kondisi Visual": "Baik",
        "Kode Material": "MCF (batu bata bertulang)",
        "Kode Sistem Struktur": "LFINF",
        "Tingkat Keyakinan": "Tinggi",
        "Dokumetasi": null,
        "Kode Fungsi": "F03",
        "Klasifikasi Fungsi": "Keagamaan",
        "KODE MATERIAL": "MCF",
        "KODE SISTEM STRUKTUR": "LFINF",
        "KODE TIPE ATAP": "RSH3",
        "KODE MATERIAL PENUTUP ATAP": "RMT6",
        "KODE DINDING LUAR": "EWMA",
        "KODE KONDISI VISUAL ": "CV1",
        "JUMLAH LANTAI": "HEX:1",
        "TAKSONOMI": "MCF/LFINF/RSH3/RMT6/EWMA/CV1/HEX:1",
        "KODE SIGKAT": "MCF \\LFINF\\HEX:1",
        "LUAS_M2": 215.695487689,
        "Koefisien": 1.0,
        "Nilai Exposure": 1082791348.19878,
        "Klasifikasi Rentang Exposure": "> Rp638.909.581,39 - Rp1.136.724.268,30",
        "koreksi_koordinat": "TIDAK"
      },
      "geometry": {
        "type": "Point",
        "coordinates": [
          105.22878,
          -5.551355
        ]
      }
    },
    {
      "type": "Feature",
      "properties": {
        "Nomor": 533,
        "NO": 533,
        "ID Bangunan": "SDI-D07-007",
        "Blok": "D",
        "Koordinat Latitude (Y)": -5.55268,
        "Koordinat Longitude (X)": 105.2419,
        "Fungsi Bangunan": "Sekolah",
        "Klasifikasi": "Pendidikan",
        "Jumlah Lantai": 1,
        "Material Dominan": "Beton Bertulang",
        "Sistem Stuktur Tampak": "Rangka Beton Bertulang",
        "Tipe Atap": "Pelana",
        "Material Penutup Atap": "Seng",
        "Dinding Luar": "Bata Plaster",
        "Kondisi Visual": "Baik",
        "Kode Material": "MCF ",
        "Kode Sistem Struktur": "LWAL",
        "Tingkat Keyakinan": "Tinggi",
        "Dokumetasi": null,
        "Kode Fungsi": "F04",
        "Klasifikasi Fungsi": "Pendidikan",
        "KODE MATERIAL": "MCF ",
        "KODE SISTEM STRUKTUR": "LWAL",
        "KODE TIPE ATAP": "RSH2",
        "KODE MATERIAL PENUTUP ATAP": "RMT2",
        "KODE DINDING LUAR": "EWMA",
        "KODE KONDISI VISUAL ": "CV1",
        "JUMLAH LANTAI": "HEX:1",
        "TAKSONOMI": "MCF/LWAL/RSH2/RMT2/EWMA/CV1/HEX:1",
        "KODE SIGKAT": "MCF \\LWAL\\HEX:1",
        "LUAS_M2": 104.235183951,
        "Koefisien": 1.0,
        "Nilai Exposure": 523260623.43402,
        "Klasifikasi Rentang Exposure": "Rp14.611.983,05 - Rp638.909.581,39",
        "koreksi_koordinat": "TIDAK"
      },
      "geometry": {
        "type": "Point",
        "coordinates": [
          105.2419,
          -5.55268
        ]
      }
    },
    {
      "type": "Feature",
      "properties": {
        "Nomor": 534,
        "NO": 534,
        "ID Bangunan": "SDI-D09-009",
        "Blok": "D",
        "Koordinat Latitude (Y)": -5.55451,
        "Koordinat Longitude (X)": 105.2402,
        "Fungsi Bangunan": "Sekolah",
        "Klasifikasi": "Pendidikan",
        "Jumlah Lantai": 1,
        "Material Dominan": "Beton Bertulang",
        "Sistem Stuktur Tampak": "Rangka Beton Bertulang",
        "Tipe Atap": "Pelana",
        "Material Penutup Atap": "Genteng",
        "Dinding Luar": "Bata Plaster",
        "Kondisi Visual": "Baik",
        "Kode Material": "MCF ",
        "Kode Sistem Struktur": "LFINF",
        "Tingkat Keyakinan": "Tinggi",
        "Dokumetasi": null,
        "Kode Fungsi": "F04",
        "Klasifikasi Fungsi": "Pendidikan",
        "KODE MATERIAL": "MCF ",
        "KODE SISTEM STRUKTUR": "LFINF",
        "KODE TIPE ATAP": "RSH2",
        "KODE MATERIAL PENUTUP ATAP": "RMT1",
        "KODE DINDING LUAR": "EWMA",
        "KODE KONDISI VISUAL ": "CV1",
        "JUMLAH LANTAI": "HEX:1",
        "TAKSONOMI": "MCF/LFINF/RSH2/RMT1/EWMA/CV1/HEX:1",
        "KODE SIGKAT": "MCF \\LFINF\\HEX:1",
        "LUAS_M2": 81.8554241835,
        "Koefisien": 1.0,
        "Nilai Exposure": 410914229.40117,
        "Klasifikasi Rentang Exposure": "Rp14.611.983,05 - Rp638.909.581,39",
        "koreksi_koordinat": "TIDAK"
      },
      "geometry": {
        "type": "Point",
        "coordinates": [
          105.2402,
          -5.55451
        ]
      }
    },
    {
      "type": "Feature",
      "properties": {
        "Nomor": 535,
        "NO": 535,
        "ID Bangunan": "SDI-C60-060",
        "Blok": "C",
        "Koordinat Latitude (Y)": -5.55143,
        "Koordinat Longitude (X)": 105.236695,
        "Fungsi Bangunan": "Sekolah",
        "Klasifikasi": "Pendidikan",
        "Jumlah Lantai": 1,
        "Material Dominan": "Pasang Bata",
        "Sistem Stuktur Tampak": "Rangka Beton Bertulang",
        "Tipe Atap": "Pelana",
        "Material Penutup Atap": "Spandek",
        "Dinding Luar": "Bata Plaster",
        "Kondisi Visual": "Baik",
        "Kode Material": "MCF (batu bata bertulang)",
        "Kode Sistem Struktur": "LFINF",
        "Tingkat Keyakinan": "Tinggi",
        "Dokumetasi": null,
        "Kode Fungsi": "F04",
        "Klasifikasi Fungsi": "Pendidikan",
        "KODE MATERIAL": "MCF",
        "KODE SISTEM STRUKTUR": "LFINF",
        "KODE TIPE ATAP": "RSH2",
        "KODE MATERIAL PENUTUP ATAP": "RMT6",
        "KODE DINDING LUAR": "EWMA",
        "KODE KONDISI VISUAL ": "CV1",
        "JUMLAH LANTAI": "HEX:1",
        "TAKSONOMI": "MCF/LFINF/RSH2/RMT6/EWMA/CV1/HEX:1",
        "KODE SIGKAT": "MCF \\LFINF\\HEX:1",
        "LUAS_M2": 353.096756681,
        "Koefisien": 1.0,
        "Nilai Exposure": 1772545718.53862,
        "Klasifikasi Rentang Exposure": "> Rp1.136.724.268,30 - Rp1.856.590.180,23",
        "koreksi_koordinat": "TIDAK"
      },
      "geometry": {
        "type": "Point",
        "coordinates": [
          105.236695,
          -5.55143
        ]
      }
    },
    {
      "type": "Feature",
      "properties": {
        "Nomor": 536,
        "NO": 536,
        "ID Bangunan": "BLOK D (SDI-D68-068)",
        "Blok": "D",
        "Koordinat Latitude (Y)": -5.554434,
        "Koordinat Longitude (X)": 105.240306,
        "Fungsi Bangunan": "Sekolah",
        "Klasifikasi": "Pendidikan",
        "Jumlah Lantai": 1,
        "Material Dominan": "Pasang Bata",
        "Sistem Stuktur Tampak": "Rangka Beton Bertulang",
        "Tipe Atap": "Pelana",
        "Material Penutup Atap": "Genteng",
        "Dinding Luar": "Bata Plaster",
        "Kondisi Visual": "Baik",
        "Kode Material": "MCF (batu bata bertulang)",
        "Kode Sistem Struktur": "LFINF",
        "Tingkat Keyakinan": "Tinggi",
        "Dokumetasi": null,
        "Kode Fungsi": "F04",
        "Klasifikasi Fungsi": "Pendidikan",
        "KODE MATERIAL": "MCF",
        "KODE SISTEM STRUKTUR": "LFINF",
        "KODE TIPE ATAP": "RSH2",
        "KODE MATERIAL PENUTUP ATAP": "RMT1",
        "KODE DINDING LUAR": "EWMA",
        "KODE KONDISI VISUAL ": "CV1",
        "JUMLAH LANTAI": "HEX:1",
        "TAKSONOMI": "MCF/LFINF/RSH2/RMT1/EWMA/CV1/HEX:1",
        "KODE SIGKAT": "MCF \\LFINF\\HEX:1",
        "LUAS_M2": 98.9927489943,
        "Koefisien": 1.0,
        "Nilai Exposure": 496943599.95138603,
        "Klasifikasi Rentang Exposure": "Rp14.611.983,05 - Rp638.909.581,39",
        "koreksi_koordinat": "TIDAK"
      },
      "geometry": {
        "type": "Point",
        "coordinates": [
          105.240306,
          -5.554434
        ]
      }
    },
    {
      "type": "Feature",
      "properties": {
        "Nomor": 537,
        "NO": 537,
        "ID Bangunan": "SD1-B02-002",
        "Blok": "B",
        "Koordinat Latitude (Y)": -5.547055571,
        "Koordinat Longitude (X)": 105.2290977,
        "Fungsi Bangunan": "Fasilitas Kesehatan",
        "Klasifikasi": "Kesehatan",
        "Jumlah Lantai": 1,
        "Material Dominan": "Beton Bertulang",
        "Sistem Stuktur Tampak": "Rangka Beton Bertulang",
        "Tipe Atap": "Pelana",
        "Material Penutup Atap": "Genteng",
        "Dinding Luar": "Bata Plaster",
        "Kondisi Visual": "Baik",
        "Kode Material": "MCF",
        "Kode Sistem Struktur": "LFM",
        "Tingkat Keyakinan": "Tinggi",
        "Dokumetasi": null,
        "Kode Fungsi": "F05",
        "Klasifikasi Fungsi": "Kesehatan",
        "KODE MATERIAL": "MCF ",
        "KODE SISTEM STRUKTUR": "LFM",
        "KODE TIPE ATAP": "RSH2",
        "KODE MATERIAL PENUTUP ATAP": "RMT1",
        "KODE DINDING LUAR": "EWMA",
        "KODE KONDISI VISUAL ": "CV1",
        "JUMLAH LANTAI": "HEX:1",
        "TAKSONOMI": "MCF/LFM/RSH2/RMT1/EWMA/CV1/HEX:1",
        "KODE SIGKAT": "MCF \\LFM\\HEX:1",
        "LUAS_M2": 273.803139077,
        "Koefisien": 1.0,
        "Nilai Exposure": 1374491758.1665401,
        "Klasifikasi Rentang Exposure": "> Rp1.136.724.268,30 - Rp1.856.590.180,23",
        "koreksi_koordinat": "TIDAK"
      },
      "geometry": {
        "type": "Point",
        "coordinates": [
          105.2290977,
          -5.547055571
        ]
      }
    },
    {
      "type": "Feature",
      "properties": {
        "Nomor": 538,
        "NO": 538,
        "ID Bangunan": "SDI-B45-045",
        "Blok": "B",
        "Koordinat Latitude (Y)": -5.547214,
        "Koordinat Longitude (X)": 105.228799,
        "Fungsi Bangunan": "Fasilitas Kesehatan",
        "Klasifikasi": "Kesehatan",
        "Jumlah Lantai": 1,
        "Material Dominan": "Beton Bertulang",
        "Sistem Stuktur Tampak": "Rangka Beton Bertulang",
        "Tipe Atap": "Limasan",
        "Material Penutup Atap": "Genteng",
        "Dinding Luar": "Bata Ekspos",
        "Kondisi Visual": "Baik",
        "Kode Material": "MCF (batu bata bertulang)",
        "Kode Sistem Struktur": "LFINF",
        "Tingkat Keyakinan": "Tinggi",
        "Dokumetasi": null,
        "Kode Fungsi": "F05",
        "Klasifikasi Fungsi": "Kesehatan",
        "KODE MATERIAL": "MCF",
        "KODE SISTEM STRUKTUR": "LFINF",
        "KODE TIPE ATAP": "RSH3",
        "KODE MATERIAL PENUTUP ATAP": "RMT1",
        "KODE DINDING LUAR": "EWMA",
        "KODE KONDISI VISUAL ": "CV1",
        "JUMLAH LANTAI": "HEX:1",
        "TAKSONOMI": "MCF/LFINF/RSH3/RMT1/EWMA/CV1/HEX:1",
        "KODE SIGKAT": "MCF \\LFINF\\HEX:1",
        "LUAS_M2": 111.396225302,
        "Koefisien": 1.09,
        "Nilai Exposure": 609537865.6074836,
        "Klasifikasi Rentang Exposure": "Rp14.611.983,05 - Rp638.909.581,39",
        "koreksi_koordinat": "TIDAK"
      },
      "geometry": {
        "type": "Point",
        "coordinates": [
          105.228799,
          -5.547214
        ]
      }
    },
    {
      "type": "Feature",
      "properties": {
        "Nomor": 539,
        "NO": 539,
        "ID Bangunan": "Blok D (SDI-D87-087)",
        "Blok": "D",
        "Koordinat Latitude (Y)": -5.555206,
        "Koordinat Longitude (X)": 105.240851,
        "Fungsi Bangunan": "Gedung Sekretariat / Bangunan Komunitas",
        "Klasifikasi": "Bangunan Lainnya",
        "Jumlah Lantai": 2,
        "Material Dominan": "Pasang Bata",
        "Sistem Stuktur Tampak": "Rangka Beton Bertulang",
        "Tipe Atap": "Pelana",
        "Material Penutup Atap": "Genteng",
        "Dinding Luar": "Campuran",
        "Kondisi Visual": "Baik",
        "Kode Material": "MCF (batu bata bertulang)",
        "Kode Sistem Struktur": "LFINF",
        "Tingkat Keyakinan": "Tinggi",
        "Dokumetasi": null,
        "Kode Fungsi": "F06",
        "Klasifikasi Fungsi": "Perkantoran dan Pelayanan Umum",
        "KODE MATERIAL": "MCF",
        "KODE SISTEM STRUKTUR": "LFINF",
        "KODE TIPE ATAP": "RSH2",
        "KODE MATERIAL PENUTUP ATAP": "RMT1",
        "KODE DINDING LUAR": "EWO",
        "KODE KONDISI VISUAL ": "CV1",
        "JUMLAH LANTAI": "HEX:2",
        "TAKSONOMI": "MCF/LFINF/RSH2/RMT1/EWO/CV1/HEX:2",
        "KODE SIGKAT": "MCF \\LFINF\\HEX:2",
        "LUAS_M2": 132.781832344,
        "Koefisien": 1.09,
        "Nilai Exposure": 726555630.2198993,
        "Klasifikasi Rentang Exposure": "> Rp638.909.581,39 - Rp1.136.724.268,30",
        "koreksi_koordinat": "TIDAK"
      },
      "geometry": {
        "type": "Point",
        "coordinates": [
          105.240851,
          -5.555206
        ]
      }
    },
    {
      "type": "Feature",
      "properties": {
        "Nomor": 540,
        "NO": 540,
        "ID Bangunan": "SDI-D08-008",
        "Blok": "D",
        "Koordinat Latitude (Y)": -5.55533,
        "Koordinat Longitude (X)": 105.2409,
        "Fungsi Bangunan": "Kantor",
        "Klasifikasi": "Bangunan Lainnya",
        "Jumlah Lantai": 2,
        "Material Dominan": "Beton Bertulang",
        "Sistem Stuktur Tampak": "Rangka Beton Bertulang",
        "Tipe Atap": "Pelana",
        "Material Penutup Atap": "Seng",
        "Dinding Luar": "Bata Plaster",
        "Kondisi Visual": "Baik",
        "Kode Material": "MCF ",
        "Kode Sistem Struktur": "LFINF",
        "Tingkat Keyakinan": "Tinggi",
        "Dokumetasi": null,
        "Kode Fungsi": "F06",
        "Klasifikasi Fungsi": "Perkantoran dan Pelayanan Umum",
        "KODE MATERIAL": "MCF ",
        "KODE SISTEM STRUKTUR": "LFINF",
        "KODE TIPE ATAP": "RSH2",
        "KODE MATERIAL PENUTUP ATAP": "RMT2",
        "KODE DINDING LUAR": "EWMA",
        "KODE KONDISI VISUAL ": "CV1",
        "JUMLAH LANTAI": "HEX:2",
        "TAKSONOMI": "MCF/LFINF/RSH2/RMT2/EWMA/CV1/HEX:2",
        "KODE SIGKAT": "MCF \\LFINF\\HEX:2",
        "LUAS_M2": 401.985605272,
        "Koefisien": 1.0,
        "Nilai Exposure": 2017967738.46544,
        "Klasifikasi Rentang Exposure": "> Rp1.856.590.180,23 - < Rp11.941.713.042,64",
        "koreksi_koordinat": "TIDAK"
      },
      "geometry": {
        "type": "Point",
        "coordinates": [
          105.2409,
          -5.55533
        ]
      }
    },
    {
      "type": "Feature",
      "properties": {
        "Nomor": 541,
        "NO": 541,
        "ID Bangunan": "Blok C (SDI-C87-087)",
        "Blok": "C",
        "Koordinat Latitude (Y)": -5.553774,
        "Koordinat Longitude (X)": 105.23625,
        "Fungsi Bangunan": "Pelayanan Umum",
        "Klasifikasi": "Bangunan Lainnya",
        "Jumlah Lantai": 1,
        "Material Dominan": "Kayu",
        "Sistem Stuktur Tampak": "Rangka Kayu",
        "Tipe Atap": "Pelana",
        "Material Penutup Atap": "Genteng",
        "Dinding Luar": "Kayu",
        "Kondisi Visual": "Baik",
        "Kode Material": "W (kayu)",
        "Kode Sistem Struktur": "LPB",
        "Tingkat Keyakinan": "Tinggi",
        "Dokumetasi": null,
        "Kode Fungsi": "F06",
        "Klasifikasi Fungsi": "Perkantoran dan Pelayanan Umum",
        "KODE MATERIAL": "W",
        "KODE SISTEM STRUKTUR": "LPB",
        "KODE TIPE ATAP": "RSH2",
        "KODE MATERIAL PENUTUP ATAP": "RMT1",
        "KODE DINDING LUAR": "EWW",
        "KODE KONDISI VISUAL ": "CV1",
        "JUMLAH LANTAI": "HEX:1",
        "TAKSONOMI": "W/LPB/RSH2/RMT1/EWW/CV1/HEX:1",
        "KODE SIGKAT": "W \\LPB\\HEX:1",
        "LUAS_M2": 92.4785510323,
        "Koefisien": 1.0,
        "Nilai Exposure": 464242326.182146,
        "Klasifikasi Rentang Exposure": "Rp14.611.983,05 - Rp638.909.581,39",
        "koreksi_koordinat": "TIDAK"
      },
      "geometry": {
        "type": "Point",
        "coordinates": [
          105.23625,
          -5.553774
        ]
      }
    },
    {
      "type": "Feature",
      "properties": {
        "Nomor": 542,
        "NO": 542,
        "ID Bangunan": "SDI-A02-002",
        "Blok": "A",
        "Koordinat Latitude (Y)": -5.545188,
        "Koordinat Longitude (X)": 105.227677,
        "Fungsi Bangunan": "Gudang",
        "Klasifikasi": "Bangunan Lainnya",
        "Jumlah Lantai": 1,
        "Material Dominan": "Kayu",
        "Sistem Stuktur Tampak": "Rangka Kayu",
        "Tipe Atap": "Miring Satu Arah",
        "Material Penutup Atap": "Seng",
        "Dinding Luar": "Kayu",
        "Kondisi Visual": "Sedang",
        "Kode Material": "W ",
        "Kode Sistem Struktur": "LPB",
        "Tingkat Keyakinan": "Tinggi",
        "Dokumetasi": null,
        "Kode Fungsi": "F07",
        "Klasifikasi Fungsi": "Pergudangan",
        "KODE MATERIAL": "W",
        "KODE SISTEM STRUKTUR": "LPB",
        "KODE TIPE ATAP": "RSH5",
        "KODE MATERIAL PENUTUP ATAP": "RMT2",
        "KODE DINDING LUAR": "EWW",
        "KODE KONDISI VISUAL ": "CV2",
        "JUMLAH LANTAI": "HEX:1",
        "TAKSONOMI": "W/LPB/RSH5/RMT2/EWW/CV2/HEX:1",
        "KODE SIGKAT": "W \\LPB\\HEX:1",
        "LUAS_M2": 31.1558868815,
        "Koefisien": 1.09,
        "Nilai Exposure": 170478781.83819172,
        "Klasifikasi Rentang Exposure": "Rp14.611.983,05 - Rp638.909.581,39",
        "koreksi_koordinat": "TIDAK"
      },
      "geometry": {
        "type": "Point",
        "coordinates": [
          105.227677,
          -5.545188
        ]
      }
    },
    {
      "type": "Feature",
      "properties": {
        "Nomor": 543,
        "NO": 543,
        "ID Bangunan": "SDI-A10-010",
        "Blok": "A",
        "Koordinat Latitude (Y)": -5.544944,
        "Koordinat Longitude (X)": 105.226626,
        "Fungsi Bangunan": "Gudang",
        "Klasifikasi": "Bangunan Lainnya",
        "Jumlah Lantai": 2,
        "Material Dominan": "Campuran",
        "Sistem Stuktur Tampak": "Rangka Kayu",
        "Tipe Atap": "Pelana",
        "Material Penutup Atap": "Genteng",
        "Dinding Luar": "Campuran",
        "Kondisi Visual": "Sedang",
        "Kode Material": "MIX",
        "Kode Sistem Struktur": "LFM",
        "Tingkat Keyakinan": "Tinggi",
        "Dokumetasi": null,
        "Kode Fungsi": "F07",
        "Klasifikasi Fungsi": "Pergudangan",
        "KODE MATERIAL": "MIX",
        "KODE SISTEM STRUKTUR": "LFM",
        "KODE TIPE ATAP": "RSH2",
        "KODE MATERIAL PENUTUP ATAP": "RMT1",
        "KODE DINDING LUAR": "EWO",
        "KODE KONDISI VISUAL ": "CV2",
        "JUMLAH LANTAI": "HEX:2",
        "TAKSONOMI": "MIX/LFM/RSH2/RMT1/EWO/CV2/HEX:2",
        "KODE SIGKAT": "MIX \\LFM\\HEX:2",
        "LUAS_M2": 34.4032860763,
        "Koefisien": 1.0,
        "Nilai Exposure": 172704496.103026,
        "Klasifikasi Rentang Exposure": "Rp14.611.983,05 - Rp638.909.581,39",
        "koreksi_koordinat": "TIDAK"
      },
      "geometry": {
        "type": "Point",
        "coordinates": [
          105.226626,
          -5.544944
        ]
      }
    },
    {
      "type": "Feature",
      "properties": {
        "Nomor": 544,
        "NO": 544,
        "ID Bangunan": "SDI-A22-022",
        "Blok": "A",
        "Koordinat Latitude (Y)": -5.544457,
        "Koordinat Longitude (X)": 105.225428,
        "Fungsi Bangunan": "Gudang",
        "Klasifikasi": "Bangunan Lainnya",
        "Jumlah Lantai": 1,
        "Material Dominan": "Kayu",
        "Sistem Stuktur Tampak": "Rangka Kayu",
        "Tipe Atap": "Pelana",
        "Material Penutup Atap": "Asbes",
        "Dinding Luar": "Kayu",
        "Kondisi Visual": "Sedang",
        "Kode Material": "W ",
        "Kode Sistem Struktur": "LFM",
        "Tingkat Keyakinan": "Tinggi",
        "Dokumetasi": null,
        "Kode Fungsi": "F07",
        "Klasifikasi Fungsi": "Pergudangan",
        "KODE MATERIAL": "W",
        "KODE SISTEM STRUKTUR": "LFM",
        "KODE TIPE ATAP": "RSH2",
        "KODE MATERIAL PENUTUP ATAP": "RMT6",
        "KODE DINDING LUAR": "EWW",
        "KODE KONDISI VISUAL ": "CV2",
        "JUMLAH LANTAI": "HEX:1",
        "TAKSONOMI": "W/LFM/RSH2/RMT6/EWW/CV2/HEX:1",
        "KODE SIGKAT": "W \\LFM\\HEX:1",
        "LUAS_M2": 66.8706845051,
        "Koefisien": 1.0,
        "Nilai Exposure": 335690836.215602,
        "Klasifikasi Rentang Exposure": "Rp14.611.983,05 - Rp638.909.581,39",
        "koreksi_koordinat": "TIDAK"
      },
      "geometry": {
        "type": "Point",
        "coordinates": [
          105.225428,
          -5.544457
        ]
      }
    },
    {
      "type": "Feature",
      "properties": {
        "Nomor": 545,
        "NO": 545,
        "ID Bangunan": "SDI-A34-034",
        "Blok": "A",
        "Koordinat Latitude (Y)": -5.544379,
        "Koordinat Longitude (X)": 105.225135,
        "Fungsi Bangunan": "Gudang",
        "Klasifikasi": "Bangunan Lainnya",
        "Jumlah Lantai": 1,
        "Material Dominan": "Pasang Bata",
        "Sistem Stuktur Tampak": "Dinding Pemikul",
        "Tipe Atap": "Pelana",
        "Material Penutup Atap": "Genteng",
        "Dinding Luar": "Bata Ekspos",
        "Kondisi Visual": "Sedang",
        "Kode Material": "MUR",
        "Kode Sistem Struktur": "LWAL",
        "Tingkat Keyakinan": "Tinggi",
        "Dokumetasi": null,
        "Kode Fungsi": "F07",
        "Klasifikasi Fungsi": "Pergudangan",
        "KODE MATERIAL": "MUR",
        "KODE SISTEM STRUKTUR": "LWAL",
        "KODE TIPE ATAP": "RSH2",
        "KODE MATERIAL PENUTUP ATAP": "RMT1",
        "KODE DINDING LUAR": "EWMA",
        "KODE KONDISI VISUAL ": "CV2",
        "JUMLAH LANTAI": "HEX:1",
        "TAKSONOMI": "MUR/LWAL/RSH2/RMT1/EWMA/CV2/HEX:1",
        "KODE SIGKAT": "MUR \\LWAL\\HEX:1",
        "LUAS_M2": 216.244090239,
        "Koefisien": 1.0,
        "Nilai Exposure": 1085545332.99978,
        "Klasifikasi Rentang Exposure": "> Rp638.909.581,39 - Rp1.136.724.268,30",
        "koreksi_koordinat": "TIDAK"
      },
      "geometry": {
        "type": "Point",
        "coordinates": [
          105.225135,
          -5.544379
        ]
      }
    },
    {
      "type": "Feature",
      "properties": {
        "Nomor": 546,
        "NO": 546,
        "ID Bangunan": "SDI-B05-005",
        "Blok": "B",
        "Koordinat Latitude (Y)": -5.550287,
        "Koordinat Longitude (X)": 105.2323244,
        "Fungsi Bangunan": "Gudang",
        "Klasifikasi": "Bangunan Lainnya",
        "Jumlah Lantai": 1,
        "Material Dominan": "Pasang Bata",
        "Sistem Stuktur Tampak": "Dinding Pemikul",
        "Tipe Atap": "Datar (Dak Beton)",
        "Material Penutup Atap": "Beton",
        "Dinding Luar": "Bata Plaster",
        "Kondisi Visual": "Baik",
        "Kode Material": "MUR (batu bata tanpa tulang)",
        "Kode Sistem Struktur": "LWAL",
        "Tingkat Keyakinan": "Tinggi",
        "Dokumetasi": null,
        "Kode Fungsi": "F07",
        "Klasifikasi Fungsi": "Pergudangan",
        "KODE MATERIAL": "MUR",
        "KODE SISTEM STRUKTUR": "LWAL",
        "KODE TIPE ATAP": "RSH1",
        "KODE MATERIAL PENUTUP ATAP": "RMT1",
        "KODE DINDING LUAR": "EWMA",
        "KODE KONDISI VISUAL ": "CV1",
        "JUMLAH LANTAI": "HEX:1",
        "TAKSONOMI": "MUR/LWAL/RSH1/RMT1/EWMA/CV1/HEX:1",
        "KODE SIGKAT": "MUR \\LWAL\\HEX:1",
        "LUAS_M2": 319.529912708,
        "Koefisien": 1.0,
        "Nilai Exposure": 1604040161.79416,
        "Klasifikasi Rentang Exposure": "> Rp1.136.724.268,30 - Rp1.856.590.180,23",
        "koreksi_koordinat": "TIDAK"
      },
      "geometry": {
        "type": "Point",
        "coordinates": [
          105.2323244,
          -5.550287
        ]
      }
    },
    {
      "type": "Feature",
      "properties": {
        "Nomor": 547,
        "NO": 547,
        "ID Bangunan": "Blok D (SDI-D110-110)",
        "Blok": "D",
        "Koordinat Latitude (Y)": -5.55755,
        "Koordinat Longitude (X)": 105.242186,
        "Fungsi Bangunan": "Gudang",
        "Klasifikasi": "Bangunan Lainnya",
        "Jumlah Lantai": 2,
        "Material Dominan": "Pasang Bata",
        "Sistem Stuktur Tampak": "Dinding Pemikul",
        "Tipe Atap": "Pelana",
        "Material Penutup Atap": "Genteng",
        "Dinding Luar": "Bata Plaster",
        "Kondisi Visual": "Rusak Berat",
        "Kode Material": "MUR (batu bata tanpa tulang)",
        "Kode Sistem Struktur": "LWAL",
        "Tingkat Keyakinan": "Tinggi",
        "Dokumetasi": null,
        "Kode Fungsi": "F07",
        "Klasifikasi Fungsi": "Pergudangan",
        "KODE MATERIAL": "MUR",
        "KODE SISTEM STRUKTUR": "LWAL",
        "KODE TIPE ATAP": "RSH2",
        "KODE MATERIAL PENUTUP ATAP": "RMT1",
        "KODE DINDING LUAR": "EWMA",
        "KODE KONDISI VISUAL ": "CV4",
        "JUMLAH LANTAI": "HEX:2",
        "TAKSONOMI": "MUR/LWAL/RSH2/RMT1/EWMA/CV4/HEX:2",
        "KODE SIGKAT": "MUR \\LWAL\\HEX:2",
        "LUAS_M2": 169.647342519,
        "Koefisien": 1.0,
        "Nilai Exposure": 851629659.44538,
        "Klasifikasi Rentang Exposure": "> Rp638.909.581,39 - Rp1.136.724.268,30",
        "koreksi_koordinat": "TIDAK"
      },
      "geometry": {
        "type": "Point",
        "coordinates": [
          105.242186,
          -5.55755
        ]
      }
    },
    {
      "type": "Feature",
      "properties": {
        "Nomor": 548,
        "NO": 548,
        "ID Bangunan": "Blok B (SDI-B95-095)",
        "Blok": "B",
        "Koordinat Latitude (Y)": -5.550714,
        "Koordinat Longitude (X)": 105.232405,
        "Fungsi Bangunan": "Gudang",
        "Klasifikasi": "Bangunan Lainnya",
        "Jumlah Lantai": 1,
        "Material Dominan": "Beton Bertulang",
        "Sistem Stuktur Tampak": "Rangka Beton Bertulang",
        "Tipe Atap": "Pelana",
        "Material Penutup Atap": "Genteng",
        "Dinding Luar": "Beton",
        "Kondisi Visual": "Baik",
        "Kode Material": "CR (balok baja yang di cor beton)",
        "Kode Sistem Struktur": "LFM",
        "Tingkat Keyakinan": "Tinggi",
        "Dokumetasi": null,
        "Kode Fungsi": "F07",
        "Klasifikasi Fungsi": "Pergudangan",
        "KODE MATERIAL": "CR",
        "KODE SISTEM STRUKTUR": "LFM",
        "KODE TIPE ATAP": "RSH2",
        "KODE MATERIAL PENUTUP ATAP": "RMT1",
        "KODE DINDING LUAR": "EWC",
        "KODE KONDISI VISUAL ": "CV1",
        "JUMLAH LANTAI": "HEX:1",
        "TAKSONOMI": "CR/LFM/RSH2/RMT1/EWC/CV1/HEX:1",
        "KODE SIGKAT": "CR \\LFM\\HEX:1",
        "LUAS_M2": 60.4303113611,
        "Koefisien": 1.0,
        "Nilai Exposure": 303360163.032722,
        "Klasifikasi Rentang Exposure": "Rp14.611.983,05 - Rp638.909.581,39",
        "koreksi_koordinat": "TIDAK"
      },
      "geometry": {
        "type": "Point",
        "coordinates": [
          105.232405,
          -5.550714
        ]
      }
    },
    {
      "type": "Feature",
      "properties": {
        "Nomor": 549,
        "NO": 549,
        "ID Bangunan": "Blok A (SDI-A01-064)",
        "Blok": "A",
        "Koordinat Latitude (Y)": -5.544057,
        "Koordinat Longitude (X)": 105.224276,
        "Fungsi Bangunan": "Kandang Kambing",
        "Klasifikasi": "Bangunan Lainnya",
        "Jumlah Lantai": 1,
        "Material Dominan": "Kayu",
        "Sistem Stuktur Tampak": "Rangka Kayu",
        "Tipe Atap": "Pelana",
        "Material Penutup Atap": "Seng",
        "Dinding Luar": "Kayu",
        "Kondisi Visual": "Sedang",
        "Kode Material": "W (kayu)",
        "Kode Sistem Struktur": "LPB",
        "Tingkat Keyakinan": "Tinggi",
        "Dokumetasi": null,
        "Kode Fungsi": "F08",
        "Klasifikasi Fungsi": "Peternakan",
        "KODE MATERIAL": "W",
        "KODE SISTEM STRUKTUR": "LPB",
        "KODE TIPE ATAP": "RSH2",
        "KODE MATERIAL PENUTUP ATAP": "RMT2",
        "KODE DINDING LUAR": "EWW",
        "KODE KONDISI VISUAL ": "CV2",
        "JUMLAH LANTAI": "HEX:1",
        "TAKSONOMI": "W/LPB/RSH2/RMT2/EWW/CV2/HEX:1",
        "KODE SIGKAT": "W \\LPB\\HEX:1",
        "LUAS_M2": 136.145479065,
        "Koefisien": 1.0,
        "Nilai Exposure": 683450304.9063,
        "Klasifikasi Rentang Exposure": "> Rp638.909.581,39 - Rp1.136.724.268,30",
        "koreksi_koordinat": "TIDAK"
      },
      "geometry": {
        "type": "Point",
        "coordinates": [
          105.224276,
          -5.544057
        ]
      }
    },
    {
      "type": "Feature",
      "properties": {
        "Nomor": 550,
        "NO": 550,
        "ID Bangunan": "SDI-A73-073",
        "Blok": "A",
        "Koordinat Latitude (Y)": -5.546416,
        "Koordinat Longitude (X)": 105.227168,
        "Fungsi Bangunan": "Kandang Kambing",
        "Klasifikasi": "Bangunan Lainnya",
        "Jumlah Lantai": 1,
        "Material Dominan": "Kayu",
        "Sistem Stuktur Tampak": "Rangka Kayu",
        "Tipe Atap": "Pelana",
        "Material Penutup Atap": "Asbes",
        "Dinding Luar": "Kayu",
        "Kondisi Visual": "Sedang",
        "Kode Material": "W (kayu)",
        "Kode Sistem Struktur": "LPB",
        "Tingkat Keyakinan": "Tinggi",
        "Dokumetasi": null,
        "Kode Fungsi": "F08",
        "Klasifikasi Fungsi": "Peternakan",
        "KODE MATERIAL": "W",
        "KODE SISTEM STRUKTUR": "LPB",
        "KODE TIPE ATAP": "RSH2",
        "KODE MATERIAL PENUTUP ATAP": "RMT6",
        "KODE DINDING LUAR": "EWW",
        "KODE KONDISI VISUAL ": "CV2",
        "JUMLAH LANTAI": "HEX:1",
        "TAKSONOMI": "W/LPB/RSH2/RMT6/EWW/CV2/HEX:1",
        "KODE SIGKAT": "W \\LPB\\HEX:1",
        "LUAS_M2": 30.7861998534,
        "Koefisien": 1.0,
        "Nilai Exposure": 154546723.264068,
        "Klasifikasi Rentang Exposure": "Rp14.611.983,05 - Rp638.909.581,39",
        "koreksi_koordinat": "TIDAK"
      },
      "geometry": {
        "type": "Point",
        "coordinates": [
          105.227168,
          -5.546416
        ]
      }
    },
    {
      "type": "Feature",
      "properties": {
        "Nomor": 551,
        "NO": 551,
        "ID Bangunan": "SDI-A74-074",
        "Blok": "A",
        "Koordinat Latitude (Y)": -5.546595,
        "Koordinat Longitude (X)": 105.227039,
        "Fungsi Bangunan": "Kandang Kambing",
        "Klasifikasi": "Bangunan Lainnya",
        "Jumlah Lantai": 1,
        "Material Dominan": "Kayu",
        "Sistem Stuktur Tampak": "Rangka Kayu",
        "Tipe Atap": "Pelana",
        "Material Penutup Atap": "Asbes",
        "Dinding Luar": "Kayu",
        "Kondisi Visual": "Rusak Ringan",
        "Kode Material": "W (kayu)",
        "Kode Sistem Struktur": "LPB",
        "Tingkat Keyakinan": "Tinggi",
        "Dokumetasi": null,
        "Kode Fungsi": "F08",
        "Klasifikasi Fungsi": "Peternakan",
        "KODE MATERIAL": "W",
        "KODE SISTEM STRUKTUR": "LPB",
        "KODE TIPE ATAP": "RSH2",
        "KODE MATERIAL PENUTUP ATAP": "RMT6",
        "KODE DINDING LUAR": "EWW",
        "KODE KONDISI VISUAL ": "CV2",
        "JUMLAH LANTAI": "HEX:1",
        "TAKSONOMI": "W/LPB/RSH2/RMT6/EWW/CV2/HEX:1",
        "KODE SIGKAT": "W \\LPB\\HEX:1",
        "LUAS_M2": 27.5318882713,
        "Koefisien": 1.0,
        "Nilai Exposure": 138210079.121926,
        "Klasifikasi Rentang Exposure": "Rp14.611.983,05 - Rp638.909.581,39",
        "koreksi_koordinat": "TIDAK"
      },
      "geometry": {
        "type": "Point",
        "coordinates": [
          105.227039,
          -5.546595
        ]
      }
    },
    {
      "type": "Feature",
      "properties": {
        "Nomor": 552,
        "NO": 552,
        "ID Bangunan": "SDI-A80-080",
        "Blok": "A",
        "Koordinat Latitude (Y)": -5.546816,
        "Koordinat Longitude (X)": 105.22675,
        "Fungsi Bangunan": "Kandang Kambing",
        "Klasifikasi": "Bangunan Lainnya",
        "Jumlah Lantai": 1,
        "Material Dominan": "Kayu",
        "Sistem Stuktur Tampak": "Rangka Kayu",
        "Tipe Atap": "Pelana",
        "Material Penutup Atap": "Asbes",
        "Dinding Luar": "Kayu",
        "Kondisi Visual": "Sedang",
        "Kode Material": "W (kayu)",
        "Kode Sistem Struktur": "LPB",
        "Tingkat Keyakinan": "Tinggi",
        "Dokumetasi": null,
        "Kode Fungsi": "F08",
        "Klasifikasi Fungsi": "Peternakan",
        "KODE MATERIAL": "W",
        "KODE SISTEM STRUKTUR": "LPB",
        "KODE TIPE ATAP": "RSH2",
        "KODE MATERIAL PENUTUP ATAP": "RMT6",
        "KODE DINDING LUAR": "EWW",
        "KODE KONDISI VISUAL ": "CV2",
        "JUMLAH LANTAI": "HEX:1",
        "TAKSONOMI": "W/LPB/RSH2/RMT6/EWW/CV2/HEX:1",
        "KODE SIGKAT": "W \\LPB\\HEX:1",
        "LUAS_M2": 86.1122427213,
        "Koefisien": 1.0,
        "Nilai Exposure": 432283458.46092606,
        "Klasifikasi Rentang Exposure": "Rp14.611.983,05 - Rp638.909.581,39",
        "koreksi_koordinat": "TIDAK"
      },
      "geometry": {
        "type": "Point",
        "coordinates": [
          105.22675,
          -5.546816
        ]
      }
    },
    {
      "type": "Feature",
      "properties": {
        "Nomor": 553,
        "NO": 553,
        "ID Bangunan": "Blok C (SDI-C127-127)",
        "Blok": "C",
        "Koordinat Latitude (Y)": -5.552738,
        "Koordinat Longitude (X)": 105.232483,
        "Fungsi Bangunan": "Kandang Kambing",
        "Klasifikasi": "Bangunan Lainnya",
        "Jumlah Lantai": 1,
        "Material Dominan": "Kayu",
        "Sistem Stuktur Tampak": "Rangka Kayu",
        "Tipe Atap": "Pelana",
        "Material Penutup Atap": "Genteng",
        "Dinding Luar": "Kayu",
        "Kondisi Visual": "Baik",
        "Kode Material": "W (kayu)",
        "Kode Sistem Struktur": "LPB",
        "Tingkat Keyakinan": "Tinggi",
        "Dokumetasi": null,
        "Kode Fungsi": "F08",
        "Klasifikasi Fungsi": "Peternakan",
        "KODE MATERIAL": "W",
        "KODE SISTEM STRUKTUR": "LPB",
        "KODE TIPE ATAP": "RSH2",
        "KODE MATERIAL PENUTUP ATAP": "RMT1",
        "KODE DINDING LUAR": "EWW",
        "KODE KONDISI VISUAL ": "CV1",
        "JUMLAH LANTAI": "HEX:1",
        "TAKSONOMI": "W/LPB/RSH2/RMT1/EWW/CV1/HEX:1",
        "KODE SIGKAT": "W \\LPB\\HEX:1",
        "LUAS_M2": 246.394548688,
        "Koefisien": 1.0,
        "Nilai Exposure": 1236900634.41376,
        "Klasifikasi Rentang Exposure": "> Rp1.136.724.268,30 - Rp1.856.590.180,23",
        "koreksi_koordinat": "TIDAK"
      },
      "geometry": {
        "type": "Point",
        "coordinates": [
          105.232483,
          -5.552738
        ]
      }
    },
    {
      "type": "Feature",
      "properties": {
        "Nomor": 554,
        "NO": 554,
        "ID Bangunan": "Blok C (SDI-C132-132)",
        "Blok": "C",
        "Koordinat Latitude (Y)": -5.552247,
        "Koordinat Longitude (X)": 105.232675,
        "Fungsi Bangunan": "Kandang Kambing",
        "Klasifikasi": "Bangunan Lainnya",
        "Jumlah Lantai": 1,
        "Material Dominan": "Kayu",
        "Sistem Stuktur Tampak": "Rangka Kayu",
        "Tipe Atap": "Pelana",
        "Material Penutup Atap": "Genteng",
        "Dinding Luar": "Kayu",
        "Kondisi Visual": "Baik",
        "Kode Material": "W (kayu)",
        "Kode Sistem Struktur": "LPB",
        "Tingkat Keyakinan": "Tinggi",
        "Dokumetasi": null,
        "Kode Fungsi": "F08",
        "Klasifikasi Fungsi": "Peternakan",
        "KODE MATERIAL": "W",
        "KODE SISTEM STRUKTUR": "LPB",
        "KODE TIPE ATAP": "RSH2",
        "KODE MATERIAL PENUTUP ATAP": "RMT1",
        "KODE DINDING LUAR": "EWW",
        "KODE KONDISI VISUAL ": "CV1",
        "JUMLAH LANTAI": "HEX:1",
        "TAKSONOMI": "W/LPB/RSH2/RMT1/EWW/CV1/HEX:1",
        "KODE SIGKAT": "W \\LPB\\HEX:1",
        "LUAS_M2": 26.2027370863,
        "Koefisien": 1.0,
        "Nilai Exposure": 131537740.173226,
        "Klasifikasi Rentang Exposure": "Rp14.611.983,05 - Rp638.909.581,39",
        "koreksi_koordinat": "TIDAK"
      },
      "geometry": {
        "type": "Point",
        "coordinates": [
          105.232675,
          -5.552247
        ]
      }
    },
    {
      "type": "Feature",
      "properties": {
        "Nomor": 555,
        "NO": 555,
        "ID Bangunan": "SDI-C28-028",
        "Blok": "C",
        "Koordinat Latitude (Y)": -5.551462,
        "Koordinat Longitude (X)": 105.235213,
        "Fungsi Bangunan": "Kandang Ternak",
        "Klasifikasi": "Bangunan Lainnya",
        "Jumlah Lantai": 1,
        "Material Dominan": "Pasang Bata",
        "Sistem Stuktur Tampak": "Dinding Pemikul",
        "Tipe Atap": "Miring Satu Arah",
        "Material Penutup Atap": "Seng",
        "Dinding Luar": "Bata Ekspos",
        "Kondisi Visual": "Sedang",
        "Kode Material": "MUR",
        "Kode Sistem Struktur": "LWAL",
        "Tingkat Keyakinan": "Tinggi",
        "Dokumetasi": null,
        "Kode Fungsi": "F08",
        "Klasifikasi Fungsi": "Peternakan",
        "KODE MATERIAL": "MUR",
        "KODE SISTEM STRUKTUR": "LWAL",
        "KODE TIPE ATAP": "RSH5",
        "KODE MATERIAL PENUTUP ATAP": "RMT2",
        "KODE DINDING LUAR": "EWMA",
        "KODE KONDISI VISUAL ": "CV2",
        "JUMLAH LANTAI": "HEX:1",
        "TAKSONOMI": "MUR/LWAL/RSH5/RMT2/EWMA/CV2/HEX:1",
        "KODE SIGKAT": "MUR \\LWAL\\HEX:1",
        "LUAS_M2": 18.2270675171,
        "Koefisien": 1.0,
        "Nilai Exposure": 91499878.935842,
        "Klasifikasi Rentang Exposure": "Rp14.611.983,05 - Rp638.909.581,39",
        "koreksi_koordinat": "TIDAK"
      },
      "geometry": {
        "type": "Point",
        "coordinates": [
          105.235213,
          -5.551462
        ]
      }
    },
    {
      "type": "Feature",
      "properties": {
        "Nomor": 556,
        "NO": 556,
        "ID Bangunan": "SDI-A38-038",
        "Blok": "A",
        "Koordinat Latitude (Y)": -5.544269,
        "Koordinat Longitude (X)": 105.224992,
        "Fungsi Bangunan": "Kandang ternak",
        "Klasifikasi": "Bangunan Lainnya",
        "Jumlah Lantai": 1,
        "Material Dominan": "Kayu",
        "Sistem Stuktur Tampak": "Rangka Kayu",
        "Tipe Atap": "Pelana",
        "Material Penutup Atap": "Genteng",
        "Dinding Luar": "Kayu",
        "Kondisi Visual": "Rusak Ringan",
        "Kode Material": "W ",
        "Kode Sistem Struktur": "LPB",
        "Tingkat Keyakinan": "Tinggi",
        "Dokumetasi": null,
        "Kode Fungsi": "F08",
        "Klasifikasi Fungsi": "Peternakan",
        "KODE MATERIAL": "W",
        "KODE SISTEM STRUKTUR": "LPB",
        "KODE TIPE ATAP": "RSH2",
        "KODE MATERIAL PENUTUP ATAP": "RMT1",
        "KODE DINDING LUAR": "EWW",
        "KODE KONDISI VISUAL ": "CV2",
        "JUMLAH LANTAI": "HEX:1",
        "TAKSONOMI": "W/LPB/RSH2/RMT1/EWW/CV2/HEX:1",
        "KODE SIGKAT": "W \\LPB\\HEX:1",
        "LUAS_M2": 384.420705218,
        "Koefisien": 1.0,
        "Nilai Exposure": 1929791940.19436,
        "Klasifikasi Rentang Exposure": "> Rp1.856.590.180,23 - < Rp11.941.713.042,64",
        "koreksi_koordinat": "TIDAK"
      },
      "geometry": {
        "type": "Point",
        "coordinates": [
          105.224992,
          -5.544269
        ]
      }
    },
    {
      "type": "Feature",
      "properties": {
        "Nomor": 557,
        "NO": 557,
        "ID Bangunan": "Blok C (SDI-C77-077)",
        "Blok": "C",
        "Koordinat Latitude (Y)": -5.55376,
        "Koordinat Longitude (X)": 105.236104,
        "Fungsi Bangunan": "Peternakan",
        "Klasifikasi": "Bangunan Lainnya",
        "Jumlah Lantai": 1,
        "Material Dominan": "Beton Bertulang",
        "Sistem Stuktur Tampak": "Rangka Beton Bertulang",
        "Tipe Atap": "Limasan",
        "Material Penutup Atap": "Seng",
        "Dinding Luar": "Bata Plaster",
        "Kondisi Visual": "Baik",
        "Kode Material": "MCF (batu bata bertulang)",
        "Kode Sistem Struktur": "LWAL",
        "Tingkat Keyakinan": "Tinggi",
        "Dokumetasi": null,
        "Kode Fungsi": "F08",
        "Klasifikasi Fungsi": "Peternakan",
        "KODE MATERIAL": "MCF",
        "KODE SISTEM STRUKTUR": "LWAL",
        "KODE TIPE ATAP": "RSH3",
        "KODE MATERIAL PENUTUP ATAP": "RMT2",
        "KODE DINDING LUAR": "EWMA",
        "KODE KONDISI VISUAL ": "CV1",
        "JUMLAH LANTAI": "HEX:1",
        "TAKSONOMI": "MCF/LWAL/RSH3/RMT2/EWMA/CV1/HEX:1",
        "KODE SIGKAT": "MCF \\LWAL\\HEX:1",
        "LUAS_M2": 457.063483595,
        "Koefisien": 1.0,
        "Nilai Exposure": 2294458687.6468997,
        "Klasifikasi Rentang Exposure": "> Rp1.856.590.180,23 - < Rp11.941.713.042,64",
        "koreksi_koordinat": "TIDAK"
      },
      "geometry": {
        "type": "Point",
        "coordinates": [
          105.236104,
          -5.55376
        ]
      }
    },
    {
      "type": "Feature",
      "properties": {
        "Nomor": 558,
        "NO": 558,
        "ID Bangunan": "Blok B (SDI-B108-108)",
        "Blok": "B",
        "Koordinat Latitude (Y)": -5.551989,
        "Koordinat Longitude (X)": 105.230707,
        "Fungsi Bangunan": "Pabrik",
        "Klasifikasi": "Bangunan Lainnya",
        "Jumlah Lantai": 1,
        "Material Dominan": "Pasang Bata",
        "Sistem Stuktur Tampak": "Dinding Pemikul",
        "Tipe Atap": "Pelana",
        "Material Penutup Atap": "Genteng",
        "Dinding Luar": "Bata Ekspos",
        "Kondisi Visual": "Baik",
        "Kode Material": "MUR (batu bata tanpa tulang)",
        "Kode Sistem Struktur": "LWAL",
        "Tingkat Keyakinan": "Tinggi",
        "Dokumetasi": null,
        "Kode Fungsi": "F09",
        "Klasifikasi Fungsi": "Industri",
        "KODE MATERIAL": "MUR",
        "KODE SISTEM STRUKTUR": "LWAL",
        "KODE TIPE ATAP": "RSH2",
        "KODE MATERIAL PENUTUP ATAP": "RMT1",
        "KODE DINDING LUAR": "EWMA",
        "KODE KONDISI VISUAL ": "CV1",
        "JUMLAH LANTAI": "HEX:1",
        "TAKSONOMI": "MUR/LWAL/RSH2/RMT1/EWMA/CV1/HEX:1",
        "KODE SIGKAT": "MUR \\LWAL\\HEX:1",
        "LUAS_M2": 7.44078421096,
        "Koefisien": 1.0,
        "Nilai Exposure": 37352736.7390192,
        "Klasifikasi Rentang Exposure": "Rp14.611.983,05 - Rp638.909.581,39",
        "koreksi_koordinat": "TIDAK"
      },
      "geometry": {
        "type": "Point",
        "coordinates": [
          105.230707,
          -5.551989
        ]
      }
    },
    {
      "type": "Feature",
      "properties": {
        "Nomor": 559,
        "NO": 559,
        "ID Bangunan": "Blok A (SDI-A01-063)",
        "Blok": "A",
        "Koordinat Latitude (Y)": -5.544264,
        "Koordinat Longitude (X)": 105.224345,
        "Fungsi Bangunan": "Tandon air beton",
        "Klasifikasi": "Bangunan Lainnya",
        "Jumlah Lantai": 1,
        "Material Dominan": "Pasang Bata",
        "Sistem Stuktur Tampak": "Rangka Beton Bertulang",
        "Tipe Atap": "Datar (Dak Beton)",
        "Material Penutup Atap": "Beton",
        "Dinding Luar": "Bata Plaster",
        "Kondisi Visual": "Sedang",
        "Kode Material": "MCF (batu bata bertulang)",
        "Kode Sistem Struktur": "LFINF",
        "Tingkat Keyakinan": "Tinggi",
        "Dokumetasi": null,
        "Kode Fungsi": "F10",
        "Klasifikasi Fungsi": "Utilitas",
        "KODE MATERIAL": "MCF",
        "KODE SISTEM STRUKTUR": "LFINF",
        "KODE TIPE ATAP": "RSH1",
        "KODE MATERIAL PENUTUP ATAP": "RMT1",
        "KODE DINDING LUAR": "EWMA",
        "KODE KONDISI VISUAL ": "CV2",
        "JUMLAH LANTAI": "HEX:1",
        "TAKSONOMI": "MCF/LFINF/RSH1/RMT1/EWMA/CV2/HEX:1",
        "KODE SIGKAT": "MCF \\LFINF\\HEX:1",
        "LUAS_M2": 13.0711914099,
        "Koefisien": 1.0,
        "Nilai Exposure": 65617380.877698004,
        "Klasifikasi Rentang Exposure": "Rp14.611.983,05 - Rp638.909.581,39",
        "koreksi_koordinat": "TIDAK"
      },
      "geometry": {
        "type": "Point",
        "coordinates": [
          105.224345,
          -5.544264
        ]
      }
    },
    {
      "type": "Feature",
      "properties": {
        "Nomor": 560,
        "NO": 560,
        "ID Bangunan": "SDI-A83-083",
        "Blok": "A",
        "Koordinat Latitude (Y)": -5.548049,
        "Koordinat Longitude (X)": 105.223855,
        "Fungsi Bangunan": "Gazebo",
        "Klasifikasi": "Bangunan Lainnya",
        "Jumlah Lantai": 1,
        "Material Dominan": "Bambu",
        "Sistem Stuktur Tampak": "Rangka Kayu",
        "Tipe Atap": "Pelana",
        "Material Penutup Atap": "Seng",
        "Dinding Luar": "Tidak Terlihat",
        "Kondisi Visual": "Baik",
        "Kode Material": "W (kayu)",
        "Kode Sistem Struktur": "LPB",
        "Tingkat Keyakinan": "Tinggi",
        "Dokumetasi": null,
        "Kode Fungsi": "F11",
        "Klasifikasi Fungsi": "Fasilitas Penunjang",
        "KODE MATERIAL": "W",
        "KODE SISTEM STRUKTUR": "LPB",
        "KODE TIPE ATAP": "RSH2",
        "KODE MATERIAL PENUTUP ATAP": "RMT2",
        "KODE DINDING LUAR": "EW99",
        "KODE KONDISI VISUAL ": "CV1",
        "JUMLAH LANTAI": "HEX:1",
        "TAKSONOMI": "W/LPB/RSH2/RMT2/EW99/CV1/HEX:1",
        "KODE SIGKAT": "W \\LPB\\HEX:1",
        "LUAS_M2": 28.8043879369,
        "Koefisien": 1.0,
        "Nilai Exposure": 144598027.443238,
        "Klasifikasi Rentang Exposure": "Rp14.611.983,05 - Rp638.909.581,39",
        "koreksi_koordinat": "TIDAK"
      },
      "geometry": {
        "type": "Point",
        "coordinates": [
          105.223855,
          -5.548049
        ]
      }
    },
    {
      "type": "Feature",
      "properties": {
        "Nomor": 561,
        "NO": 561,
        "ID Bangunan": "SDI-A84-084",
        "Blok": "A",
        "Koordinat Latitude (Y)": -5.548238,
        "Koordinat Longitude (X)": 105.223759,
        "Fungsi Bangunan": "Gazebo",
        "Klasifikasi": "Bangunan Lainnya",
        "Jumlah Lantai": 1,
        "Material Dominan": "Bambu",
        "Sistem Stuktur Tampak": "Rangka Kayu",
        "Tipe Atap": "Pelana",
        "Material Penutup Atap": "Seng",
        "Dinding Luar": "Tidak Terlihat",
        "Kondisi Visual": "Baik",
        "Kode Material": "W (kayu)",
        "Kode Sistem Struktur": "LPB",
        "Tingkat Keyakinan": "Tinggi",
        "Dokumetasi": null,
        "Kode Fungsi": "F11",
        "Klasifikasi Fungsi": "Fasilitas Penunjang",
        "KODE MATERIAL": "W",
        "KODE SISTEM STRUKTUR": "LPB",
        "KODE TIPE ATAP": "RSH2",
        "KODE MATERIAL PENUTUP ATAP": "RMT2",
        "KODE DINDING LUAR": "EW99",
        "KODE KONDISI VISUAL ": "CV1",
        "JUMLAH LANTAI": "HEX:1",
        "TAKSONOMI": "W/LPB/RSH2/RMT2/EW99/CV1/HEX:1",
        "KODE SIGKAT": "W \\LPB\\HEX:1",
        "LUAS_M2": 77.2400889007,
        "Koefisien": 1.0,
        "Nilai Exposure": 387745246.281514,
        "Klasifikasi Rentang Exposure": "Rp14.611.983,05 - Rp638.909.581,39",
        "koreksi_koordinat": "TIDAK"
      },
      "geometry": {
        "type": "Point",
        "coordinates": [
          105.223759,
          -5.548238
        ]
      }
    },
    {
      "type": "Feature",
      "properties": {
        "Nomor": 562,
        "NO": 562,
        "ID Bangunan": "SDI-C62-062",
        "Blok": "C",
        "Koordinat Latitude (Y)": -5.55155,
        "Koordinat Longitude (X)": 105.236847,
        "Fungsi Bangunan": "Parkiran motor",
        "Klasifikasi": "Perdagangan dan Jasa",
        "Jumlah Lantai": 1,
        "Material Dominan": "Baja",
        "Sistem Stuktur Tampak": "Rangka Baja",
        "Tipe Atap": "Pelana",
        "Material Penutup Atap": "Spandek",
        "Dinding Luar": "Tidak Terlihat",
        "Kondisi Visual": "Baik",
        "Kode Material": "S (baja)",
        "Kode Sistem Struktur": "LFM",
        "Tingkat Keyakinan": "Tinggi",
        "Dokumetasi": null,
        "Kode Fungsi": "F11",
        "Klasifikasi Fungsi": "Fasilitas Penunjang",
        "KODE MATERIAL": "S",
        "KODE SISTEM STRUKTUR": "LFM",
        "KODE TIPE ATAP": "RSH2",
        "KODE MATERIAL PENUTUP ATAP": "RMT6",
        "KODE DINDING LUAR": "EW99",
        "KODE KONDISI VISUAL ": "CV1",
        "JUMLAH LANTAI": "HEX:1",
        "TAKSONOMI": "S/LFM/RSH2/RMT6/EW99/CV1/HEX:1",
        "KODE SIGKAT": "S \\LFM\\HEX:1",
        "LUAS_M2": 110.249116591,
        "Koefisien": 1.0,
        "Nilai Exposure": 553450565.28682,
        "Klasifikasi Rentang Exposure": "Rp14.611.983,05 - Rp638.909.581,39",
        "koreksi_koordinat": "TIDAK"
      },
      "geometry": {
        "type": "Point",
        "coordinates": [
          105.236847,
          -5.55155
        ]
      }
    },
    {
      "type": "Feature",
      "properties": {
        "Nomor": 563,
        "NO": 563,
        "ID Bangunan": "SDI-C51-051",
        "Blok": "C",
        "Koordinat Latitude (Y)": -5.552244,
        "Koordinat Longitude (X)": 105.236773,
        "Fungsi Bangunan": "Rumah Kosong Hancur",
        "Klasifikasi": "Hunian",
        "Jumlah Lantai": 1,
        "Material Dominan": "Pasang Bata",
        "Sistem Stuktur Tampak": "Rangka Beton Bertulang",
        "Tipe Atap": "Tidak Terlihat",
        "Material Penutup Atap": "Tidak ada",
        "Dinding Luar": "Campuran",
        "Kondisi Visual": "Rusak Berat",
        "Kode Material": "MCF (batu bata bertulang)",
        "Kode Sistem Struktur": "LFINF",
        "Tingkat Keyakinan": "Tinggi",
        "Dokumetasi": null,
        "Kode Fungsi": "F12",
        "Klasifikasi Fungsi": "Bangunan Kosong/Rusak",
        "KODE MATERIAL": "MCF",
        "KODE SISTEM STRUKTUR": "LFINF",
        "KODE TIPE ATAP": "RSH99",
        "KODE MATERIAL PENUTUP ATAP": "RMT99",
        "KODE DINDING LUAR": "EWO",
        "KODE KONDISI VISUAL ": "CV4",
        "JUMLAH LANTAI": "HEX:1",
        "TAKSONOMI": "MCF/LFINF/RSH99/RMT99/EWO/CV4/HEX:1",
        "KODE SIGKAT": "MCF \\LFINF\\HEX:1",
        "LUAS_M2": 28.7300266863,
        "Koefisien": 1.0,
        "Nilai Exposure": 144224733.965226,
        "Klasifikasi Rentang Exposure": "Rp14.611.983,05 - Rp638.909.581,39",
        "koreksi_koordinat": "TIDAK"
      },
      "geometry": {
        "type": "Point",
        "coordinates": [
          105.236773,
          -5.552244
        ]
      }
    }
  ]
}